$GNGGA,000002.63,,,,,0,00,,,M,,M,,*51
$GNRMC,000002.63,V,,,,,,,,,,N,V*1E
$GNGLL,,,,,000002.63,V,N*53
$GNGNS,000002.63,,,,,A,00,,,,,,V*41
$GNGSA,A,,,,,,,,,,,,,,,,,1*2C
$GNGSA,A,,,,,,,,,,,,,,,,,3*2E
$GNGSA,A,,,,,,,,,,,,,,,,,4*29
$GPGSV,1,1,00,,,,,,,,,,,,,,,,,8*6D
$GAGSV,1,1,00,,,,,,,,,,,,,,,,,1*75
$GAGSV,1,1,00,,,,,,,,,,,,,,,,,2*76
$GAGSV,1,1,00,,,,,,,,,,,,,,,,,3*77
$GBGSV,1,1,00,,,,,,,,,,,,,,,,,5*72
$GNGGA,000003.14,,,,,0,00,,,M,,M,,*50
$GNRMC,000003.14,V,,,,,,,,,,N,V*1F
$GNGLL,,,,,000003.14,V,N*52
$GNGNS,000003.14,,,,,A,00,,,,,,V*40
$GNGSA,A,,,,,,,,,,,,,,,,,1*2C
$GNGSA,A,,,,,,,,,,,,,,,,,3*2E
$GNGSA,A,,,,,,,,,,,,,,,,,4*29
$GPGSV,1,1,00,,,,,,,,,,,,,,,,,8*6D
$GAGSV,1,1,00,,,,,,,,,,,,,,,,,1*75
$GAGSV,1,1,00,,,,,,,,,,,,,,,,,2*76
$GAGSV,1,1,00,,,,,,,,,,,,,,,,,3*77
$GBGSV,1,1,01,11,,,44,,,,,,,,,,,,,5*73
$GNGGA,000004.14,,,,,0,00,,,M,,M,,*57
$GNRMC,000004.14,V,,,,,,,,,,N,V*18
$GNGLL,,,,,000004.14,V,N*55
$GNGNS,000004.14,,,,,A,00,,,,,,V*47
$GNGSA,A,,,,,,,,,,,,,,,,,1*2C
$GNGSA,A,,,,,,,,,,,,,,,,,3*2E
$GNGSA,A,,,,,,,,,,,,,,,,,4*29
$GPGSV,1,1,00,,,,,,,,,,,,,,,,,8*6D
$GAGSV,1,1,00,,,,,,,,,,,,,,,,,1*75
$GAGSV,1,1,00,,,,,,,,,,,,,,,,,2*76
$GAGSV,1,1,00,,,,,,,,,,,,,,,,,3*77
$GBGSV,2,1,06,11,,,44,27,,,46,29,,,44,30,,,47,5*7B
$GBGSV,2,2,06,39,,,42,40,,,48,,,,,,,,,5*70
$GNGGA,000005.14,,,,,0,00,,,M,,M,,*56
$GNRMC,000005.14,V,,,,,,,,,,N,V*19
$GNGLL,,,,,000005.14,V,N*54
$GNGNS,000005.14,,,,,A,00,,,,,,V*46
$GNGSA,A,,,,,,,,,,,,,,,,,1*2C
$GNGSA,A,,,,,,,,,,,,,,,,,3*2E
$GNGSA,A,,,,,,,,,,,,,,,,,4*29
$GPGSV,1,1,00,,,,,,,,,,,,,,,,,8*6D
$GAGSV,1,1,00,,,,,,,,,,,,,,,,,1*75
$GAGSV,1,1,00,,,,,,,,,,,,,,,,,2*76
$GAGSV,1,1,00,,,,,,,,,,,,,,,,,3*77
$GBGSV,2,1,08,11,,,44,27,,,47,29,,,44,30,,,47,5*74
$GBGSV,2,2,08,36,,,49,39,,,42,40,,,48,41,,,39,5*79
$GNGGA,000006.14,,,,,0,00,,,M,,M,,*55
$GNRMC,000006.14,V,,,,,,,,,,N,V*1A
$GNGLL,,,,,000006.14,V,N*57
$GNGNS,000006.14,,,,,A,00,,,,,,V*45
$GNGSA,A,,,,,,,,,,,,,,,,,1*2C
$GNGSA,A,,,,,,,,,,,,,,,,,3*2E
$GNGSA,A,,,,,,,,,,,,,,,,,4*29
$GPGSV,1,1,00,,,,,,,,,,,,,,,,,8*6D
$GAGSV,1,1,00,,,,,,,,,,,,,,,,,1*75
$GAGSV,1,1,00,,,,,,,,,,,,,,,,,2*76
$GAGSV,1,1,00,,,,,,,,,,,,,,,,,3*77
$GBGSV,2,1,08,11,,,44,27,,,46,29,,,44,30,,,47,5*75
$GBGSV,2,2,08,36,,,49,39,,,42,40,,,48,41,,,39,5*79
$GNGGA,000007.14,,,,,0,00,,,M,,M,,*54
$GNRMC,000007.14,V,,,,,,,,,,N,V*1B
$GNGLL,,,,,000007.14,V,N*56
$GNGNS,000007.14,,,,,A,00,,,,,,V*44
$GNGSA,A,,,,,,,,,,,,,,,,,1*2C
$GNGSA,A,,,,,,,,,,,,,,,,,3*2E
$GNGSA,A,,,,,,,,,,,,,,,,,4*29
$GPGSV,1,1,00,,,,,,,,,,,,,,,,,8*6D
$GAGSV,1,1,00,,,,,,,,,,,,,,,,,1*75
$GAGSV,1,1,00,,,,,,,,,,,,,,,,,2*76
$GAGSV,1,1,00,,,,,,,,,,,,,,,,,3*77
$GBGSV,2,1,08,11,,,44,27,,,46,29,,,44,30,,,47,5*75
$GBGSV,2,2,08,36,,,49,39,,,42,40,,,48,41,,,39,5*79
$GNGGA,000008.14,,,,,0,00,,,M,,M,,*5B
$GNRMC,000008.14,V,,,,,,,,,,N,V*14
$GNGLL,,,,,000008.14,V,N*59
$GNGNS,000008.14,,,,,A,00,,,,,,V*4B
$GNGSA,A,,,,,,,,,,,,,,,,,1*2C
$GNGSA,A,,,,,,,,,,,,,,,,,3*2E
$GNGSA,A,,,,,,,,,,,,,,,,,4*29
$GPGSV,1,1,00,,,,,,,,,,,,,,,,,8*6D
$GAGSV,1,1,00,,,,,,,,,,,,,,,,,1*75
$GAGSV,1,1,00,,,,,,,,,,,,,,,,,2*76
$GAGSV,1,1,00,,,,,,,,,,,,,,,,,3*77
$GBGSV,2,1,08,11,,,44,27,,,46,29,,,44,30,,,47,5*75
$GBGSV,2,2,08,36,,,49,39,,,42,40,,,48,41,,,40,5*77
$GNGGA,000009.14,,,,,0,00,,,M,,M,,*5A
$GNRMC,000009.14,V,,,,,,,,,,N,V*15
$GNGLL,,,,,000009.14,V,N*58
$GNGNS,000009.14,,,,,A,00,,,,,,V*4A
$GNGSA,A,,,,,,,,,,,,,,,,,1*2C
$GNGSA,A,,,,,,,,,,,,,,,,,3*2E
$GNGSA,A,,,,,,,,,,,,,,,,,4*29
$GPGSV,1,1,00,,,,,,,,,,,,,,,,,8*6D
$GAGSV,1,1,00,,,,,,,,,,,,,,,,,1*75
$GAGSV,1,1,00,,,,,,,,,,,,,,,,,2*76
$GAGSV,1,1,00,,,,,,,,,,,,,,,,,3*77
$GBGSV,2,1,08,11,,,44,27,,,46,29,,,44,30,,,47,5*75
$GBGSV,2,2,08,36,,,49,39,,,42,40,,,48,41,,,40,5*77
$GNGGA,000010.14,,,,,0,00,,,M,,M,,*52
$GNRMC,000010.14,V,,,,,,,,,,N,V*1D
$GNGLL,,,,,000010.14,V,N*50
$GNGNS,000010.14,,,,,A,00,,,,,,V*42
$GNGSA,A,,,,,,,,,,,,,,,,,1*2C
$GNGSA,A,,,,,,,,,,,,,,,,,3*2E
$GNGSA,A,,,,,,,,,,,,,,,,,4*29
$GPGSV,1,1,00,,,,,,,,,,,,,,,,,8*6D
$GAGSV,1,1,00,,,,,,,,,,,,,,,,,1*75
$GAGSV,1,1,00,,,,,,,,,,,,,,,,,2*76
$GAGSV,1,1,00,,,,,,,,,,,,,,,,,3*77
$GBGSV,2,1,08,11,,,44,27,,,46,29,,,44,30,,,47,5*75
$GBGSV,2,2,08,36,,,50,39,,,43,40,,,48,41,,,40,5*7E
$GNGGA,000011.14,,,,,0,00,,,M,,M,,*53
$GNRMC,000011.14,V,,,,,,,,,,N,V*1C
$GNGLL,,,,,000011.14,V,N*51
$GNGNS,000011.14,,,,,A,00,,,,,,V*43
$GNGSA,A,,,,,,,,,,,,,,,,,1*2C
$GNGSA,A,,,,,,,,,,,,,,,,,3*2E
$GNGSA,A,,,,,,,,,,,,,,,,,4*29
$GPGSV,1,1,00,,,,,,,,,,,,,,,,,8*6D
$GAGSV,1,1,00,,,,,,,,,,,,,,,,,1*75
$GAGSV,1,1,00,,,,,,,,,,,,,,,,,2*76
$GAGSV,1,1,00,,,,,,,,,,,,,,,,,3*77
$GBGSV,2,1,08,11,,,44,27,,,47,29,,,44,30,,,47,5*74
$GBGSV,2,2,08,36,,,50,39,,,42,40,,,48,41,,,40,5*7F
$GNGGA,000012.14,,,,,0,00,,,M,,M,,*50
$GNRMC,000012.14,V,,,,,,,,,,N,V*1F
$GNGLL,,,,,000012.14,V,N*52
$GNGNS,000012.14,,,,,A,00,,,,,,V*40
$GNGSA,A,,,,,,,,,,,,,,,,,1*2C
$GNGSA,A,,,,,,,,,,,,,,,,,3*2E
$GNGSA,A,,,,,,,,,,,,,,,,,4*29
$GPGSV,1,1,00,,,,,,,,,,,,,,,,,8*6D
$GAGSV,1,1,00,,,,,,,,,,,,,,,,,1*75
$GAGSV,1,1,00,,,,,,,,,,,,,,,,,2*76
$GAGSV,1,1,00,,,,,,,,,,,,,,,,,3*77
$GBGSV,2,1,08,11,,,44,27,,,47,29,,,44,30,,,47,5*74
$GBGSV,2,2,08,36,,,50,39,,,42,40,,,48,41,,,40,5*7F
$GNGGA,000013.14,,,,,0,00,,,M,,M,,*51
$GNRMC,000013.14,V,,,,,,,,,,N,V*1E
$GNGLL,,,,,000013.14,V,N*53
$GNGNS,000013.14,,,,,A,00,,,,,,V*41
$GNGSA,A,,,,,,,,,,,,,,,,,1*2C
$GNGSA,A,,,,,,,,,,,,,,,,,3*2E
$GNGSA,A,,,,,,,,,,,,,,,,,4*29
$GPGSV,1,1,00,,,,,,,,,,,,,,,,,8*6D
$GAGSV,1,1,00,,,,,,,,,,,,,,,,,1*75
$GAGSV,1,1,00,,,,,,,,,,,,,,,,,2*76
$GAGSV,1,1,00,,,,,,,,,,,,,,,,,3*77
$GBGSV,2,1,08,11,,,44,27,,,47,29,,,44,30,,,47,5*74
$GBGSV,2,2,08,36,,,50,39,,,43,40,,,48,41,,,40,5*7E
$GNGGA,000014.14,,,,,0,00,,,M,,M,,*56
$GNRMC,000014.14,V,,,,,,,,,,N,V*19
$GNGLL,,,,,000014.14,V,N*54
$GNGNS,000014.14,,,,,A,00,,,,,,V*46
$GNGSA,A,,,,,,,,,,,,,,,,,1*2C
$GNGSA,A,,,,,,,,,,,,,,,,,3*2E
$GNGSA,A,,,,,,,,,,,,,,,,,4*29
$GPGSV,1,1,00,,,,,,,,,,,,,,,,,8*6D
$GAGSV,1,1,00,,,,,,,,,,,,,,,,,1*75
$GAGSV,1,1,00,,,,,,,,,,,,,,,,,2*76
$GAGSV,1,1,00,,,,,,,,,,,,,,,,,3*77
$GBGSV,2,1,08,11,,,44,27,,,47,29,,,44,30,,,47,5*74
$GBGSV,2,2,08,36,,,49,39,,,42,40,,,48,41,,,40,5*77
$GNGGA,000015.14,,,,,0,00,,,M,,M,,*57
$GNRMC,000015.14,V,,,,,,,,,,N,V*18
$GNGLL,,,,,000015.14,V,N*55
$GNGNS,000015.14,,,,,A,00,,,,,,V*47
$GNGSA,A,,,,,,,,,,,,,,,,,1*2C
$GNGSA,A,,,,,,,,,,,,,,,,,3*2E
$GNGSA,A,,,,,,,,,,,,,,,,,4*29
$GPGSV,1,1,00,,,,,,,,,,,,,,,,,8*6D
$GAGSV,1,1,00,,,,,,,,,,,,,,,,,1*75
$GAGSV,1,1,00,,,,,,,,,,,,,,,,,2*76
$GAGSV,1,1,00,,,,,,,,,,,,,,,,,3*77
$GBGSV,2,1,08,11,,,44,27,,,47,29,,,44,30,,,47,5*74
$GBGSV,2,2,08,36,,,50,39,,,43,40,,,48,41,,,40,5*7E
$GNGGA,000016.14,,,,,0,00,,,M,,M,,*54
$GNRMC,000016.14,V,,,,,,,,,,N,V*1B
$GNGLL,,,,,000016.14,V,N*56
$GNGNS,000016.14,,,,,A,00,,,,,,V*44
$GNGSA,A,,,,,,,,,,,,,,,,,1*2C
$GNGSA,A,,,,,,,,,,,,,,,,,3*2E
$GNGSA,A,,,,,,,,,,,,,,,,,4*29
$GPGSV,1,1,00,,,,,,,,,,,,,,,,,8*6D
$GAGSV,1,1,00,,,,,,,,,,,,,,,,,1*75
$GAGSV,1,1,00,,,,,,,,,,,,,,,,,2*76
$GAGSV,1,1,00,,,,,,,,,,,,,,,,,3*77
$GBGSV,2,1,08,11,,,45,27,,,46,29,,,44,30,,,47,5*74
$GBGSV,2,2,08,36,,,50,39,,,43,40,,,48,41,,,40,5*7E
$GNGGA,115558.86,,,,,0,00,,,M,,M,,*55
$GNRMC,115558.86,V,,,,,,,,,,N,V*1A
$GNGLL,,,,,115558.86,V,N*57
$GNGNS,115558.86,,,,,A,00,,,,,,V*45
$GNGSA,A,,,,,,,,,,,,,,,,,1*2C
$GNGSA,A,,,,,,,,,,,,,,,,,3*2E
$GNGSA,A,,,,,,,,,,,,,,,,,4*29
$GPGSV,1,1,00,,,,,,,,,,,,,,,,,8*6D
$GAGSV,1,1,00,,,,,,,,,,,,,,,,,1*75
$GAGSV,1,1,00,,,,,,,,,,,,,,,,,2*76
$GAGSV,1,1,00,,,,,,,,,,,,,,,,,3*77
$GBGSV,2,1,08,11,,,44,27,,,47,29,,,44,30,,,47,5*74
$GBGSV,2,2,08,36,,,49,39,,,43,40,,,48,41,,,40,5*76
$GNGGA,115559.86,,,,,0,00,,,M,,M,,*54
$GNRMC,115559.86,V,,,,,,,,,,N,V*1B
$GNGLL,,,,,115559.86,V,N*56
$GNGNS,115559.86,,,,,A,00,,,,,,V*44
$GNGSA,A,,,,,,,,,,,,,,,,,1*2C
$GNGSA,A,,,,,,,,,,,,,,,,,3*2E
$GNGSA,A,,,,,,,,,,,,,,,,,4*29
$GPGSV,1,1,00,,,,,,,,,,,,,,,,,8*6D
$GAGSV,1,1,00,,,,,,,,,,,,,,,,,1*75
$GAGSV,1,1,00,,,,,,,,,,,,,,,,,2*76
$GAGSV,1,1,00,,,,,,,,,,,,,,,,,3*77
$GBGSV,2,1,08,11,,,44,27,,,47,29,,,45,30,,,47,5*75
$GBGSV,2,2,08,36,,,50,39,,,43,40,,,48,41,,,40,5*7E
$GNGGA,115600.86,,,,,0,00,,,M,,M,,*5B
$GNRMC,115600.86,V,,,,,,,,,,N,V*14
$GNGLL,,,,,115600.86,V,N*59
$GNGNS,115600.86,,,,,A,00,,,,,,V*4B
$GNGSA,A,,,,,,,,,,,,,,,,,1*2C
$GNGSA,A,,,,,,,,,,,,,,,,,3*2E
$GNGSA,A,,,,,,,,,,,,,,,,,4*29
$GPGSV,1,1,00,,,,,,,,,,,,,,,,,8*6D
$GAGSV,1,1,00,,,,,,,,,,,,,,,,,1*75
$GAGSV,1,1,00,,,,,,,,,,,,,,,,,2*76
$GAGSV,1,1,00,,,,,,,,,,,,,,,,,3*77
$GBGSV,2,1,08,11,,,45,27,,,47,29,,,44,30,,,47,5*75
$GBGSV,2,2,08,36,,,49,39,,,43,40,,,48,41,,,41,5*77
$GNGGA,115601.87,3724.55262,N,12159.39577,W,1,08,1.1,11.3,M,-31.6,M,,*7A
$GNRMC,115601.87,A,3724.55262,N,12159.39577,W,0.1,0.0,160726,,,A,U*26
$GNGLL,3724.55262,N,12159.39577,W,115601.87,A,A*6D
$GNGNS,115601.87,3724.55262,N,12159.39577,W,A,08,1.1,11.3,-31.6,,,U*68
$GNGSA,A,3,,,,,,,,,,,,,1.8,1.1,1.4,1*3D
$GNGSA,A,3,,,,,,,,,,,,,1.8,1.1,1.4,3*3F
$GNGSA,A,3,11,27,29,30,36,39,40,41,,,,,1.8,1.1,1.4,4*3B
$GPGSV,1,1,00,,,,,,,,,,,,,,,,,8*6D
$GAGSV,1,1,00,,,,,,,,,,,,,,,,,1*75
$GAGSV,1,1,00,,,,,,,,,,,,,,,,,2*76
$GAGSV,1,1,00,,,,,,,,,,,,,,,,,3*77
$GBGSV,3,1,09,11,50,252,45,27,37,049,47,28,28,247,,29,28,247,44,5*76
$GBGSV,3,2,09,30,76,296,47,36,63,284,50,39,18,317,43,40,48,167,48,5*78
$GBGSV,3,3,09,41,03,076,40,,,,,,,,,,,,,5*48
$GNGGA,115602.87,3724.55245,N,12159.39552,W,1,08,1.1,10.9,M,-31.6,M,,*70
$GNRMC,115602.87,A,3724.55245,N,12159.39552,W,0.1,0.0,160726,,,A,U*27
$GNGLL,3724.55245,N,12159.39552,W,115602.87,A,A*6C
$GNGNS,115602.87,3724.55245,N,12159.39552,W,A,08,1.1,10.9,-31.6,,,U*62
$GNGSA,A,3,,,,,,,,,,,,,1.8,1.1,1.4,1*3D
$GNGSA,A,3,,,,,,,,,,,,,1.8,1.1,1.4,3*3F
$GNGSA,A,3,11,27,29,30,36,39,40,41,,,,,1.8,1.1,1.4,4*3B
$GPGSV,1,1,00,,,,,,,,,,,,,,,,,8*6D
$GAGSV,1,1,00,,,,,,,,,,,,,,,,,1*75
$GAGSV,1,1,00,,,,,,,,,,,,,,,,,2*76
$GAGSV,1,1,00,,,,,,,,,,,,,,,,,3*77
$GBGSV,3,1,09,11,50,252,45,27,37,049,47,28,28,247,,29,28,247,44,5*76
$GBGSV,3,2,09,30,76,296,47,36,63,284,50,39,18,317,43,40,48,167,48,5*78
$GBGSV,3,3,09,41,03,076,40,,,,,,,,,,,,,5*48
$GNGGA,115603.87,3724.55251,N,12159.39578,W,1,08,1.1,10.8,M,-31.6,M,,*7D
$GNRMC,115603.87,A,3724.55251,N,12159.39578,W,0.1,0.0,160726,,,A,U*2B
$GNGLL,3724.55251,N,12159.39578,W,115603.87,A,A*60
$GNGNS,115603.87,3724.55251,N,12159.39578,W,A,08,1.1,10.8,-31.6,,,U*6F
$GNGSA,A,3,,,,,,,,,,,,,1.8,1.1,1.4,1*3D
$GNGSA,A,3,,,,,,,,,,,,,1.8,1.1,1.4,3*3F
$GNGSA,A,3,11,27,29,30,36,39,40,41,,,,,1.8,1.1,1.4,4*3B
$GPGSV,1,1,00,,,,,,,,,,,,,,,,,8*6D
$GAGSV,1,1,00,,,,,,,,,,,,,,,,,1*75
$GAGSV,1,1,00,,,,,,,,,,,,,,,,,2*76
$GAGSV,1,1,00,,,,,,,,,,,,,,,,,3*77
$GBGSV,3,1,09,11,50,252,44,27,37,049,47,28,28,247,,29,28,247,45,5*76
$GBGSV,3,2,09,30,76,296,47,36,63,284,50,39,18,317,43,40,48,167,48,5*78
$GBGSV,3,3,09,41,03,076,41,,,,,,,,,,,,,5*49
$GNGGA,115604.87,3724.55271,N,12159.39567,W,1,08,1.1,8.6,M,-31.6,M,,*41
$GNRMC,115604.87,A,3724.55271,N,12159.39567,W,0.1,0.0,160726,,,A,U*20
$GNGLL,3724.55271,N,12159.39567,W,115604.87,A,A*6B
$GNGNS,115604.87,3724.55271,N,12159.39567,W,A,08,1.1,8.6,-31.6,,,U*53
$GNGSA,A,3,,,,,,,,,,,,,1.8,1.1,1.4,1*3D
$GNGSA,A,3,,,,,,,,,,,,,1.8,1.1,1.4,3*3F
$GNGSA,A,3,11,27,29,30,36,39,40,41,,,,,1.8,1.1,1.4,4*3B
$GPGSV,1,1,00,,,,,,,,,,,,,,,,,8*6D
$GAGSV,1,1,00,,,,,,,,,,,,,,,,,1*75
$GAGSV,1,1,00,,,,,,,,,,,,,,,,,2*76
$GAGSV,1,1,00,,,,,,,,,,,,,,,,,3*77
$GBGSV,3,1,09,11,50,252,45,27,37,049,47,28,28,247,,29,28,247,45,5*77
$GBGSV,3,2,09,30,76,296,47,36,63,284,50,39,18,317,43,40,48,167,48,5*78
$GBGSV,3,3,09,41,03,076,41,,,,,,,,,,,,,5*49
$GNGGA,115605.87,3724.55282,N,12159.39563,W,1,08,1.1,7.6,M,-31.6,M,,*47
$GNRMC,115605.87,A,3724.55282,N,12159.39563,W,0.0,0.0,160726,,,A,U*28
$GNGLL,3724.55282,N,12159.39563,W,115605.87,A,A*62
$GNGNS,115605.87,3724.55282,N,12159.39563,W,A,08,1.1,7.6,-31.6,,,U*55
$GNGSA,A,3,,,,,,,,,,,,,1.8,1.1,1.4,1*3D
$GNGSA,A,3,,,,,,,,,,,,,1.8,1.1,1.4,3*3F
$GNGSA,A,3,11,27,29,30,36,39,40,41,,,,,1.8,1.1,1.4,4*3B
$GPGSV,1,1,00,,,,,,,,,,,,,,,,,8*6D
$GAGSV,1,1,00,,,,,,,,,,,,,,,,,1*75
$GAGSV,1,1,00,,,,,,,,,,,,,,,,,2*76
$GAGSV,1,1,00,,,,,,,,,,,,,,,,,3*77
$GBGSV,3,1,09,11,50,252,45,27,37,049,47,28,28,247,,29,28,247,45,5*77
$GBGSV,3,2,09,30,76,297,47,36,63,284,50,39,18,317,43,40,48,167,48,5*79
$GBGSV,3,3,09,41,03,076,41,,,,,,,,,,,,,5*49
$GNGGA,115606.87,3724.55288,N,12159.39555,W,1,08,1.1,6.9,M,-31.6,M,,*45
$GNRMC,115606.87,A,3724.55288,N,12159.39555,W,0.1,59.4,160726,,,A,U*1D
$GNGLL,3724.55288,N,12159.39555,W,115606.87,A,A*6E
$GNGNS,115606.87,3724.55288,N,12159.39555,W,A,08,1.1,6.9,-31.6,,,U*57
$GNGSA,A,3,,,,,,,,,,,,,1.8,1.1,1.4,1*3D
$GNGSA,A,3,,,,,,,,,,,,,1.8,1.1,1.4,3*3F
$GNGSA,A,3,11,27,29,30,36,39,40,41,,,,,1.8,1.1,1.4,4*3B
$GPGSV,1,1,00,,,,,,,,,,,,,,,,,8*6D
$GAGSV,1,1,00,,,,,,,,,,,,,,,,,1*75
$GAGSV,1,1,00,,,,,,,,,,,,,,,,,2*76
$GAGSV,1,1,00,,,,,,,,,,,,,,,,,3*77
$GBGSV,3,1,09,11,50,252,45,27,37,049,47,28,28,247,,29,28,247,45,5*77
$GBGSV,3,2,09,30,76,297,47,36,63,284,50,39,18,317,43,40,48,167,48,5*79
$GBGSV,3,3,09,41,03,076,41,,,,,,,,,,,,,5*49
$GNGGA,115607.87,3724.55290,N,12159.39548,W,1,08,1.1,6.3,M,-31.6,M,,*4B
$GNRMC,115607.87,A,3724.55290,N,12159.39548,W,0.2,56.9,160726,,,A,U*18
$GNGLL,3724.55290,N,12159.39548,W,115607.87,A,A*6A
$GNGNS,115607.87,3724.55290,N,12159.39548,W,A,08,1.1,6.3,-31.6,,,U*59
$GNGSA,A,3,,,,,,,,,,,,,1.8,1.1,1.4,1*3D
$GNGSA,A,3,,,,,,,,,,,,,1.8,1.1,1.4,3*3F
$GNGSA,A,3,11,27,29,30,36,39,40,41,,,,,1.8,1.1,1.4,4*3B
$GPGSV,1,1,00,,,,,,,,,,,,,,,,,8*6D
$GAGSV,1,1,00,,,,,,,,,,,,,,,,,1*75
$GAGSV,1,1,00,,,,,,,,,,,,,,,,,2*76
$GAGSV,1,1,00,,,,,,,,,,,,,,,,,3*77
$GBGSV,3,1,10,11,50,252,45,26,37,049,,27,37,049,47,28,28,247,,5*73
$GBGSV,3,2,10,29,28,247,44,30,76,297,47,36,63,284,50,39,18,317,43,5*75
$GBGSV,3,3,10,40,48,167,48,41,03,076,41,,,,,,,,,5*75
$GNGGA,115608.87,3724.55293,N,12159.39538,W,1,08,1.1,5.7,M,-31.6,M,,*47
$GNRMC,115608.87,A,3724.55293,N,12159.39538,W,0.4,54.8,160726,,,A,U*16
$GNGLL,3724.55293,N,12159.39538,W,115608.87,A,A*61
$GNGNS,115608.87,3724.55293,N,12159.39538,W,A,08,1.1,5.7,-31.6,,,U*55
$GNGSA,A,3,,,,,,,,,,,,,1.8,1.1,1.4,1*3D
$GNGSA,A,3,,,,,,,,,,,,,1.8,1.1,1.4,3*3F
$GNGSA,A,3,11,27,29,30,36,39,40,41,,,,,1.8,1.1,1.4,4*3B
$GPGSV,1,1,00,,,,,,,,,,,,,,,,,8*6D
$GAGSV,1,1,00,,,,,,,,,,,,,,,,,1*75
$GAGSV,1,1,00,,,,,,,,,,,,,,,,,2*76
$GAGSV,1,1,00,,,,,,,,,,,,,,,,,3*77
$GBGSV,3,1,10,11,50,252,44,26,37,049,,27,37,049,47,28,28,247,,5*72
$GBGSV,3,2,10,29,28,247,45,30,76,297,47,36,63,284,50,39,18,317,43,5*74
$GBGSV,3,3,10,40,48,167,48,41,03,076,41,,,,,,,,,5*75
$GNGGA,115609.87,3724.55296,N,12159.39528,W,1,08,1.1,5.0,M,-31.6,M,,*45
$GNRMC,115609.87,A,3724.55296,N,12159.39528,W,0.5,53.2,160726,,,A,U*1F
$GNGLL,3724.55296,N,12159.39528,W,115609.87,A,A*64
$GNGNS,115609.87,3724.55296,N,12159.39528,W,A,08,1.1,5.0,-31.6,,,U*57
$GNGSA,A,3,,,,,,,,,,,,,1.8,1.1,1.4,1*3D
$GNGSA,A,3,,,,,,,,,,,,,1.8,1.1,1.4,3*3F
$GNGSA,A,3,11,27,29,30,36,39,40,41,,,,,1.8,1.1,1.4,4*3B
$GPGSV,1,1,00,,,,,,,,,,,,,,,,,8*6D
$GAGSV,1,1,00,,,,,,,,,,,,,,,,,1*75
$GAGSV,1,1,00,,,,,,,,,,,,,,,,,2*76
$GAGSV,1,1,00,,,,,,,,,,,,,,,,,3*77
$GBGSV,3,1,10,11,51,252,45,26,37,049,,27,37,049,47,28,28,247,,5*72
$GBGSV,3,2,10,29,28,247,44,30,76,297,47,36,63,284,50,39,18,317,43,5*75
$GBGSV,3,3,10,40,48,167,48,41,03,076,41,,,,,,,,,5*75
$GNGGA,115610.87,3724.55297,N,12159.39514,W,1,08,1.1,4.1,M,-31.6,M,,*43
$GNRMC,115610.87,A,3724.55297,N,12159.39514,W,0.7,51.9,160726,,,A,U*12
$GNGLL,3724.55297,N,12159.39514,W,115610.87,A,A*62
$GNGNS,115610.87,3724.55297,N,12159.39514,W,A,08,1.1,4.1,-31.6,,,U*51
$GNGSA,A,3,,,,,,,,,,,,,1.8,1.1,1.4,1*3D
$GNGSA,A,3,,,,,,,,,,,,,1.8,1.1,1.4,3*3F
$GNGSA,A,3,11,27,29,30,36,39,40,41,,,,,1.8,1.1,1.4,4*3B
$GPGSV,1,1,00,,,,,,,,,,,,,,,,,8*6D
$GAGSV,1,1,00,,,,,,,,,,,,,,,,,1*75
$GAGSV,1,1,00,,,,,,,,,,,,,,,,,2*76
$GAGSV,1,1,00,,,,,,,,,,,,,,,,,3*77
$GBGSV,3,1,10,11,51,252,45,26,37,049,,27,37,049,47,28,28,247,,5*72
$GBGSV,3,2,10,29,28,247,45,30,76,297,47,36,63,284,50,39,18,317,43,5*74
$GBGSV,3,3,10,40,48,167,48,41,03,076,41,,,,,,,,,5*75
$GNGGA,115611.87,3724.55293,N,12159.39503,W,1,08,1.1,3.2,M,-31.6,M,,*44
$GNRMC,115611.87,A,3724.55293,N,12159.39503,W,0.8,50.9,160726,,,A,U*1F
$GNGLL,3724.55293,N,12159.39503,W,115611.87,A,A*61
$GNGNS,115611.87,3724.55293,N,12159.39503,W,A,08,1.1,3.2,-31.6,,,U*56
$GNGSA,A,3,,,,,,,,,,,,,1.8,1.1,1.4,1*3D
$GNGSA,A,3,,,,,,,,,,,,,1.8,1.1,1.4,3*3F
$GNGSA,A,3,11,27,29,30,36,39,40,41,,,,,1.8,1.1,1.4,4*3B
$GPGSV,1,1,00,,,,,,,,,,,,,,,,,8*6D
$GAGSV,1,1,00,,,,,,,,,,,,,,,,,1*75
$GAGSV,1,1,00,,,,,,,,,,,,,,,,,2*76
$GAGSV,1,1,00,,,,,,,,,,,,,,,,,3*77
$GBGSV,3,1,10,11,51,252,44,26,37,049,,27,37,049,47,28,28,247,,5*73
$GBGSV,3,2,10,29,28,247,44,30,76,297,47,36,63,284,50,39,18,317,43,5*75
$GBGSV,3,3,10,40,48,167,48,41,03,076,41,,,,,,,,,5*75
$GNGGA,115612.87,3724.55289,N,12159.39486,W,1,08,1.1,2.1,M,-31.6,M,,*42
$GNRMC,115612.87,A,3724.55289,N,12159.39486,W,1.0,50.1,160726,,,A,U*1A
$GNGLL,3724.55289,N,12159.39486,W,115612.87,A,A*65
$GNGNS,115612.87,3724.55289,N,12159.39486,W,A,08,1.1,2.1,-31.6,,,U*50
$GNGSA,A,3,,,,,,,,,,,,,1.8,1.1,1.4,1*3D
$GNGSA,A,3,,,,,,,,,,,,,1.8,1.1,1.4,3*3F
$GNGSA,A,3,11,27,29,30,36,39,40,41,,,,,1.8,1.1,1.4,4*3B
$GPGSV,1,1,00,,,,,,,,,,,,,,,,,8*6D
$GAGSV,1,1,00,,,,,,,,,,,,,,,,,1*75
$GAGSV,1,1,00,,,,,,,,,,,,,,,,,2*76
$GAGSV,1,1,00,,,,,,,,,,,,,,,,,3*77
$GBGSV,3,1,10,11,51,252,45,26,37,049,,27,37,049,47,28,28,247,,5*72
$GBGSV,3,2,10,29,28,247,45,30,76,297,47,36,63,284,50,39,18,317,43,5*74
$GBGSV,3,3,10,40,48,167,48,41,03,076,41,,,,,,,,,5*75
$GNGGA,115613.87,3724.55283,N,12159.39467,W,1,08,1.1,1.0,M,-31.6,M,,*44
$GNRMC,115613.87,A,3724.55283,N,12159.39467,W,1.1,49.5,160726,,,A,U*13
$GNGLL,3724.55283,N,12159.39467,W,115613.87,A,A*61
$GNGNS,115613.87,3724.55283,N,12159.39467,W,A,08,1.1,1.0,-31.6,,,U*56
$GNGSA,A,3,,,,,,,,,,,,,1.8,1.1,1.4,1*3D
$GNGSA,A,3,,,,,,,,,,,,,1.8,1.1,1.4,3*3F
$GNGSA,A,3,11,27,29,30,36,39,40,41,,,,,1.8,1.1,1.4,4*3B
$GPGSV,1,1,00,,,,,,,,,,,,,,,,,8*6D
$GAGSV,1,1,00,,,,,,,,,,,,,,,,,1*75
$GAGSV,1,1,00,,,,,,,,,,,,,,,,,2*76
$GAGSV,1,1,00,,,,,,,,,,,,,,,,,3*77
$GBGSV,3,1,10,11,51,252,44,26,37,049,,27,37,049,47,28,28,247,,5*73
$GBGSV,3,2,10,29,28,247,45,30,76,297,47,36,63,284,50,39,18,317,44,5*73
$GBGSV,3,3,10,40,48,167,48,41,03,076,41,,,,,,,,,5*75
$GNGGA,115614.87,3724.55277,N,12159.39457,W,1,08,1.1,-0.3,M,-31.6,M,,*64
$GNRMC,115614.87,A,3724.55277,N,12159.39457,W,1.3,49.0,160726,,,A,U*1B
$GNGLL,3724.55277,N,12159.39457,W,115614.87,A,A*6E
$GNGNS,115614.87,3724.55277,N,12159.39457,W,A,08,1.1,-0.3,-31.6,,,U*76
$GNGSA,A,3,,,,,,,,,,,,,1.8,1.1,1.4,1*3D
$GNGSA,A,3,,,,,,,,,,,,,1.8,1.1,1.4,3*3F
$GNGSA,A,3,11,27,29,30,36,39,40,41,,,,,1.8,1.1,1.4,4*3B
$GPGSV,1,1,00,,,,,,,,,,,,,,,,,8*6D
$GAGSV,1,1,00,,,,,,,,,,,,,,,,,1*75
$GAGSV,1,1,00,,,,,,,,,,,,,,,,,2*76
$GAGSV,1,1,00,,,,,,,,,,,,,,,,,3*77
$GBGSV,3,1,10,11,51,252,45,26,37,049,,27,37,049,47,28,28,247,,5*72
$GBGSV,3,2,10,29,28,247,44,30,76,297,47,36,63,284,50,39,18,317,43,5*75
$GBGSV,3,3,10,40,48,167,48,41,03,076,41,,,,,,,,,5*75
$GNGGA,115615.87,3724.55271,N,12159.39439,W,1,08,1.1,-1.5,M,-31.6,M,,*6C
$GNRMC,115615.87,A,3724.55271,N,12159.39439,W,1.4,48.6,160726,,,A,U*14
$GNGLL,3724.55271,N,12159.39439,W,115615.87,A,A*61
$GNGNS,115615.87,3724.55271,N,12159.39439,W,A,08,1.1,-1.5,-31.6,,,U*7E
$GNGSA,A,3,,,,,,,,,,,,,1.8,1.1,1.4,1*3D
$GNGSA,A,3,,,,,,,,,,,,,1.8,1.1,1.4,3*3F
$GNGSA,A,3,11,27,29,30,36,39,40,41,,,,,1.8,1.1,1.4,4*3B
$GPGSV,1,1,00,,,,,,,,,,,,,,,,,8*6D
$GAGSV,1,1,00,,,,,,,,,,,,,,,,,1*75
$GAGSV,1,1,00,,,,,,,,,,,,,,,,,2*76
$GAGSV,1,1,00,,,,,,,,,,,,,,,,,3*77
$GBGSV,3,1,10,11,51,252,44,26,37,049,,27,37,049,47,28,28,247,,5*73
$GBGSV,3,2,10,29,28,247,45,30,76,297,47,36,63,284,50,39,18,317,44,5*73
$GBGSV,3,3,10,40,48,167,48,41,03,076,42,,,,,,,,,5*76
$GNGGA,115616.87,3724.55261,N,12159.39429,W,1,08,1.1,-2.9,M,-31.6,M,,*60
$GNRMC,115616.87,A,3724.55261,N,12159.39429,W,1.5,48.3,160726,,,A,U*13
$GNGLL,3724.55261,N,12159.39429,W,115616.87,A,A*62
$GNGNS,115616.87,3724.55261,N,12159.39429,W,A,08,1.1,-2.9,-31.6,,,U*72
$GNGSA,A,3,,,,,,,,,,,,,1.8,1.1,1.4,1*3D
$GNGSA,A,3,,,,,,,,,,,,,1.8,1.1,1.4,3*3F
$GNGSA,A,3,11,27,29,30,36,39,40,41,,,,,1.8,1.1,1.4,4*3B
$GPGSV,1,1,00,,,,,,,,,,,,,,,,,8*6D
$GAGSV,1,1,00,,,,,,,,,,,,,,,,,1*75
$GAGSV,1,1,00,,,,,,,,,,,,,,,,,2*76
$GAGSV,1,1,00,,,,,,,,,,,,,,,,,3*77
$GBGSV,3,1,10,11,51,252,45,26,37,049,,27,37,049,47,28,28,247,,5*72
$GBGSV,3,2,10,29,28,247,44,30,76,297,47,36,63,284,50,39,18,317,43,5*75
$GBGSV,3,3,10,40,48,167,48,41,03,076,41,,,,,,,,,5*75
$GNGGA,115617.87,3724.55252,N,12159.39420,W,1,08,1.1,-4.4,M,-31.6,M,,*63
$GNRMC,115617.87,A,3724.55252,N,12159.39420,W,1.6,48.1,160726,,,A,U*1A
$GNGLL,3724.55252,N,12159.39420,W,115617.87,A,A*6A
$GNGNS,115617.87,3724.55252,N,12159.39420,W,A,08,1.1,-4.4,-31.6,,,U*71
$GNGSA,A,3,,,,,,,,,,,,,1.8,1.1,1.4,1*3D
$GNGSA,A,3,,,,,,,,,,,,,1.8,1.1,1.4,3*3F
$GNGSA,A,3,11,27,29,30,36,39,40,41,,,,,1.8,1.1,1.4,4*3B
$GPGSV,1,1,00,,,,,,,,,,,,,,,,,8*6D
$GAGSV,1,1,00,,,,,,,,,,,,,,,,,1*75
$GAGSV,1,1,00,,,,,,,,,,,,,,,,,2*76
$GAGSV,1,1,00,,,,,,,,,,,,,,,,,3*77
$GBGSV,3,1,10,11,51,252,44,26,37,049,,27,37,049,47,28,28,248,,5*7C
$GBGSV,3,2,10,29,28,248,45,30,76,297,47,36,63,284,50,39,18,317,44,5*7C
$GBGSV,3,3,10,40,48,167,48,41,03,076,41,,,,,,,,,5*75
$GNGGA,115618.87,3724.55243,N,12159.39408,W,1,08,1.1,-5.8,M,-31.6,M,,*6B
$GNRMC,115618.87,A,3724.55243,N,12159.39408,W,1.7,48.0,160726,,,A,U*1F
$GNGLL,3724.55243,N,12159.39408,W,115618.87,A,A*6F
$GNGNS,115618.87,3724.55243,N,12159.39408,W,A,08,1.1,-5.8,-31.6,,,U*79
$GNGSA,A,3,,,,,,,,,,,,,1.8,1.1,1.4,1*3D
$GNGSA,A,3,,,,,,,,,,,,,1.8,1.1,1.4,3*3F
$GNGSA,A,3,11,27,29,30,36,39,40,41,,,,,1.8,1.1,1.4,4*3B
$GPGSV,1,1,00,,,,,,,,,,,,,,,,,8*6D
$GAGSV,1,1,00,,,,,,,,,,,,,,,,,1*75
$GAGSV,1,1,00,,,,,,,,,,,,,,,,,2*76
$GAGSV,1,1,00,,,,,,,,,,,,,,,,,3*77
$GBGSV,3,1,10,11,51,252,45,26,37,049,,27,37,049,47,28,28,248,,5*7D
$GBGSV,3,2,10,29,28,248,45,30,76,297,47,36,63,284,50,39,18,317,44,5*7C
$GBGSV,3,3,10,40,48,167,48,41,03,076,42,,,,,,,,,5*76
$GNGGA,115619.87,3724.55233,N,12159.39395,W,1,08,1.1,-7.2,M,-31.6,M,,*66
$GNRMC,115619.87,A,3724.55233,N,12159.39395,W,1.8,47.9,160726,,,A,U*13
$GNGLL,3724.55233,N,12159.39395,W,115619.87,A,A*6A
$GNGNS,115619.87,3724.55233,N,12159.39395,W,A,08,1.1,-7.2,-31.6,,,U*74
$GNGSA,A,3,,,,,,,,,,,,,1.8,1.1,1.4,1*3D
$GNGSA,A,3,,,,,,,,,,,,,1.8,1.1,1.4,3*3F
$GNGSA,A,3,11,27,29,30,36,39,40,41,,,,,1.8,1.1,1.4,4*3B
$GPGSV,1,1,00,,,,,,,,,,,,,,,,,8*6D
$GAGSV,1,1,00,,,,,,,,,,,,,,,,,1*75
$GAGSV,1,1,00,,,,,,,,,,,,,,,,,2*76
$GAGSV,1,1,00,,,,,,,,,,,,,,,,,3*77
$GBGSV,3,1,10,11,51,252,45,26,37,049,,27,37,049,47,28,28,248,,5*7D
$GBGSV,3,2,10,29,28,248,44,30,76,297,47,36,63,284,50,39,18,317,44,5*7D
$GBGSV,3,3,10,40,48,167,47,41,03,076,42,,,,,,,,,5*79
$GNGGA,115620.87,3724.55223,N,12159.39383,W,1,08,1.1,-8.7,M,-31.6,M,,*60
$GNRMC,115620.87,A,3724.55223,N,12159.39383,W,1.9,47.8,160726,,,A,U*1F
$GNGLL,3724.55223,N,12159.39383,W,115620.87,A,A*66
$GNGNS,115620.87,3724.55223,N,12159.39383,W,A,08,1.1,-8.7,-31.6,,,U*72
$GNGSA,A,3,,,,,,,,,,,,,1.8,1.1,1.4,1*3D
$GNGSA,A,3,,,,,,,,,,,,,1.8,1.1,1.4,3*3F
$GNGSA,A,3,11,27,29,30,36,39,40,41,,,,,1.8,1.1,1.4,4*3B
$GPGSV,1,1,00,,,,,,,,,,,,,,,,,8*6D
$GAGSV,1,1,00,,,,,,,,,,,,,,,,,1*75
$GAGSV,1,1,00,,,,,,,,,,,,,,,,,2*76
$GAGSV,1,1,00,,,,,,,,,,,,,,,,,3*77
$GBGSV,3,1,10,11,51,252,45,26,37,049,,27,36,049,47,28,28,248,,5*7C
$GBGSV,3,2,10,29,28,248,45,30,76,297,47,36,63,284,50,39,18,317,44,5*7C
$GBGSV,3,3,10,40,48,167,48,41,03,076,42,,,,,,,,,5*76
$GNGGA,115621.87,3724.55214,N,12159.39370,W,1,08,1.1,-10.2,M,-31.6,M,,*55
$GNRMC,115621.87,A,3724.55214,N,12159.39370,W,2.0,47.7,160726,,,A,U*13
$GNGLL,3724.55214,N,12159.39370,W,115621.87,A,A*6F
$GNGNS,115621.87,3724.55214,N,12159.39370,W,A,08,1.1,-10.2,-31.6,,,U*47
$GNGSA,A,3,,,,,,,,,,,,,1.8,1.1,1.4,1*3D
$GNGSA,A,3,,,,,,,,,,,,,1.8,1.1,1.4,3*3F
$GNGSA,A,3,11,27,29,30,36,39,40,41,,,,,1.8,1.1,1.4,4*3B
$GPGSV,1,1,00,,,,,,,,,,,,,,,,,8*6D
$GAGSV,1,1,00,,,,,,,,,,,,,,,,,1*75
$GAGSV,1,1,00,,,,,,,,,,,,,,,,,2*76
$GAGSV,1,1,00,,,,,,,,,,,,,,,,,3*77
$GBGSV,3,1,10,11,51,252,45,26,37,049,,27,36,049,46,28,28,248,,5*7D
$GBGSV,3,2,10,29,28,248,45,30,76,297,47,36,63,284,50,39,18,317,44,5*7C
$GBGSV,3,3,10,40,48,167,48,41,03,076,42,,,,,,,,,5*76
$GNGGA,115622.87,3724.55204,N,12159.39357,W,1,08,1.1,-11.7,M,-31.6,M,,*56
$GNRMC,115622.87,A,3724.55204,N,12159.39357,W,2.0,47.6,160726,,,A,U*15
$GNGLL,3724.55204,N,12159.39357,W,115622.87,A,A*68
$GNGNS,115622.87,3724.55204,N,12159.39357,W,A,08,1.1,-11.7,-31.6,,,U*44
$GNGSA,A,3,,,,,,,,,,,,,1.8,1.1,1.4,1*3D
$GNGSA,A,3,,,,,,,,,,,,,1.8,1.1,1.4,3*3F
$GNGSA,A,3,11,27,29,30,36,39,40,41,,,,,1.8,1.1,1.4,4*3B
$GPGSV,1,1,00,,,,,,,,,,,,,,,,,8*6D
$GAGSV,1,1,00,,,,,,,,,,,,,,,,,1*75
$GAGSV,1,1,00,,,,,,,,,,,,,,,,,2*76
$GAGSV,1,1,00,,,,,,,,,,,,,,,,,3*77
$GBGSV,3,1,10,11,51,252,44,26,37,049,,27,36,049,47,28,28,248,,5*7D
$GBGSV,3,2,10,29,28,248,45,30,76,297,47,36,63,284,50,39,18,317,43,5*7B
$GBGSV,3,3,10,40,48,167,48,41,03,076,42,,,,,,,,,5*76
$GNGGA,115623.87,3724.55194,N,12159.39342,W,1,08,1.1,-13.2,M,-31.6,M,,*5E
$GNRMC,115623.87,A,3724.55194,N,12159.39342,W,2.1,47.6,160726,,,A,U*1B
$GNGLL,3724.55194,N,12159.39342,W,115623.87,A,A*67
$GNGNS,115623.87,3724.55194,N,12159.39342,W,A,08,1.1,-13.2,-31.6,,,U*4C
$GNGSA,A,3,,,,,,,,,,,,,1.8,1.1,1.4,1*3D
$GNGSA,A,3,,,,,,,,,,,,,1.8,1.1,1.4,3*3F
$GNGSA,A,3,11,27,29,30,36,39,40,41,,,,,1.8,1.1,1.4,4*3B
$GPGSV,1,1,00,,,,,,,,,,,,,,,,,8*6D
$GAGSV,1,1,00,,,,,,,,,,,,,,,,,1*75
$GAGSV,1,1,00,,,,,,,,,,,,,,,,,2*76
$GAGSV,1,1,00,,,,,,,,,,,,,,,,,3*77
$GBGSV,3,1,10,11,51,252,44,26,36,049,,27,36,049,46,28,28,248,,5*7D
$GBGSV,3,2,10,29,28,248,45,30,76,297,47,36,63,284,50,39,18,317,43,5*7B
$GBGSV,3,3,10,40,48,167,48,41,03,076,42,,,,,,,,,5*76
$GNGGA,115624.87,3724.55184,N,12159.39332,W,1,08,1.1,-14.7,M,-31.6,M,,*5D
$GNRMC,115624.87,A,3724.55184,N,12159.39332,W,2.2,47.5,160726,,,A,U*1A
$GNGLL,3724.55184,N,12159.39332,W,115624.87,A,A*66
$GNGNS,115624.87,3724.55184,N,12159.39332,W,A,08,1.1,-14.7,-31.6,,,U*4F
$GNGSA,A,3,,,,,,,,,,,,,1.8,1.1,1.4,1*3D
$GNGSA,A,3,,,,,,,,,,,,,1.8,1.1,1.4,3*3F
$GNGSA,A,3,11,27,29,30,36,39,40,41,,,,,1.8,1.1,1.4,4*3B
$GPGSV,1,1,00,,,,,,,,,,,,,,,,,8*6D
$GAGSV,1,1,00,,,,,,,,,,,,,,,,,1*75
$GAGSV,1,1,00,,,,,,,,,,,,,,,,,2*76
$GAGSV,1,1,00,,,,,,,,,,,,,,,,,3*77
$GBGSV,3,1,10,11,51,252,45,26,36,049,,27,36,049,47,28,28,248,,5*7D
$GBGSV,3,2,10,29,28,248,45,30,76,297,47,36,63,284,50,39,18,317,43,5*7B
$GBGSV,3,3,10,40,48,167,48,41,03,076,42,,,,,,,,,5*76
$GNGGA,115625.87,3724.55174,N,12159.39321,W,1,08,1.1,-16.1,M,-31.6,M,,*55
$GNRMC,115625.87,A,3724.55174,N,12159.39321,W,2.2,47.5,160726,,,A,U*16
$GNGLL,3724.55174,N,12159.39321,W,115625.87,A,A*6A
$GNGNS,115625.87,3724.55174,N,12159.39321,W,A,08,1.1,-16.1,-31.6,,,U*47
$GNGSA,A,3,,,,,,,,,,,,,1.8,1.1,1.4,1*3D
$GNGSA,A,3,,,,,,,,,,,,,1.8,1.1,1.4,3*3F
$GNGSA,A,3,11,27,29,30,36,39,40,41,,,,,1.8,1.1,1.4,4*3B
$GPGSV,1,1,00,,,,,,,,,,,,,,,,,8*6D
$GAGSV,1,1,00,,,,,,,,,,,,,,,,,1*75
$GAGSV,1,1,00,,,,,,,,,,,,,,,,,2*76
$GAGSV,1,1,00,,,,,,,,,,,,,,,,,3*77
$GBGSV,3,1,10,11,51,252,45,26,36,049,,27,36,049,47,28,28,248,,5*7D
$GBGSV,3,2,10,29,28,248,45,30,76,297,47,36,63,284,50,39,18,317,43,5*7B
$GBGSV,3,3,10,40,48,167,48,41,03,076,42,,,,,,,,,5*76
$GNGGA,115626.87,3724.55164,N,12159.39311,W,1,08,1.1,-17.5,M,-31.6,M,,*51
$GNRMC,115626.87,A,3724.55164,N,12159.39311,W,2.3,47.4,160726,,,A,U*17
$GNGLL,3724.55164,N,12159.39311,W,115626.87,A,A*6B
$GNGNS,115626.87,3724.55164,N,12159.39311,W,A,08,1.1,-17.5,-31.6,,,U*43
$GNGSA,A,3,,,,,,,,,,,,,1.8,1.1,1.4,1*3D
$GNGSA,A,3,,,,,,,,,,,,,1.8,1.1,1.4,3*3F
$GNGSA,A,3,11,27,29,30,36,39,40,41,,,,,1.8,1.1,1.4,4*3B
$GPGSV,1,1,00,,,,,,,,,,,,,,,,,8*6D
$GAGSV,1,1,00,,,,,,,,,,,,,,,,,1*75
$GAGSV,1,1,00,,,,,,,,,,,,,,,,,2*76
$GAGSV,1,1,00,,,,,,,,,,,,,,,,,3*77
$GBGSV,3,1,10,11,51,252,45,26,36,049,,27,36,049,47,28,28,248,,5*7D
$GBGSV,3,2,10,29,28,248,45,30,76,297,47,36,63,284,50,39,18,317,44,5*7C
$GBGSV,3,3,10,40,48,167,48,41,03,076,42,,,,,,,,,5*76
$GNGGA,115627.87,3724.55153,N,12159.39304,W,1,08,1.1,-18.9,M,-31.6,M,,*53
$GNRMC,115627.87,A,3724.55153,N,12159.39304,W,2.3,47.4,160726,,,A,U*16
$GNGLL,3724.55153,N,12159.39304,W,115627.87,A,A*6A
$GNGNS,115627.87,3724.55153,N,12159.39304,W,A,08,1.1,-18.9,-31.6,,,U*41
$GNGSA,A,3,,,,,,,,,,,,,1.8,1.1,1.4,1*3D
$GNGSA,A,3,,,,,,,,,,,,,1.8,1.1,1.4,3*3F
$GNGSA,A,3,11,27,29,30,36,39,40,41,,,,,1.8,1.1,1.4,4*3B
$GPGSV,1,1,00,,,,,,,,,,,,,,,,,8*6D
$GAGSV,1,1,00,,,,,,,,,,,,,,,,,1*75
$GAGSV,1,1,00,,,,,,,,,,,,,,,,,2*76
$GAGSV,1,1,00,,,,,,,,,,,,,,,,,3*77
$GBGSV,3,1,10,11,51,252,45,26,36,049,,27,36,049,47,28,28,248,,5*7D
$GBGSV,3,2,10,29,28,248,45,30,76,297,47,36,63,284,50,39,18,317,43,5*7B
$GBGSV,3,3,10,40,48,167,48,41,03,076,41,,,,,,,,,5*75
$GNGGA,115628.87,3724.55144,N,12159.39294,W,1,08,1.1,-20.2,M,-31.6,M,,*52
$GNRMC,115628.87,A,3724.55144,N,12159.39294,W,2.4,47.4,160726,,,A,U*10
$GNGLL,3724.55144,N,12159.39294,W,115628.87,A,A*6B
$GNGNS,115628.87,3724.55144,N,12159.39294,W,A,08,1.1,-20.2,-31.6,,,U*40
$GNGSA,A,3,,,,,,,,,,,,,1.8,1.1,1.4,1*3D
$GNGSA,A,3,,,,,,,,,,,,,1.8,1.1,1.4,3*3F
$GNGSA,A,3,11,27,29,30,36,39,40,41,,,,,1.8,1.1,1.4,4*3B
$GPGSV,1,1,00,,,,,,,,,,,,,,,,,8*6D
$GAGSV,1,1,00,,,,,,,,,,,,,,,,,1*75
$GAGSV,1,1,00,,,,,,,,,,,,,,,,,2*76
$GAGSV,1,1,00,,,,,,,,,,,,,,,,,3*77
$GBGSV,3,1,10,11,51,252,45,26,36,049,,27,36,049,46,28,28,248,,5*7C
$GBGSV,3,2,10,29,28,248,45,30,76,297,47,36,63,284,50,39,18,317,43,5*7B
$GBGSV,3,3,10,40,48,167,48,41,03,076,41,,,,,,,,,5*75
$GNGGA,115629.87,3724.55135,N,12159.39283,W,1,08,1.1,-21.5,M,-31.6,M,,*55
$GNRMC,115629.87,A,3724.55135,N,12159.39283,W,2.4,47.4,160726,,,A,U*11
$GNGLL,3724.55135,N,12159.39283,W,115629.87,A,A*6A
$GNGNS,115629.87,3724.55135,N,12159.39283,W,A,08,1.1,-21.5,-31.6,,,U*47
$GNGSA,A,3,,,,,,,,,,,,,1.8,1.1,1.4,1*3D
$GNGSA,A,3,,,,,,,,,,,,,1.8,1.1,1.4,3*3F
$GNGSA,A,3,11,27,29,30,36,39,40,41,,,,,1.8,1.1,1.4,4*3B
$GPGSV,1,1,00,,,,,,,,,,,,,,,,,8*6D
$GAGSV,1,1,00,,,,,,,,,,,,,,,,,1*75
$GAGSV,1,1,00,,,,,,,,,,,,,,,,,2*76
$GAGSV,1,1,00,,,,,,,,,,,,,,,,,3*77
$GBGSV,3,1,10,11,51,252,45,26,36,049,,27,36,049,46,28,28,248,,5*7C
$GBGSV,3,2,10,29,28,248,45,30,76,297,47,36,63,284,50,39,18,317,43,5*7B
$GBGSV,3,3,10,40,48,167,48,41,03,076,41,,,,,,,,,5*75
$GNGGA,115630.87,3724.55121,N,12159.39277,W,1,08,1.1,-22.7,M,-31.6,M,,*52
$GNRMC,115630.87,A,3724.55121,N,12159.39277,W,2.4,47.3,160726,,,A,U*10
$GNGLL,3724.55121,N,12159.39277,W,115630.87,A,A*6C
$GNGNS,115630.87,3724.55121,N,12159.39277,W,A,08,1.1,-22.7,-31.6,,,U*40
$GNGSA,A,3,,,,,,,,,,,,,1.8,1.1,1.4,1*3D
$GNGSA,A,3,,,,,,,,,,,,,1.8,1.1,1.4,3*3F
$GNGSA,A,3,11,27,29,30,36,39,40,41,,,,,1.8,1.1,1.4,4*3B
$GPGSV,1,1,00,,,,,,,,,,,,,,,,,8*6D
$GAGSV,1,1,00,,,,,,,,,,,,,,,,,1*75
$GAGSV,1,1,00,,,,,,,,,,,,,,,,,2*76
$GAGSV,1,1,00,,,,,,,,,,,,,,,,,3*77
$GBGSV,3,1,10,11,51,252,45,26,36,049,,27,36,049,47,28,28,248,,5*7D
$GBGSV,3,2,10,29,28,248,45,30,76,297,47,36,63,284,50,39,18,317,43,5*7B
$GBGSV,3,3,10,40,48,167,47,41,03,076,42,,,,,,,,,5*79
$GNGGA,115631.87,3724.55112,N,12159.39271,W,1,08,1.1,-23.9,M,-31.6,M,,*5A
$GNRMC,115631.87,A,3724.55112,N,12159.39271,W,2.5,47.3,160726,,,A,U*16
$GNGLL,3724.55112,N,12159.39271,W,115631.87,A,A*6B
$GNGNS,115631.87,3724.55112,N,12159.39271,W,A,08,1.1,-23.9,-31.6,,,U*48
$GNGSA,A,3,,,,,,,,,,,,,1.8,1.1,1.4,1*3D
$GNGSA,A,3,,,,,,,,,,,,,1.8,1.1,1.4,3*3F
$GNGSA,A,3,11,27,29,30,36,39,40,41,,,,,1.8,1.1,1.4,4*3B
$GPGSV,1,1,00,,,,,,,,,,,,,,,,,8*6D
$GAGSV,1,1,00,,,,,,,,,,,,,,,,,1*75
$GAGSV,1,1,00,,,,,,,,,,,,,,,,,2*76
$GAGSV,1,1,00,,,,,,,,,,,,,,,,,3*77
$GBGSV,3,1,10,11,51,252,45,26,36,049,,27,36,049,46,28,28,248,,5*7C
$GBGSV,3,2,10,29,28,248,45,30,76,297,47,36,63,284,50,39,18,317,43,5*7B
$GBGSV,3,3,10,40,48,167,48,41,03,076,41,,,,,,,,,5*75
$GNGGA,115632.87,3724.55106,N,12159.39263,W,1,08,1.1,-24.9,M,-31.6,M,,*58
$GNRMC,115632.87,A,3724.55106,N,12159.39263,W,2.5,47.3,160726,,,A,U*13
$GNGLL,3724.55106,N,12159.39263,W,115632.87,A,A*6E
$GNGNS,115632.87,3724.55106,N,12159.39263,W,A,08,1.1,-24.9,-31.6,,,U*4A
$GNGSA,A,3,,,,,,,,,,,,,1.8,1.1,1.4,1*3D
$GNGSA,A,3,,,,,,,,,,,,,1.8,1.1,1.4,3*3F
$GNGSA,A,3,11,27,29,30,36,39,40,41,,,,,1.8,1.1,1.4,4*3B
$GPGSV,1,1,00,,,,,,,,,,,,,,,,,8*6D
$GAGSV,1,1,00,,,,,,,,,,,,,,,,,1*75
$GAGSV,1,1,00,,,,,,,,,,,,,,,,,2*76
$GAGSV,1,1,00,,,,,,,,,,,,,,,,,3*77
$GBGSV,3,1,10,11,51,252,45,26,36,049,,27,36,049,47,28,28,248,,5*7D
$GBGSV,3,2,10,29,28,248,45,30,76,297,47,36,63,284,50,39,18,317,43,5*7B
$GBGSV,3,3,10,40,48,167,48,41,03,076,41,,,,,,,,,5*75
$GNGGA,115633.87,3724.55098,N,12159.39255,W,1,08,1.1,-26.0,M,-31.6,M,,*51
$GNRMC,115633.87,A,3724.55098,N,12159.39255,W,2.5,47.2,160726,,,A,U*10
$GNGLL,3724.55098,N,12159.39255,W,115633.87,A,A*6C
$GNGNS,115633.87,3724.55098,N,12159.39255,W,A,08,1.1,-26.0,-31.6,,,U*43
$GNGSA,A,3,,,,,,,,,,,,,1.8,1.1,1.4,1*3D
$GNGSA,A,3,,,,,,,,,,,,,1.8,1.1,1.4,3*3F
$GNGSA,A,3,11,27,29,30,36,39,40,41,,,,,1.8,1.1,1.4,4*3B
$GPGSV,1,1,00,,,,,,,,,,,,,,,,,8*6D
$GAGSV,1,1,00,,,,,,,,,,,,,,,,,1*75
$GAGSV,1,1,00,,,,,,,,,,,,,,,,,2*76
$GAGSV,1,1,00,,,,,,,,,,,,,,,,,3*77
$GBGSV,3,1,10,11,51,252,45,26,36,049,,27,36,049,46,28,28,248,,5*7C
$GBGSV,3,2,10,29,28,248,45,30,76,297,47,36,63,284,50,39,18,317,43,5*7B
$GBGSV,3,3,10,40,48,167,48,41,03,076,41,,,,,,,,,5*75
$GNGGA,115634.87,3724.55090,N,12159.39249,W,1,08,1.1,-26.9,M,-31.6,M,,*5A
$GNRMC,115634.87,A,3724.55090,N,12159.39249,W,2.5,47.1,160726,,,A,U*11
$GNGLL,3724.55090,N,12159.39249,W,115634.87,A,A*6E
$GNGNS,115634.87,3724.55090,N,12159.39249,W,A,08,1.1,-26.9,-31.6,,,U*48
$GNGSA,A,3,,,,,,,,,,,,,1.8,1.1,1.4,1*3D
$GNGSA,A,3,,,,,,,,,,,,,1.8,1.1,1.4,3*3F
$GNGSA,A,3,11,27,29,30,36,39,40,41,,,,,1.8,1.1,1.4,4*3B
$GPGSV,1,1,00,,,,,,,,,,,,,,,,,8*6D
$GAGSV,1,1,00,,,,,,,,,,,,,,,,,1*75
$GAGSV,1,1,00,,,,,,,,,,,,,,,,,2*76
$GAGSV,1,1,00,,,,,,,,,,,,,,,,,3*77
$GBGSV,3,1,10,11,51,252,45,26,36,049,,27,36,049,46,28,28,248,,5*7C
$GBGSV,3,2,10,29,28,248,45,30,76,297,47,36,63,284,50,39,18,317,44,5*7C
$GBGSV,3,3,10,40,48,167,48,41,03,076,41,,,,,,,,,5*75
$GNGGA,115635.87,3724.55318,N,12159.39531,W,1,08,1.1,5.0,M,-31.6,M,,*45
$GNRMC,115635.87,A,3724.55318,N,12159.39531,W,0.0,47.1,160726,,,A,U*1C
$GNGLL,3724.55318,N,12159.39531,W,115635.87,A,A*64
$GNGNS,115635.87,3724.55318,N,12159.39531,W,A,08,1.1,5.0,-31.6,,,U*57
$GNGSA,A,3,,,,,,,,,,,,,1.8,1.1,1.4,1*3D
$GNGSA,A,3,,,,,,,,,,,,,1.8,1.1,1.4,3*3F
$GNGSA,A,3,11,27,29,30,36,39,40,41,,,,,1.8,1.1,1.4,4*3B
$GPGSV,1,1,00,,,,,,,,,,,,,,,,,8*6D
$GAGSV,1,1,00,,,,,,,,,,,,,,,,,1*75
$GAGSV,1,1,00,,,,,,,,,,,,,,,,,2*76
$GAGSV,1,1,00,,,,,,,,,,,,,,,,,3*77
$GBGSV,3,1,10,11,51,252,45,26,36,049,,27,36,049,46,28,28,248,,5*7C
$GBGSV,3,2,10,29,28,248,45,30,76,297,47,36,63,284,50,39,18,317,43,5*7B
$GBGSV,3,3,10,40,48,167,48,41,03,076,41,,,,,,,,,5*75
$GNGGA,115636.87,3724.55310,N,12159.39522,W,1,08,1.1,5.3,M,-31.6,M,,*4F
$GNRMC,115636.87,A,3724.55310,N,12159.39522,W,0.1,47.1,160726,,,A,U*14
$GNGLL,3724.55310,N,12159.39522,W,115636.87,A,A*6D
$GNGNS,115636.87,3724.55310,N,12159.39522,W,A,08,1.1,5.3,-31.6,,,U*5D
$GNGSA,A,3,,,,,,,,,,,,,1.8,1.1,1.4,1*3D
$GNGSA,A,3,,,,,,,,,,,,,1.8,1.1,1.4,3*3F
$GNGSA,A,3,11,27,29,30,36,39,40,41,,,,,1.8,1.1,1.4,4*3B
$GPGSV,1,1,00,,,,,,,,,,,,,,,,,8*6D
$GAGSV,1,1,00,,,,,,,,,,,,,,,,,1*75
$GAGSV,1,1,00,,,,,,,,,,,,,,,,,2*76
$GAGSV,1,1,00,,,,,,,,,,,,,,,,,3*77
$GBGSV,3,1,10,11,51,252,45,26,36,049,,27,36,049,46,28,28,248,,5*7C
$GBGSV,3,2,10,29,28,248,45,30,76,297,47,36,63,284,50,39,18,317,43,5*7B
$GBGSV,3,3,10,40,48,167,48,41,03,076,41,,,,,,,,,5*75
$GNGGA,115637.87,3724.55295,N,12159.39528,W,1,08,1.1,4.8,M,-31.6,M,,*42
$GNRMC,115637.87,A,3724.55295,N,12159.39528,W,0.0,47.1,160726,,,A,U*12
$GNGLL,3724.55295,N,12159.39528,W,115637.87,A,A*6A
$GNGNS,115637.87,3724.55295,N,12159.39528,W,A,08,1.1,4.8,-31.6,,,U*50
$GNGSA,A,3,,,,,,,,,,,,,1.8,1.1,1.4,1*3D
$GNGSA,A,3,,,,,,,,,,,,,1.8,1.1,1.4,3*3F
$GNGSA,A,3,11,27,29,30,36,39,40,41,,,,,1.8,1.1,1.4,4*3B
$GPGSV,1,1,00,,,,,,,,,,,,,,,,,8*6D
$GAGSV,1,1,00,,,,,,,,,,,,,,,,,1*75
$GAGSV,1,1,00,,,,,,,,,,,,,,,,,2*76
$GAGSV,1,1,00,,,,,,,,,,,,,,,,,3*77
$GBGSV,3,1,10,11,51,252,45,26,36,049,,27,36,049,46,28,28,248,,5*7C
$GBGSV,3,2,10,29,28,248,45,30,76,297,47,36,63,284,50,39,18,317,43,5*7B
$GBGSV,3,3,10,40,48,167,48,41,03,076,41,,,,,,,,,5*75
$GNGGA,115638.87,3724.55327,N,12159.39521,W,1,08,1.1,5.2,M,-31.6,M,,*47
$GNRMC,115638.87,A,3724.55327,N,12159.39521,W,0.0,47.1,160726,,,A,U*1C
$GNGLL,3724.55327,N,12159.39521,W,115638.87,A,A*64
$GNGNS,115638.87,3724.55327,N,12159.39521,W,A,08,1.1,5.2,-31.6,,,U*55
$GNGSA,A,3,,,,,,,,,,,,,1.8,1.1,1.4,1*3D
$GNGSA,A,3,,,,,,,,,,,,,1.8,1.1,1.4,3*3F
$GNGSA,A,3,11,27,29,30,36,39,40,41,,,,,1.8,1.1,1.4,4*3B
$GPGSV,1,1,00,,,,,,,,,,,,,,,,,8*6D
$GAGSV,1,1,00,,,,,,,,,,,,,,,,,1*75
$GAGSV,1,1,00,,,,,,,,,,,,,,,,,2*76
$GAGSV,1,1,00,,,,,,,,,,,,,,,,,3*77
$GBGSV,3,1,10,11,51,252,45,26,36,049,,27,36,049,46,28,28,248,,5*7C
$GBGSV,3,2,10,29,28,248,45,30,76,297,47,36,63,284,50,39,18,317,43,5*7B
$GBGSV,3,3,10,40,48,167,48,41,03,076,41,,,,,,,,,5*75
$GNGGA,115639.87,3724.55326,N,12159.39523,W,1,08,1.1,5.2,M,-31.6,M,,*45
$GNRMC,115639.87,A,3724.55326,N,12159.39523,W,0.0,47.1,160726,,,A,U*1E
$GNGLL,3724.55326,N,12159.39523,W,115639.87,A,A*66
$GNGNS,115639.87,3724.55326,N,12159.39523,W,A,08,1.1,5.2,-31.6,,,U*57
$GNGSA,A,3,,,,,,,,,,,,,1.8,1.1,1.4,1*3D
$GNGSA,A,3,,,,,,,,,,,,,1.8,1.1,1.4,3*3F
$GNGSA,A,3,11,27,29,30,36,39,40,41,,,,,1.8,1.1,1.4,4*3B
$GPGSV,1,1,00,,,,,,,,,,,,,,,,,8*6D
$GAGSV,1,1,00,,,,,,,,,,,,,,,,,1*75
$GAGSV,1,1,00,,,,,,,,,,,,,,,,,2*76
$GAGSV,1,1,00,,,,,,,,,,,,,,,,,3*77
$GBGSV,3,1,10,11,51,252,45,26,36,049,,27,36,049,46,28,28,248,,5*7C
$GBGSV,3,2,10,29,28,248,45,30,76,298,47,36,63,284,50,39,18,317,43,5*74
$GBGSV,3,3,10,40,48,167,48,41,03,076,41,,,,,,,,,5*75
$GNGGA,115640.87,3724.55326,N,12159.39532,W,1,08,1.1,5.6,M,-31.6,M,,*4F
$GNRMC,115640.87,A,3724.55326,N,12159.39532,W,0.0,47.1,160726,,,A,U*10
$GNGLL,3724.55326,N,12159.39532,W,115640.87,A,A*68
$GNGNS,115640.87,3724.55326,N,12159.39532,W,A,08,1.1,5.6,-31.6,,,U*5D
$GNGSA,A,3,,,,,,,,,,,,,1.8,1.1,1.4,1*3D
$GNGSA,A,3,,,,,,,,,,,,,1.8,1.1,1.4,3*3F
$GNGSA,A,3,11,27,29,30,36,39,40,41,,,,,1.8,1.1,1.4,4*3B
$GPGSV,1,1,00,,,,,,,,,,,,,,,,,8*6D
$GAGSV,1,1,00,,,,,,,,,,,,,,,,,1*75
$GAGSV,1,1,00,,,,,,,,,,,,,,,,,2*76
$GAGSV,1,1,00,,,,,,,,,,,,,,,,,3*77
$GBGSV,3,1,10,11,51,252,45,26,36,049,,27,36,049,46,28,28,248,,5*7C
$GBGSV,3,2,10,29,28,248,45,30,76,298,47,36,63,284,50,39,18,317,43,5*74
$GBGSV,3,3,10,40,48,167,47,41,03,076,41,,,,,,,,,5*7A
$GNGGA,115641.87,3724.55325,N,12159.39537,W,1,08,1.1,5.9,M,-31.6,M,,*47
$GNRMC,115641.87,A,3724.55325,N,12159.39537,W,0.1,47.1,160726,,,A,U*16
$GNGLL,3724.55325,N,12159.39537,W,115641.87,A,A*6F
$GNGNS,115641.87,3724.55325,N,12159.39537,W,A,08,1.1,5.9,-31.6,,,U*55
$GNGSA,A,3,,,,,,,,,,,,,1.8,1.1,1.4,1*3D
$GNGSA,A,3,,,,,,,,,,,,,1.8,1.1,1.4,3*3F
$GNGSA,A,3,11,27,29,30,36,39,40,41,,,,,1.8,1.1,1.4,4*3B
$GPGSV,1,1,00,,,,,,,,,,,,,,,,,8*6D
$GAGSV,1,1,00,,,,,,,,,,,,,,,,,1*75
$GAGSV,1,1,00,,,,,,,,,,,,,,,,,2*76
$GAGSV,1,1,00,,,,,,,,,,,,,,,,,3*77
$GBGSV,3,1,10,11,51,252,45,26,36,049,,27,36,049,46,28,28,248,,5*7C
$GBGSV,3,2,10,29,28,248,45,30,76,298,47,36,63,284,50,39,18,317,43,5*74
$GBGSV,3,3,10,40,48,167,48,41,03,076,41,,,,,,,,,5*75
$GNGGA,115642.87,3724.55327,N,12159.39536,W,1,08,1.1,5.9,M,-31.6,M,,*47
$GNRMC,115642.87,A,3724.55327,N,12159.39536,W,0.1,57.1,160726,,,A,U*17
$GNGLL,3724.55327,N,12159.39536,W,115642.87,A,A*6F
$GNGNS,115642.87,3724.55327,N,12159.39536,W,A,08,1.1,5.9,-31.6,,,U*55
$GNGSA,A,3,,,,,,,,,,,,,1.8,1.1,1.4,1*3D
$GNGSA,A,3,,,,,,,,,,,,,1.8,1.1,1.4,3*3F
$GNGSA,A,3,11,27,29,30,36,39,40,41,,,,,1.8,1.1,1.4,4*3B
$GPGSV,1,1,00,,,,,,,,,,,,,,,,,8*6D
$GAGSV,1,1,00,,,,,,,,,,,,,,,,,1*75
$GAGSV,1,1,00,,,,,,,,,,,,,,,,,2*76
$GAGSV,1,1,00,,,,,,,,,,,,,,,,,3*77
$GBGSV,3,1,10,11,51,252,45,26,36,049,,27,36,049,46,28,28,248,,5*7C
$GBGSV,3,2,10,29,28,248,46,30,76,298,47,36,63,284,50,39,18,317,43,5*77
$GBGSV,3,3,10,40,48,167,47,41,03,076,41,,,,,,,,,5*7A
$GNGGA,115643.87,3724.55327,N,12159.39532,W,1,08,1.1,5.7,M,-31.6,M,,*4C
$GNRMC,115643.87,A,3724.55327,N,12159.39532,W,0.2,55.2,160726,,,A,U*10
$GNGLL,3724.55327,N,12159.39532,W,115643.87,A,A*6A
$GNGNS,115643.87,3724.55327,N,12159.39532,W,A,08,1.1,5.7,-31.6,,,U*5E
$GNGSA,A,3,,,,,,,,,,,,,1.8,1.1,1.4,1*3D
$GNGSA,A,3,,,,,,,,,,,,,1.8,1.1,1.4,3*3F
$GNGSA,A,3,11,27,29,30,36,39,40,41,,,,,1.8,1.1,1.4,4*3B
$GPGSV,1,1,00,,,,,,,,,,,,,,,,,8*6D
$GAGSV,1,1,00,,,,,,,,,,,,,,,,,1*75
$GAGSV,1,1,00,,,,,,,,,,,,,,,,,2*76
$GAGSV,1,1,00,,,,,,,,,,,,,,,,,3*77
$GBGSV,3,1,10,11,51,252,45,26,36,049,,27,36,049,46,28,28,248,,5*7C
$GBGSV,3,2,10,29,28,248,45,30,76,298,47,36,63,284,50,39,18,317,43,5*74
$GBGSV,3,3,10,40,48,168,47,41,03,076,41,,,,,,,,,5*75
$GNGGA,115644.87,3724.55326,N,12159.39523,W,1,08,1.1,5.4,M,-31.6,M,,*49
$GNRMC,115644.87,A,3724.55326,N,12159.39523,W,0.3,53.3,160726,,,A,U*10
$GNGLL,3724.55326,N,12159.39523,W,115644.87,A,A*6C
$GNGNS,115644.87,3724.55326,N,12159.39523,W,A,08,1.1,5.4,-31.6,,,U*5B
$GNGSA,A,3,,,,,,,,,,,,,1.8,1.1,1.4,1*3D
$GNGSA,A,3,,,,,,,,,,,,,1.8,1.1,1.4,3*3F
$GNGSA,A,3,11,27,29,30,36,39,40,41,,,,,1.8,1.1,1.4,4*3B
$GPGSV,1,1,00,,,,,,,,,,,,,,,,,8*6D
$GAGSV,1,1,00,,,,,,,,,,,,,,,,,1*75
$GAGSV,1,1,00,,,,,,,,,,,,,,,,,2*76
$GAGSV,1,1,00,,,,,,,,,,,,,,,,,3*77
$GBGSV,3,1,10,11,51,252,45,26,36,049,,27,36,049,46,28,28,248,,5*7C
$GBGSV,3,2,10,29,28,248,45,30,76,298,47,36,63,284,50,39,18,317,43,5*74
$GBGSV,3,3,10,40,48,168,48,41,03,076,41,,,,,,,,,5*7A
$GNGGA,115645.87,3724.55324,N,12159.39512,W,1,08,1.1,5.0,M,-31.6,M,,*4C
$GNRMC,115645.87,A,3724.55324,N,12159.39512,W,0.4,52.0,160726,,,A,U*14
$GNGLL,3724.55324,N,12159.39512,W,115645.87,A,A*6D
$GNGNS,115645.87,3724.55324,N,12159.39512,W,A,08,1.1,5.0,-31.6,,,U*5E
$GNGSA,A,3,,,,,,,,,,,,,1.8,1.1,1.4,1*3D
$GNGSA,A,3,,,,,,,,,,,,,1.8,1.1,1.4,3*3F
$GNGSA,A,3,11,27,29,30,36,39,40,41,,,,,1.8,1.1,1.4,4*3B
$GPGSV,1,1,00,,,,,,,,,,,,,,,,,8*6D
$GAGSV,1,1,00,,,,,,,,,,,,,,,,,1*75
$GAGSV,1,1,00,,,,,,,,,,,,,,,,,2*76
$GAGSV,1,1,00,,,,,,,,,,,,,,,,,3*77
$GBGSV,3,1,10,11,51,252,45,26,36,049,,27,36,049,46,28,28,248,,5*7C
$GBGSV,3,2,10,29,28,248,46,30,76,298,47,36,63,284,50,39,19,317,43,5*76
$GBGSV,3,3,10,40,48,168,48,41,03,076,41,,,,,,,,,5*7A
$GNGGA,115646.87,3724.55322,N,12159.39504,W,1,08,1.1,4.3,M,-31.6,M,,*4C
$GNRMC,115646.87,A,3724.55322,N,12159.39504,W,0.6,51.1,160726,,,A,U*16
$GNGLL,3724.55322,N,12159.39504,W,115646.87,A,A*6F
$GNGNS,115646.87,3724.55322,N,12159.39504,W,A,08,1.1,4.3,-31.6,,,U*5E
$GNGSA,A,3,,,,,,,,,,,,,1.8,1.1,1.4,1*3D
$GNGSA,A,3,,,,,,,,,,,,,1.8,1.1,1.4,3*3F
$GNGSA,A,3,11,27,29,30,36,39,40,41,,,,,1.8,1.1,1.4,4*3B
$GPGSV,1,1,00,,,,,,,,,,,,,,,,,8*6D
$GAGSV,1,1,00,,,,,,,,,,,,,,,,,1*75
$GAGSV,1,1,00,,,,,,,,,,,,,,,,,2*76
$GAGSV,1,1,00,,,,,,,,,,,,,,,,,3*77
$GBGSV,3,1,10,11,51,252,45,26,36,049,,27,36,049,46,28,28,248,,5*7C
$GBGSV,3,2,10,29,28,248,45,30,76,298,47,36,63,284,50,39,19,317,43,5*75
$GBGSV,3,3,10,40,48,168,47,41,03,076,41,,,,,,,,,5*75
$GNGGA,115647.87,3724.55317,N,12159.39493,W,1,08,1.1,3.5,M,-31.6,M,,*45
$GNRMC,115647.87,A,3724.55317,N,12159.39493,W,0.7,50.5,160726,,,A,U*1A
$GNGLL,3724.55317,N,12159.39493,W,115647.87,A,A*67
$GNGNS,115647.87,3724.55317,N,12159.39493,W,A,08,1.1,3.5,-31.6,,,U*57
$GNGSA,A,3,,,,,,,,,,,,,1.8,1.1,1.4,1*3D
$GNGSA,A,3,,,,,,,,,,,,,1.8,1.1,1.4,3*3F
$GNGSA,A,3,11,27,29,30,36,39,40,41,,,,,1.8,1.1,1.4,4*3B
$GPGSV,1,1,00,,,,,,,,,,,,,,,,,8*6D
$GAGSV,1,1,00,,,,,,,,,,,,,,,,,1*75
$GAGSV,1,1,00,,,,,,,,,,,,,,,,,2*76
$GAGSV,1,1,00,,,,,,,,,,,,,,,,,3*77
$GBGSV,3,1,10,11,51,252,45,26,36,049,,27,36,049,46,28,28,248,,5*7C
$GBGSV,3,2,10,29,28,248,45,30,76,298,47,36,63,284,50,39,19,317,43,5*75
$GBGSV,3,3,10,40,48,168,48,41,03,076,41,,,,,,,,,5*7A
$GNGGA,115648.87,3724.55315,N,12159.39481,W,1,08,1.1,2.7,M,-31.6,M,,*48
$GNRMC,115648.87,A,3724.55315,N,12159.39481,W,0.8,49.8,160726,,,A,U*1E
$GNGLL,3724.55315,N,12159.39481,W,115648.87,A,A*69
$GNGNS,115648.87,3724.55315,N,12159.39481,W,A,08,1.1,2.7,-31.6,,,U*5A
$GNGSA,A,3,,,,,,,,,,,,,1.8,1.1,1.4,1*3D
$GNGSA,A,3,,,,,,,,,,,,,1.8,1.1,1.4,3*3F
$GNGSA,A,3,11,27,29,30,36,39,40,41,,,,,1.8,1.1,1.4,4*3B
$GPGSV,1,1,00,,,,,,,,,,,,,,,,,8*6D
$GAGSV,1,1,00,,,,,,,,,,,,,,,,,1*75
$GAGSV,1,1,00,,,,,,,,,,,,,,,,,2*76
$GAGSV,1,1,00,,,,,,,,,,,,,,,,,3*77
$GBGSV,3,1,10,11,51,252,45,26,36,049,,27,36,049,46,28,28,248,,5*7C
$GBGSV,3,2,10,29,28,248,45,30,76,298,47,36,63,284,50,39,19,317,43,5*75
$GBGSV,3,3,10,40,48,168,47,41,03,076,41,,,,,,,,,5*75
$GNGGA,115649.87,3724.55310,N,12159.39465,W,1,08,1.1,1.7,M,-31.6,M,,*45
$GNRMC,115649.87,A,3724.55310,N,12159.39465,W,0.9,49.4,160726,,,A,U*1D
$GNGLL,3724.55310,N,12159.39465,W,115649.87,A,A*67
$GNGNS,115649.87,3724.55310,N,12159.39465,W,A,08,1.1,1.7,-31.6,,,U*57
$GNGSA,A,3,,,,,,,,,,,,,1.8,1.1,1.4,1*3D
$GNGSA,A,3,,,,,,,,,,,,,1.8,1.1,1.4,3*3F
$GNGSA,A,3,11,27,29,30,36,39,40,41,,,,,1.8,1.1,1.4,4*3B
$GPGSV,1,1,00,,,,,,,,,,,,,,,,,8*6D
$GAGSV,1,1,00,,,,,,,,,,,,,,,,,1*75
$GAGSV,1,1,00,,,,,,,,,,,,,,,,,2*76
$GAGSV,1,1,00,,,,,,,,,,,,,,,,,3*77
$GBGSV,3,1,10,11,51,252,45,26,36,049,,27,36,049,46,28,28,248,,5*7C
$GBGSV,3,2,10,29,28,248,46,30,76,298,47,36,63,284,50,39,19,317,43,5*76
$GBGSV,3,3,10,40,48,168,47,41,03,076,41,,,,,,,,,5*75
$GNGGA,115650.87,3724.55304,N,12159.39447,W,1,08,1.1,0.7,M,-31.6,M,,*49
$GNRMC,115650.87,A,3724.55304,N,12159.39447,W,1.0,49.0,160726,,,A,U*1C
$GNGLL,3724.55304,N,12159.39447,W,115650.87,A,A*6A
$GNGNS,115650.87,3724.55304,N,12159.39447,W,A,08,1.1,0.7,-31.6,,,U*5B
$GNGSA,A,3,,,,,,,,,,,,,1.8,1.1,1.4,1*3D
$GNGSA,A,3,,,,,,,,,,,,,1.8,1.1,1.4,3*3F
$GNGSA,A,3,11,27,29,30,36,39,40,41,,,,,1.8,1.1,1.4,4*3B
$GPGSV,1,1,00,,,,,,,,,,,,,,,,,8*6D
$GAGSV,1,1,00,,,,,,,,,,,,,,,,,1*75
$GAGSV,1,1,00,,,,,,,,,,,,,,,,,2*76
$GAGSV,1,1,00,,,,,,,,,,,,,,,,,3*77
$GBGSV,3,1,10,11,51,253,45,26,36,049,,27,36,049,46,28,28,248,,5*7D
$GBGSV,3,2,10,29,28,248,45,30,76,298,47,36,63,284,50,39,19,317,43,5*75
$GBGSV,3,3,10,40,48,168,48,41,03,076,41,,,,,,,,,5*7A
$GNGGA,115651.87,3724.55297,N,12159.39430,W,1,08,1.1,-0.5,M,-31.6,M,,*6C
$GNRMC,115651.87,A,3724.55297,N,12159.39430,W,1.1,48.8,160726,,,A,U*1E
$GNGLL,3724.55297,N,12159.39430,W,115651.87,A,A*60
$GNGNS,115651.87,3724.55297,N,12159.39430,W,A,08,1.1,-0.5,-31.6,,,U*7E
$GNGSA,A,3,,,,,,,,,,,,,1.8,1.1,1.4,1*3D
$GNGSA,A,3,,,,,,,,,,,,,1.8,1.1,1.4,3*3F
$GNGSA,A,3,11,27,29,30,36,39,40,41,,,,,1.8,1.1,1.4,4*3B
$GPGSV,1,1,00,,,,,,,,,,,,,,,,,8*6D
$GAGSV,1,1,00,,,,,,,,,,,,,,,,,1*75
$GAGSV,1,1,00,,,,,,,,,,,,,,,,,2*76
$GAGSV,1,1,00,,,,,,,,,,,,,,,,,3*77
$GBGSV,3,1,10,11,51,253,45,26,36,049,,27,36,049,46,28,28,248,,5*7D
$GBGSV,3,2,10,29,28,248,45,30,76,298,47,36,63,284,50,39,19,317,43,5*75
$GBGSV,3,3,10,40,48,168,47,41,03,076,40,,,,,,,,,5*74
$GNGGA,115652.87,3724.55289,N,12159.39412,W,1,08,1.1,-1.8,M,-31.6,M,,*6C
$GNRMC,115652.87,A,3724.55289,N,12159.39412,W,1.2,48.5,160726,,,A,U*1C
$GNGLL,3724.55289,N,12159.39412,W,115652.87,A,A*6C
$GNGNS,115652.87,3724.55289,N,12159.39412,W,A,08,1.1,-1.8,-31.6,,,U*7E
$GNGSA,A,3,,,,,,,,,,,,,1.8,1.1,1.4,1*3D
$GNGSA,A,3,,,,,,,,,,,,,1.8,1.1,1.4,3*3F
$GNGSA,A,3,11,27,29,30,36,39,40,41,,,,,1.8,1.1,1.4,4*3B
$GPGSV,1,1,00,,,,,,,,,,,,,,,,,8*6D
$GAGSV,1,1,00,,,,,,,,,,,,,,,,,1*75
$GAGSV,1,1,00,,,,,,,,,,,,,,,,,2*76
$GAGSV,1,1,00,,,,,,,,,,,,,,,,,3*77
$GBGSV,3,1,10,11,51,253,45,26,36,049,,27,36,050,46,28,28,248,,5*75
$GBGSV,3,2,10,29,28,248,45,30,76,298,47,36,63,284,50,39,19,317,43,5*75
$GBGSV,3,3,10,40,48,168,47,41,03,076,40,,,,,,,,,5*74
$GNGGA,115653.87,3724.55280,N,12159.39400,W,1,08,1.1,-3.2,M,-31.6,M,,*6F
$GNRMC,115653.87,A,3724.55280,N,12159.39400,W,1.4,48.3,160726,,,A,U*17
$GNGLL,3724.55280,N,12159.39400,W,115653.87,A,A*67
$GNGNS,115653.87,3724.55280,N,12159.39400,W,A,08,1.1,-3.2,-31.6,,,U*7D
$GNGSA,A,3,,,,,,,,,,,,,1.8,1.1,1.4,1*3D
$GNGSA,A,3,,,,,,,,,,,,,1.8,1.1,1.4,3*3F
$GNGSA,A,3,11,27,29,30,36,39,40,41,,,,,1.8,1.1,1.4,4*3B
$GPGSV,1,1,00,,,,,,,,,,,,,,,,,8*6D
$GAGSV,1,1,00,,,,,,,,,,,,,,,,,1*75
$GAGSV,1,1,00,,,,,,,,,,,,,,,,,2*76
$GAGSV,1,1,00,,,,,,,,,,,,,,,,,3*77
$GBGSV,3,1,10,11,51,253,45,26,36,050,,27,36,050,46,28,28,248,,5*7D
$GBGSV,3,2,10,29,28,248,45,30,76,298,47,36,63,284,50,39,19,317,43,5*75
$GBGSV,3,3,10,40,48,168,47,41,03,076,40,,,,,,,,,5*74
$GNGGA,115654.87,3724.55273,N,12159.39392,W,1,08,1.1,-4.6,M,-31.6,M,,*6B
$GNRMC,115654.87,A,3724.55273,N,12159.39392,W,1.5,48.2,160726,,,A,U*10
$GNGLL,3724.55273,N,12159.39392,W,115654.87,A,A*60
$GNGNS,115654.87,3724.55273,N,12159.39392,W,A,08,1.1,-4.6,-31.6,,,U*79
$GNGSA,A,3,,,,,,,,,,,,,1.8,1.1,1.4,1*3D
$GNGSA,A,3,,,,,,,,,,,,,1.8,1.1,1.4,3*3F
$GNGSA,A,3,11,27,29,30,36,39,40,41,,,,,1.8,1.1,1.4,4*3B
$GPGSV,1,1,00,,,,,,,,,,,,,,,,,8*6D
$GAGSV,1,1,00,,,,,,,,,,,,,,,,,1*75
$GAGSV,1,1,00,,,,,,,,,,,,,,,,,2*76
$GAGSV,1,1,00,,,,,,,,,,,,,,,,,3*77
$GBGSV,3,1,10,11,51,253,45,26,36,050,,27,36,050,46,28,28,248,,5*7D
$GBGSV,3,2,10,29,28,248,46,30,76,298,47,36,63,284,50,39,19,317,43,5*76
$GBGSV,3,3,10,40,48,168,47,41,03,076,40,,,,,,,,,5*74
$GNGGA,115655.87,3724.55264,N,12159.39382,W,1,08,1.1,-5.9,M,-31.6,M,,*63
$GNRMC,115655.87,A,3724.55264,N,12159.39382,W,1.5,48.0,160726,,,A,U*14
$GNGLL,3724.55264,N,12159.39382,W,115655.87,A,A*66
$GNGNS,115655.87,3724.55264,N,12159.39382,W,A,08,1.1,-5.9,-31.6,,,U*71
$GNGSA,A,3,,,,,,,,,,,,,1.8,1.1,1.4,1*3D
$GNGSA,A,3,,,,,,,,,,,,,1.8,1.1,1.4,3*3F
$GNGSA,A,3,11,27,29,30,36,39,40,41,,,,,1.8,1.1,1.4,4*3B
$GPGSV,1,1,00,,,,,,,,,,,,,,,,,8*6D
$GAGSV,1,1,00,,,,,,,,,,,,,,,,,1*75
$GAGSV,1,1,00,,,,,,,,,,,,,,,,,2*76
$GAGSV,1,1,00,,,,,,,,,,,,,,,,,3*77
$GBGSV,3,1,11,11,51,253,45,26,36,050,,27,36,050,46,28,28,248,,5*7C
$GBGSV,3,2,11,29,28,248,45,30,76,298,47,35,63,284,,36,63,284,50,5*79
$GBGSV,3,3,11,39,19,317,43,40,48,168,47,41,03,076,40,,,,,5*45
$GNGGA,115656.87,3724.55256,N,12159.39369,W,1,08,1.1,-7.3,M,-31.6,M,,*6C
$GNRMC,115656.87,A,3724.55256,N,12159.39369,W,1.6,47.9,160726,,,A,U*16
$GNGLL,3724.55256,N,12159.39369,W,115656.87,A,A*61
$GNGNS,115656.87,3724.55256,N,12159.39369,W,A,08,1.1,-7.3,-31.6,,,U*7E
$GNGSA,A,3,,,,,,,,,,,,,1.8,1.1,1.4,1*3D
$GNGSA,A,3,,,,,,,,,,,,,1.8,1.1,1.4,3*3F
$GNGSA,A,3,11,27,29,30,36,39,40,41,,,,,1.8,1.1,1.4,4*3B
$GPGSV,1,1,00,,,,,,,,,,,,,,,,,8*6D
$GAGSV,1,1,00,,,,,,,,,,,,,,,,,1*75
$GAGSV,1,1,00,,,,,,,,,,,,,,,,,2*76
$GAGSV,1,1,00,,,,,,,,,,,,,,,,,3*77
$GBGSV,3,1,11,11,51,253,45,26,36,050,,27,36,050,46,28,28,248,,5*7C
$GBGSV,3,2,11,29,28,248,46,30,76,298,47,35,63,284,,36,63,284,50,5*7A
$GBGSV,3,3,11,39,19,317,42,40,48,168,48,41,03,076,40,,,,,5*4B
$GNGGA,115657.87,3724.55247,N,12159.39358,W,1,08,1.1,-8.7,M,-31.6,M,,*64
$GNRMC,115657.87,A,3724.55247,N,12159.39358,W,1.7,47.8,160726,,,A,U*15
$GNGLL,3724.55247,N,12159.39358,W,115657.87,A,A*62
$GNGNS,115657.87,3724.55247,N,12159.39358,W,A,08,1.1,-8.7,-31.6,,,U*76
$GNGSA,A,3,,,,,,,,,,,,,1.8,1.1,1.4,1*3D
$GNGSA,A,3,,,,,,,,,,,,,1.8,1.1,1.4,3*3F
$GNGSA,A,3,11,27,29,30,36,39,40,41,,,,,1.8,1.1,1.4,4*3B
$GPGSV,1,1,00,,,,,,,,,,,,,,,,,8*6D
$GAGSV,1,1,00,,,,,,,,,,,,,,,,,1*75
$GAGSV,1,1,00,,,,,,,,,,,,,,,,,2*76
$GAGSV,1,1,00,,,,,,,,,,,,,,,,,3*77
$GBGSV,3,1,11,11,51,253,46,26,36,050,,27,36,050,46,28,28,248,,5*7F
$GBGSV,3,2,11,29,28,248,46,30,76,298,47,35,63,284,,36,63,284,50,5*7A
$GBGSV,3,3,11,39,19,317,43,40,48,168,47,41,03,076,40,,,,,5*45
$GNGGA,115658.87,3724.55237,N,12159.39347,W,1,08,1.1,-10.1,M,-31.6,M,,*5D
$GNRMC,115658.87,A,3724.55237,N,12159.39347,W,1.8,47.7,160726,,,A,U*13
$GNGLL,3724.55237,N,12159.39347,W,115658.87,A,A*64
$GNGNS,115658.87,3724.55237,N,12159.39347,W,A,08,1.1,-10.1,-31.6,,,U*4F
$GNGSA,A,3,,,,,,,,,,,,,1.8,1.1,1.4,1*3D
$GNGSA,A,3,,,,,,,,,,,,,1.8,1.1,1.4,3*3F
$GNGSA,A,3,11,27,29,30,36,39,40,41,,,,,1.8,1.1,1.4,4*3B
$GPGSV,1,1,00,,,,,,,,,,,,,,,,,8*6D
$GAGSV,1,1,00,,,,,,,,,,,,,,,,,1*75
$GAGSV,1,1,00,,,,,,,,,,,,,,,,,2*76
$GAGSV,1,1,00,,,,,,,,,,,,,,,,,3*77
$GBGSV,3,1,11,11,51,253,45,26,36,050,,27,36,050,46,28,28,248,,5*7C
$GBGSV,3,2,11,29,28,248,46,30,76,298,47,35,63,284,,36,63,284,50,5*7A
$GBGSV,3,3,11,39,19,317,43,40,48,168,47,41,03,076,40,,,,,5*45
$GNGGA,115659.87,3724.55226,N,12159.39334,W,1,08,1.1,-11.4,M,-31.6,M,,*5C
$GNRMC,115659.87,A,3724.55226,N,12159.39334,W,1.8,47.5,160726,,,A,U*14
$GNGLL,3724.55226,N,12159.39334,W,115659.87,A,A*61
$GNGNS,115659.87,3724.55226,N,12159.39334,W,A,08,1.1,-11.4,-31.6,,,U*4E
$GNGSA,A,3,,,,,,,,,,,,,1.8,1.1,1.4,1*3D
$GNGSA,A,3,,,,,,,,,,,,,1.8,1.1,1.4,3*3F
$GNGSA,A,3,11,27,29,30,36,39,40,41,,,,,1.8,1.1,1.4,4*3B
$GPGSV,1,1,00,,,,,,,,,,,,,,,,,8*6D
$GAGSV,1,1,00,,,,,,,,,,,,,,,,,1*75
$GAGSV,1,1,00,,,,,,,,,,,,,,,,,2*76
$GAGSV,1,1,00,,,,,,,,,,,,,,,,,3*77
$GBGSV,3,1,11,11,51,253,45,26,36,050,,27,36,050,46,28,28,248,,5*7C
$GBGSV,3,2,11,29,28,248,46,30,76,298,47,35,63,284,,36,63,284,50,5*7A
$GBGSV,3,3,11,39,19,317,42,40,48,168,47,41,03,076,40,,,,,5*44
$GNGGA,115700.87,3724.55217,N,12159.39326,W,1,08,1.1,-12.6,M,-31.6,M,,*51
$GNRMC,115700.87,A,3724.55217,N,12159.39326,W,1.9,47.4,160726,,,A,U*18
$GNGLL,3724.55217,N,12159.39326,W,115700.87,A,A*6D
$GNGNS,115700.87,3724.55217,N,12159.39326,W,A,08,1.1,-12.6,-31.6,,,U*43
$GNGSA,A,3,,,,,,,,,,,,,1.8,1.1,1.4,1*3D
$GNGSA,A,3,,,,,,,,,,,,,1.8,1.1,1.4,3*3F
$GNGSA,A,3,11,27,29,30,36,39,40,41,,,,,1.8,1.1,1.4,4*3B
$GPGSV,1,1,00,,,,,,,,,,,,,,,,,8*6D
$GAGSV,1,1,00,,,,,,,,,,,,,,,,,1*75
$GAGSV,1,1,00,,,,,,,,,,,,,,,,,2*76
$GAGSV,1,1,00,,,,,,,,,,,,,,,,,3*77
$GBGSV,3,1,11,11,51,253,45,26,36,050,,27,36,050,46,28,28,248,,5*7C
$GBGSV,3,2,11,29,28,248,46,30,76,298,47,35,63,284,,36,63,284,50,5*7A
$GBGSV,3,3,11,39,19,317,43,40,48,168,47,41,03,076,40,,,,,5*45
$GNGGA,115701.87,3724.55207,N,12159.39319,W,1,08,1.1,-13.9,M,-31.6,M,,*53
$GNRMC,115701.87,A,3724.55207,N,12159.39319,W,1.9,47.3,160726,,,A,U*13
$GNGLL,3724.55207,N,12159.39319,W,115701.87,A,A*61
$GNGNS,115701.87,3724.55207,N,12159.39319,W,A,08,1.1,-13.9,-31.6,,,U*41
$GNGSA,A,3,,,,,,,,,,,,,1.8,1.1,1.4,1*3D
$GNGSA,A,3,,,,,,,,,,,,,1.8,1.1,1.4,3*3F
$GNGSA,A,3,11,27,29,30,36,39,40,41,,,,,1.8,1.1,1.4,4*3B
$GPGSV,1,1,00,,,,,,,,,,,,,,,,,8*6D
$GAGSV,1,1,00,,,,,,,,,,,,,,,,,1*75
$GAGSV,1,1,00,,,,,,,,,,,,,,,,,2*76
$GAGSV,1,1,00,,,,,,,,,,,,,,,,,3*77
$GBGSV,3,1,11,11,51,253,46,26,36,050,,27,36,050,46,28,28,248,,5*7F
$GBGSV,3,2,11,29,28,248,45,30,76,298,47,35,63,284,,36,63,284,50,5*79
$GBGSV,3,3,11,39,19,317,43,40,48,168,47,41,03,076,39,,,,,5*4B
$GNGGA,115702.87,3724.55197,N,12159.39313,W,1,08,1.1,-15.0,M,-31.6,M,,*5F
$GNRMC,115702.87,A,3724.55197,N,12159.39313,W,1.9,47.2,160726,,,A,U*11
$GNGLL,3724.55197,N,12159.39313,W,115702.87,A,A*62
$GNGNS,115702.87,3724.55197,N,12159.39313,W,A,08,1.1,-15.0,-31.6,,,U*4D
$GNGSA,A,3,,,,,,,,,,,,,1.8,1.1,1.4,1*3D
$GNGSA,A,3,,,,,,,,,,,,,1.8,1.1,1.4,3*3F
$GNGSA,A,3,11,27,29,30,36,39,40,41,,,,,1.8,1.1,1.4,4*3B
$GPGSV,1,1,00,,,,,,,,,,,,,,,,,8*6D
$GAGSV,1,1,00,,,,,,,,,,,,,,,,,1*75
$GAGSV,1,1,00,,,,,,,,,,,,,,,,,2*76
$GAGSV,1,1,00,,,,,,,,,,,,,,,,,3*77
$GBGSV,3,1,11,11,51,253,45,26,36,050,,27,36,050,46,28,28,248,,5*7C
$GBGSV,3,2,11,29,28,248,46,30,76,298,47,35,63,284,,36,63,284,50,5*7A
$GBGSV,3,3,11,39,19,317,43,40,48,168,47,41,03,076,39,,,,,5*4B
$GNGGA,115703.87,3724.55185,N,12159.39304,W,1,08,1.1,-16.1,M,-31.6,M,,*59
$GNRMC,115703.87,A,3724.55185,N,12159.39304,W,1.9,47.1,160726,,,A,U*16
$GNGLL,3724.55185,N,12159.39304,W,115703.87,A,A*66
$GNGNS,115703.87,3724.55185,N,12159.39304,W,A,08,1.1,-16.1,-31.6,,,U*4B
$GNGSA,A,3,,,,,,,,,,,,,1.8,1.1,1.4,1*3D
$GNGSA,A,3,,,,,,,,,,,,,1.8,1.1,1.4,3*3F
$GNGSA,A,3,11,27,29,30,36,39,40,41,,,,,1.8,1.1,1.4,4*3B
$GPGSV,1,1,00,,,,,,,,,,,,,,,,,8*6D
$GAGSV,1,1,00,,,,,,,,,,,,,,,,,1*75
$GAGSV,1,1,00,,,,,,,,,,,,,,,,,2*76
$GAGSV,1,1,00,,,,,,,,,,,,,,,,,3*77
$GBGSV,3,1,11,11,51,253,45,26,36,050,,27,36,050,46,28,28,248,,5*7C
$GBGSV,3,2,11,29,28,248,46,30,76,298,47,35,63,284,,36,63,284,50,5*7A
$GBGSV,3,3,11,39,19,317,43,40,48,168,47,41,03,076,39,,,,,5*4B
$GNGGA,115704.87,3724.55176,N,12159.39294,W,1,08,1.1,-17.1,M,-31.6,M,,*5B
$GNRMC,115704.87,A,3724.55176,N,12159.39294,W,1.9,47.0,160726,,,A,U*14
$GNGLL,3724.55176,N,12159.39294,W,115704.87,A,A*65
$GNGNS,115704.87,3724.55176,N,12159.39294,W,A,08,1.1,-17.1,-31.6,,,U*49
$GNGSA,A,3,,,,,,,,,,,,,1.8,1.1,1.4,1*3D
$GNGSA,A,3,,,,,,,,,,,,,1.8,1.1,1.4,3*3F
$GNGSA,A,3,11,27,29,30,36,39,40,41,,,,,1.8,1.1,1.4,4*3B
$GPGSV,1,1,00,,,,,,,,,,,,,,,,,8*6D
$GAGSV,1,1,00,,,,,,,,,,,,,,,,,1*75
$GAGSV,1,1,00,,,,,,,,,,,,,,,,,2*76
$GAGSV,1,1,00,,,,,,,,,,,,,,,,,3*77
$GBGSV,3,1,11,11,51,253,46,26,36,050,,27,36,050,46,28,28,248,,5*7F
$GBGSV,3,2,11,29,28,248,46,30,76,298,47,35,63,284,,36,63,283,50,5*7D
$GBGSV,3,3,11,39,19,317,43,40,48,168,47,41,03,076,39,,,,,5*4B
$GNGGA,115705.87,3724.55168,N,12159.39290,W,1,08,1.1,-18.0,M,-31.6,M,,*5F
$GNRMC,115705.87,A,3724.55168,N,12159.39290,W,2.0,47.0,160726,,,A,U*14
$GNGLL,3724.55168,N,12159.39290,W,115705.87,A,A*6F
$GNGNS,115705.87,3724.55168,N,12159.39290,W,A,08,1.1,-18.0,-31.6,,,U*4D
$GNGSA,A,3,,,,,,,,,,,,,1.8,1.1,1.4,1*3D
$GNGSA,A,3,,,,,,,,,,,,,1.8,1.1,1.4,3*3F
$GNGSA,A,3,11,27,29,30,36,39,40,41,,,,,1.8,1.1,1.4,4*3B
$GPGSV,1,1,00,,,,,,,,,,,,,,,,,8*6D
$GAGSV,1,1,00,,,,,,,,,,,,,,,,,1*75
$GAGSV,1,1,00,,,,,,,,,,,,,,,,,2*76
$GAGSV,1,1,00,,,,,,,,,,,,,,,,,3*77
$GBGSV,3,1,11,11,51,253,46,26,36,050,,27,36,050,46,28,28,248,,5*7F
$GBGSV,3,2,11,29,28,248,46,30,76,298,47,35,63,284,,36,63,283,50,5*7D
$GBGSV,3,3,11,39,19,317,43,40,48,168,47,41,03,076,39,,,,,5*4B
$GNGGA,115706.87,3724.55159,N,12159.39286,W,1,08,1.1,-18.8,M,-31.6,M,,*51
$GNRMC,115706.87,A,3724.55159,N,12159.39286,W,2.0,47.0,160726,,,A,U*12
$GNGLL,3724.55159,N,12159.39286,W,115706.87,A,A*69
$GNGNS,115706.87,3724.55159,N,12159.39286,W,A,08,1.1,-18.8,-31.6,,,U*43
$GNGSA,A,3,,,,,,,,,,,,,1.8,1.1,1.4,1*3D
$GNGSA,A,3,,,,,,,,,,,,,1.8,1.1,1.4,3*3F
$GNGSA,A,3,11,27,29,30,36,39,40,41,,,,,1.8,1.1,1.4,4*3B
$GPGSV,1,1,00,,,,,,,,,,,,,,,,,8*6D
$GAGSV,1,1,00,,,,,,,,,,,,,,,,,1*75
$GAGSV,1,1,00,,,,,,,,,,,,,,,,,2*76
$GAGSV,1,1,00,,,,,,,,,,,,,,,,,3*77
$GBGSV,3,1,11,11,51,253,45,26,36,050,,27,36,050,46,28,28,248,,5*7C
$GBGSV,3,2,11,29,28,248,46,30,76,298,47,35,63,284,,36,63,283,50,5*7D
$GBGSV,3,3,11,39,19,317,43,40,48,168,47,41,03,076,39,,,,,5*4B
$GNGGA,115707.87,3724.55153,N,12159.39286,W,1,08,1.1,-19.7,M,-31.6,M,,*54
$GNRMC,115707.87,A,3724.55153,N,12159.39286,W,2.0,47.0,160726,,,A,U*19
$GNGLL,3724.55153,N,12159.39286,W,115707.87,A,A*62
$GNGNS,115707.87,3724.55153,N,12159.39286,W,A,08,1.1,-19.7,-31.6,,,U*46
$GNGSA,A,3,,,,,,,,,,,,,1.8,1.1,1.4,1*3D
$GNGSA,A,3,,,,,,,,,,,,,1.8,1.1,1.4,3*3F
$GNGSA,A,3,11,27,29,30,36,39,40,41,,,,,1.8,1.1,1.4,4*3B
$GPGSV,1,1,00,,,,,,,,,,,,,,,,,8*6D
$GAGSV,1,1,00,,,,,,,,,,,,,,,,,1*75
$GAGSV,1,1,00,,,,,,,,,,,,,,,,,2*76
$GAGSV,1,1,00,,,,,,,,,,,,,,,,,3*77
$GBGSV,3,1,11,11,51,253,45,26,36,050,,27,36,050,46,28,28,248,,5*7C
$GBGSV,3,2,11,29,28,248,46,30,76,298,47,35,63,284,,36,63,283,50,5*7D
$GBGSV,3,3,11,39,19,317,43,40,48,168,47,41,03,076,39,,,,,5*4B
$GNGGA,115708.87,3724.55144,N,12159.39284,W,1,08,1.1,-20.4,M,-31.6,M,,*56
$GNRMC,115708.87,A,3724.55144,N,12159.39284,W,2.0,46.9,160726,,,A,U*1A
$GNGLL,3724.55144,N,12159.39284,W,115708.87,A,A*69
$GNGNS,115708.87,3724.55144,N,12159.39284,W,A,08,1.1,-20.4,-31.6,,,U*44
$GNGSA,A,3,,,,,,,,,,,,,1.8,1.1,1.4,1*3D
$GNGSA,A,3,,,,,,,,,,,,,1.8,1.1,1.4,3*3F
$GNGSA,A,3,11,27,29,30,36,39,40,41,,,,,1.8,1.1,1.4,4*3B
$GPGSV,1,1,00,,,,,,,,,,,,,,,,,8*6D
$GAGSV,1,1,00,,,,,,,,,,,,,,,,,1*75
$GAGSV,1,1,00,,,,,,,,,,,,,,,,,2*76
$GAGSV,1,1,00,,,,,,,,,,,,,,,,,3*77
$GBGSV,3,1,11,11,51,253,46,26,36,050,,27,36,050,46,28,28,248,,5*7F
$GBGSV,3,2,11,29,28,248,46,30,76,298,47,35,63,283,,36,63,283,50,5*7A
$GBGSV,3,3,11,39,19,317,43,40,48,168,47,41,03,076,39,,,,,5*4B
$GNGGA,115709.87,3724.55137,N,12159.39281,W,1,08,1.1,-21.0,M,-31.6,M,,*53
$GNRMC,115709.87,A,3724.55137,N,12159.39281,W,2.0,46.9,160726,,,A,U*1A
$GNGLL,3724.55137,N,12159.39281,W,115709.87,A,A*69
$GNGNS,115709.87,3724.55137,N,12159.39281,W,A,08,1.1,-21.0,-31.6,,,U*41
$GNGSA,A,3,,,,,,,,,,,,,1.8,1.1,1.4,1*3D
$GNGSA,A,3,,,,,,,,,,,,,1.8,1.1,1.4,3*3F
$GNGSA,A,3,11,27,29,30,36,39,40,41,,,,,1.8,1.1,1.4,4*3B
$GPGSV,1,1,00,,,,,,,,,,,,,,,,,8*6D
$GAGSV,1,1,00,,,,,,,,,,,,,,,,,1*75
$GAGSV,1,1,00,,,,,,,,,,,,,,,,,2*76
$GAGSV,1,1,00,,,,,,,,,,,,,,,,,3*77
$GBGSV,3,1,11,11,51,253,46,26,36,050,,27,36,050,46,28,28,248,,5*7F
$GBGSV,3,2,11,29,28,248,46,30,76,298,47,35,63,283,,36,63,283,50,5*7A
$GBGSV,3,3,11,39,19,317,43,40,48,168,47,41,03,076,39,,,,,5*4B
$GNGGA,115710.87,3724.55130,N,12159.39279,W,1,08,1.1,-21.5,M,-31.6,M,,*5E
$GNRMC,115710.87,A,3724.55130,N,12159.39279,W,1.9,47.0,160726,,,A,U*10
$GNGLL,3724.55130,N,12159.39279,W,115710.87,A,A*61
$GNGNS,115710.87,3724.55130,N,12159.39279,W,A,08,1.1,-21.5,-31.6,,,U*4C
$GNGSA,A,3,,,,,,,,,,,,,1.8,1.1,1.4,1*3D
$GNGSA,A,3,,,,,,,,,,,,,1.8,1.1,1.4,3*3F
$GNGSA,A,3,11,27,29,30,36,39,40,41,,,,,1.8,1.1,1.4,4*3B
$GPGSV,1,1,00,,,,,,,,,,,,,,,,,8*6D
$GAGSV,1,1,00,,,,,,,,,,,,,,,,,1*75
$GAGSV,1,1,00,,,,,,,,,,,,,,,,,2*76
$GAGSV,1,1,00,,,,,,,,,,,,,,,,,3*77
$GBGSV,3,1,11,11,51,253,45,26,36,050,,27,36,050,46,28,28,248,,5*7C
$GBGSV,3,2,11,29,28,248,46,30,76,298,47,35,63,283,,36,63,283,50,5*7A
$GBGSV,3,3,11,39,19,317,43,40,48,168,47,41,03,076,39,,,,,5*4B
$GNGGA,115711.87,3724.55122,N,12159.39277,W,1,08,1.1,-22.1,M,-31.6,M,,*55
$GNRMC,115711.87,A,3724.55122,N,12159.39277,W,2.0,47.0,160726,,,A,U*16
$GNGLL,3724.55122,N,12159.39277,W,115711.87,A,A*6D
$GNGNS,115711.87,3724.55122,N,12159.39277,W,A,08,1.1,-22.1,-31.6,,,U*47
$GNGSA,A,3,,,,,,,,,,,,,1.8,1.1,1.4,1*3D
$GNGSA,A,3,,,,,,,,,,,,,1.8,1.1,1.4,3*3F
$GNGSA,A,3,11,27,29,30,36,39,40,41,,,,,1.8,1.1,1.4,4*3B
$GPGSV,1,1,00,,,,,,,,,,,,,,,,,8*6D
$GAGSV,1,1,00,,,,,,,,,,,,,,,,,1*75
$GAGSV,1,1,00,,,,,,,,,,,,,,,,,2*76
$GAGSV,1,1,00,,,,,,,,,,,,,,,,,3*77
$GBGSV,3,1,11,11,51,253,46,26,36,050,,27,36,050,46,28,28,248,,5*7F
$GBGSV,3,2,11,29,28,248,46,30,76,298,47,35,63,283,,36,63,283,50,5*7A
$GBGSV,3,3,11,39,19,317,43,40,48,168,47,41,03,076,39,,,,,5*4B
$GNGGA,115712.87,3724.55306,N,12159.39484,W,1,08,1.1,5.6,M,-31.6,M,,*47
$GNRMC,115712.87,A,3724.55306,N,12159.39484,W,0.1,47.0,160726,,,A,U*18
$GNGLL,3724.55306,N,12159.39484,W,115712.87,A,A*60
$GNGNS,115712.87,3724.55306,N,12159.39484,W,A,08,1.1,5.6,-31.6,,,U*55
$GNGSA,A,3,,,,,,,,,,,,,1.8,1.1,1.4,1*3D
$GNGSA,A,3,,,,,,,,,,,,,1.8,1.1,1.4,3*3F
$GNGSA,A,3,11,27,29,30,36,39,40,41,,,,,1.8,1.1,1.4,4*3B
$GPGSV,1,1,00,,,,,,,,,,,,,,,,,8*6D
$GAGSV,1,1,00,,,,,,,,,,,,,,,,,1*75
$GAGSV,1,1,00,,,,,,,,,,,,,,,,,2*76
$GAGSV,1,1,00,,,,,,,,,,,,,,,,,3*77
$GBGSV,3,1,11,11,51,253,45,26,36,050,,27,36,050,46,28,28,248,,5*7C
$GBGSV,3,2,11,29,28,248,46,30,76,299,47,35,63,283,,36,63,283,50,5*7B
$GBGSV,3,3,11,39,19,317,43,40,48,168,47,41,03,076,39,,,,,5*4B
$GNGGA,115713.87,3724.55294,N,12159.39494,W,1,08,1.1,5.1,M,-31.6,M,,*4A
$GNRMC,115713.87,A,3724.55294,N,12159.39494,W,0.0,47.0,160726,,,A,U*13
$GNGLL,3724.55294,N,12159.39494,W,115713.87,A,A*6A
$GNGNS,115713.87,3724.55294,N,12159.39494,W,A,08,1.1,5.1,-31.6,,,U*58
$GNGSA,A,3,,,,,,,,,,,,,1.8,1.1,1.4,1*3D
$GNGSA,A,3,,,,,,,,,,,,,1.8,1.1,1.4,3*3F
$GNGSA,A,3,11,27,29,30,36,39,40,41,,,,,1.8,1.1,1.4,4*3B
$GPGSV,1,1,00,,,,,,,,,,,,,,,,,8*6D
$GAGSV,1,1,00,,,,,,,,,,,,,,,,,1*75
$GAGSV,1,1,00,,,,,,,,,,,,,,,,,2*76
$GAGSV,1,1,00,,,,,,,,,,,,,,,,,3*77
$GBGSV,3,1,11,11,51,253,45,26,36,050,,27,36,050,46,28,28,248,,5*7C
$GBGSV,3,2,11,29,28,248,46,30,76,299,47,35,63,283,,36,63,283,50,5*7B
$GBGSV,3,3,11,39,19,317,43,40,48,168,47,41,03,076,39,,,,,5*4B
$GNGGA,115714.87,3724.55295,N,12159.39505,W,1,08,1.1,4.7,M,-31.6,M,,*42
$GNRMC,115714.87,A,3724.55295,N,12159.39505,W,0.0,47.0,160726,,,A,U*1C
$GNGLL,3724.55295,N,12159.39505,W,115714.87,A,A*65
$GNGNS,115714.87,3724.55295,N,12159.39505,W,A,08,1.1,4.7,-31.6,,,U*50
$GNGSA,A,3,,,,,,,,,,,,,1.8,1.1,1.4,1*3D
$GNGSA,A,3,,,,,,,,,,,,,1.8,1.1,1.4,3*3F
$GNGSA,A,3,11,27,29,30,36,39,40,41,,,,,1.8,1.1,1.4,4*3B
$GPGSV,1,1,00,,,,,,,,,,,,,,,,,8*6D
$GAGSV,1,1,00,,,,,,,,,,,,,,,,,1*75
$GAGSV,1,1,00,,,,,,,,,,,,,,,,,2*76
$GAGSV,1,1,00,,,,,,,,,,,,,,,,,3*77
$GBGSV,3,1,11,11,51,253,46,26,36,050,,27,36,050,46,28,28,248,,5*7F
$GBGSV,3,2,11,29,28,248,46,30,76,299,47,35,63,283,,36,63,283,50,5*7B
$GBGSV,3,3,11,39,19,317,43,40,48,168,47,41,03,076,38,,,,,5*4A
$GNGGA,115715.87,3724.55298,N,12159.39515,W,1,08,1.1,5.3,M,-31.6,M,,*4A
$GNRMC,115715.87,A,3724.55298,N,12159.39515,W,0.1,47.0,160726,,,A,U*10
$GNGLL,3724.55298,N,12159.39515,W,115715.87,A,A*68
$GNGNS,115715.87,3724.55298,N,12159.39515,W,A,08,1.1,5.3,-31.6,,,U*58
$GNGSA,A,3,,,,,,,,,,,,,1.8,1.1,1.4,1*3D
$GNGSA,A,3,,,,,,,,,,,,,1.8,1.1,1.4,3*3F
$GNGSA,A,3,11,27,29,30,36,39,40,41,,,,,1.8,1.1,1.4,4*3B
$GPGSV,1,1,00,,,,,,,,,,,,,,,,,8*6D
$GAGSV,1,1,00,,,,,,,,,,,,,,,,,1*75
$GAGSV,1,1,00,,,,,,,,,,,,,,,,,2*76
$GAGSV,1,1,00,,,,,,,,,,,,,,,,,3*77
$GBGSV,3,1,11,11,51,253,46,26,36,050,,27,36,050,46,28,28,248,,5*7F
$GBGSV,3,2,11,29,28,248,46,30,76,299,47,35,63,283,,36,63,283,50,5*7B
$GBGSV,3,3,11,39,19,317,43,40,48,168,47,41,03,076,39,,,,,5*4B
$GNGGA,115716.87,3724.55300,N,12159.39513,W,1,08,1.1,5.3,M,-31.6,M,,*4F
$GNRMC,115716.87,A,3724.55300,N,12159.39513,W,0.0,47.0,160726,,,A,U*14
$GNGLL,3724.55300,N,12159.39513,W,115716.87,A,A*6D
$GNGNS,115716.87,3724.55300,N,12159.39513,W,A,08,1.1,5.3,-31.6,,,U*5D
$GNGSA,A,3,,,,,,,,,,,,,1.8,1.1,1.4,1*3D
$GNGSA,A,3,,,,,,,,,,,,,1.8,1.1,1.4,3*3F
$GNGSA,A,3,11,27,29,30,36,39,40,41,,,,,1.8,1.1,1.4,4*3B
$GPGSV,1,1,00,,,,,,,,,,,,,,,,,8*6D
$GAGSV,1,1,00,,,,,,,,,,,,,,,,,1*75
$GAGSV,1,1,00,,,,,,,,,,,,,,,,,2*76
$GAGSV,1,1,00,,,,,,,,,,,,,,,,,3*77
$GBGSV,3,1,11,11,51,253,46,26,36,050,,27,36,050,46,28,28,248,,5*7F
$GBGSV,3,2,11,29,28,248,46,30,76,299,47,35,63,283,,36,63,283,50,5*7B
$GBGSV,3,3,11,39,19,317,43,40,48,168,47,41,03,076,38,,,,,5*4A
$GNGGA,115717.87,3724.55301,N,12159.39507,W,1,08,1.1,5.2,M,-31.6,M,,*4B
$GNRMC,115717.87,A,3724.55301,N,12159.39507,W,0.0,47.0,160726,,,A,U*11
$GNGLL,3724.55301,N,12159.39507,W,115717.87,A,A*68
$GNGNS,115717.87,3724.55301,N,12159.39507,W,A,08,1.1,5.2,-31.6,,,U*59
$GNGSA,A,3,,,,,,,,,,,,,1.8,1.1,1.4,1*3D
$GNGSA,A,3,,,,,,,,,,,,,1.8,1.1,1.4,3*3F
$GNGSA,A,3,11,27,29,30,36,39,40,41,,,,,1.8,1.1,1.4,4*3B
$GPGSV,1,1,00,,,,,,,,,,,,,,,,,8*6D
$GAGSV,1,1,00,,,,,,,,,,,,,,,,,1*75
$GAGSV,1,1,00,,,,,,,,,,,,,,,,,2*76
$GAGSV,1,1,00,,,,,,,,,,,,,,,,,3*77
$GBGSV,3,1,11,11,51,253,46,26,36,050,,27,36,050,46,28,28,248,,5*7F
$GBGSV,3,2,11,29,28,248,46,30,76,299,47,35,63,283,,36,63,283,50,5*7B
$GBGSV,3,3,11,39,19,317,43,40,48,168,47,41,03,076,38,,,,,5*4A
$GNGGA,115718.87,3724.55305,N,12159.39502,W,1,08,1.1,5.2,M,-31.6,M,,*45
$GNRMC,115718.87,A,3724.55305,N,12159.39502,W,0.1,47.0,160726,,,A,U*1E
$GNGLL,3724.55305,N,12159.39502,W,115718.87,A,A*66
$GNGNS,115718.87,3724.55305,N,12159.39502,W,A,08,1.1,5.2,-31.6,,,U*57
$GNGSA,A,3,,,,,,,,,,,,,1.8,1.1,1.4,1*3D
$GNGSA,A,3,,,,,,,,,,,,,1.8,1.1,1.4,3*3F
$GNGSA,A,3,11,27,29,30,36,39,40,41,,,,,1.8,1.1,1.4,4*3B
$GPGSV,1,1,00,,,,,,,,,,,,,,,,,8*6D
$GAGSV,1,1,00,,,,,,,,,,,,,,,,,1*75
$GAGSV,1,1,00,,,,,,,,,,,,,,,,,2*76
$GAGSV,1,1,00,,,,,,,,,,,,,,,,,3*77
$GBGSV,3,1,11,11,51,253,46,26,36,050,,27,36,050,46,28,28,248,,5*7F
$GBGSV,3,2,11,29,28,248,46,30,76,299,47,35,63,283,,36,63,283,50,5*7B
$GBGSV,3,3,11,39,19,317,43,40,48,168,47,41,03,076,38,,,,,5*4A
$GNGGA,115719.87,3724.55304,N,12159.39499,W,1,08,1.1,5.0,M,-31.6,M,,*44
$GNRMC,115719.87,A,3724.55304,N,12159.39499,W,0.1,47.0,160726,,,A,U*1D
$GNGLL,3724.55304,N,12159.39499,W,115719.87,A,A*65
$GNGNS,115719.87,3724.55304,N,12159.39499,W,A,08,1.1,5.0,-31.6,,,U*56
$GNGSA,A,3,,,,,,,,,,,,,1.8,1.1,1.4,1*3D
$GNGSA,A,3,,,,,,,,,,,,,1.8,1.1,1.4,3*3F
$GNGSA,A,3,11,27,29,30,36,39,40,41,,,,,1.8,1.1,1.4,4*3B
$GPGSV,1,1,00,,,,,,,,,,,,,,,,,8*6D
$GAGSV,1,1,00,,,,,,,,,,,,,,,,,1*75
$GAGSV,1,1,00,,,,,,,,,,,,,,,,,2*76
$GAGSV,1,1,00,,,,,,,,,,,,,,,,,3*77
$GBGSV,3,1,11,11,51,253,46,26,36,050,,27,36,050,46,28,28,248,,5*7F
$GBGSV,3,2,11,29,28,248,46,30,76,299,47,35,63,283,,36,63,283,50,5*7B
$GBGSV,3,3,11,39,19,317,43,40,48,168,47,41,03,076,38,,,,,5*4A
$GNGGA,115720.87,3724.55307,N,12159.39493,W,1,08,1.1,4.7,M,-31.6,M,,*41
$GNRMC,115720.87,A,3724.55307,N,12159.39493,W,0.2,55.1,160726,,,A,U*1F
$GNGLL,3724.55307,N,12159.39493,W,115720.87,A,A*66
$GNGNS,115720.87,3724.55307,N,12159.39493,W,A,08,1.1,4.7,-31.6,,,U*53
$GNGSA,A,3,,,,,,,,,,,,,1.8,1.1,1.4,1*3D
$GNGSA,A,3,,,,,,,,,,,,,1.8,1.1,1.4,3*3F
$GNGSA,A,3,11,27,29,30,36,39,40,41,,,,,1.8,1.1,1.4,4*3B
$GPGSV,1,1,00,,,,,,,,,,,,,,,,,8*6D
$GAGSV,1,1,00,,,,,,,,,,,,,,,,,1*75
$GAGSV,1,1,00,,,,,,,,,,,,,,,,,2*76
$GAGSV,1,1,00,,,,,,,,,,,,,,,,,3*77
$GBGSV,3,1,11,11,51,253,46,26,36,050,,27,36,050,46,28,28,248,,5*7F
$GBGSV,3,2,11,29,28,248,46,30,76,299,47,35,63,283,,36,63,283,50,5*7B
$GBGSV,3,3,11,39,19,317,43,40,48,168,47,41,03,076,37,,,,,5*45
$GNGGA,115721.87,3724.55308,N,12159.39487,W,1,08,1.1,4.3,M,-31.6,M,,*4E
$GNRMC,115721.87,A,3724.55308,N,12159.39487,W,0.2,53.6,160726,,,A,U*15
$GNGLL,3724.55308,N,12159.39487,W,115721.87,A,A*6D
$GNGNS,115721.87,3724.55308,N,12159.39487,W,A,08,1.1,4.3,-31.6,,,U*5C
$GNGSA,A,3,,,,,,,,,,,,,1.8,1.1,1.4,1*3D
$GNGSA,A,3,,,,,,,,,,,,,1.8,1.1,1.4,3*3F
$GNGSA,A,3,11,27,29,30,36,39,40,41,,,,,1.8,1.1,1.4,4*3B
$GPGSV,1,1,00,,,,,,,,,,,,,,,,,8*6D
$GAGSV,1,1,00,,,,,,,,,,,,,,,,,1*75
$GAGSV,1,1,00,,,,,,,,,,,,,,,,,2*76
$GAGSV,1,1,00,,,,,,,,,,,,,,,,,3*77
$GBGSV,3,1,11,11,51,253,46,26,36,050,,27,36,050,46,28,28,248,,5*7F
$GBGSV,3,2,11,29,28,248,46,30,76,299,47,35,63,283,,36,63,283,49,5*73
$GBGSV,3,3,11,39,19,317,43,40,48,168,47,41,03,076,37,,,,,5*45
$GNGGA,115722.87,3724.55305,N,12159.39486,W,1,08,1.1,3.9,M,-31.6,M,,*4C
$GNRMC,115722.87,A,3724.55305,N,12159.39486,W,0.3,52.2,160726,,,A,U*1E
$GNGLL,3724.55305,N,12159.39486,W,115722.87,A,A*62
$GNGNS,115722.87,3724.55305,N,12159.39486,W,A,08,1.1,3.9,-31.6,,,U*5E
$GNGSA,A,3,,,,,,,,,,,,,1.8,1.1,1.4,1*3D
$GNGSA,A,3,,,,,,,,,,,,,1.8,1.1,1.4,3*3F
$GNGSA,A,3,11,27,29,30,36,39,40,41,,,,,1.8,1.1,1.4,4*3B
$GPGSV,1,1,00,,,,,,,,,,,,,,,,,8*6D
$GAGSV,1,1,00,,,,,,,,,,,,,,,,,1*75
$GAGSV,1,1,00,,,,,,,,,,,,,,,,,2*76
$GAGSV,1,1,00,,,,,,,,,,,,,,,,,3*77
$GBGSV,3,1,11,11,51,253,46,26,36,050,,27,36,050,46,28,28,248,,5*7F
$GBGSV,3,2,11,29,28,248,46,30,76,299,47,35,63,283,,36,63,283,49,5*73
$GBGSV,3,3,11,39,19,317,43,40,48,168,47,41,03,076,37,,,,,5*45
$GNGGA,115723.87,3724.55301,N,12159.39485,W,1,08,1.1,3.4,M,-31.6,M,,*47
$GNRMC,115723.87,A,3724.55301,N,12159.39485,W,0.4,51.1,160726,,,A,U*1F
$GNGLL,3724.55301,N,12159.39485,W,115723.87,A,A*64
$GNGNS,115723.87,3724.55301,N,12159.39485,W,A,08,1.1,3.4,-31.6,,,U*55
$GNGSA,A,3,,,,,,,,,,,,,1.8,1.1,1.4,1*3D
$GNGSA,A,3,,,,,,,,,,,,,1.8,1.1,1.4,3*3F
$GNGSA,A,3,11,27,29,30,36,39,40,41,,,,,1.8,1.1,1.4,4*3B
$GPGSV,1,1,00,,,,,,,,,,,,,,,,,8*6D
$GAGSV,1,1,00,,,,,,,,,,,,,,,,,1*75
$GAGSV,1,1,00,,,,,,,,,,,,,,,,,2*76
$GAGSV,1,1,00,,,,,,,,,,,,,,,,,3*77
$GBGSV,3,1,11,11,51,253,46,26,36,050,,27,36,050,46,28,28,248,,5*7F
$GBGSV,3,2,11,29,28,248,46,30,76,299,47,35,63,283,,36,63,283,50,5*7B
$GBGSV,3,3,11,39,19,317,42,40,48,168,47,41,03,076,37,,,,,5*44
$GNGGA,115724.87,3724.55299,N,12159.39478,W,1,08,1.1,2.8,M,-31.6,M,,*4F
$GNRMC,115724.87,A,3724.55299,N,12159.39478,W,0.5,50.4,160726,,,A,U*1F
$GNGLL,3724.55299,N,12159.39478,W,115724.87,A,A*61
$GNGNS,115724.87,3724.55299,N,12159.39478,W,A,08,1.1,2.8,-31.6,,,U*5D
$GNGSA,A,3,,,,,,,,,,,,,1.8,1.1,1.4,1*3D
$GNGSA,A,3,,,,,,,,,,,,,1.8,1.1,1.4,3*3F
$GNGSA,A,3,11,27,29,30,36,39,40,41,,,,,1.8,1.1,1.4,4*3B
$GPGSV,1,1,00,,,,,,,,,,,,,,,,,8*6D
$GAGSV,1,1,00,,,,,,,,,,,,,,,,,1*75
$GAGSV,1,1,00,,,,,,,,,,,,,,,,,2*76
$GAGSV,1,1,00,,,,,,,,,,,,,,,,,3*77
$GBGSV,3,1,11,11,51,253,46,26,36,050,,27,36,050,46,28,28,248,,5*7F
$GBGSV,3,2,11,29,28,248,46,30,76,299,47,35,63,283,,36,63,283,50,5*7B
$GBGSV,3,3,11,39,19,317,42,40,48,168,47,41,03,076,37,,,,,5*44
$GNGGA,115725.87,3724.55294,N,12159.39467,W,1,08,1.1,2.2,M,-31.6,M,,*47
$GNRMC,115725.87,A,3724.55294,N,12159.39467,W,0.6,49.9,160726,,,A,U*1B
$GNGLL,3724.55294,N,12159.39467,W,115725.87,A,A*63
$GNGNS,115725.87,3724.55294,N,12159.39467,W,A,08,1.1,2.2,-31.6,,,U*55
$GNGSA,A,3,,,,,,,,,,,,,1.8,1.1,1.4,1*3D
$GNGSA,A,3,,,,,,,,,,,,,1.8,1.1,1.4,3*3F
$GNGSA,A,3,11,27,29,30,36,39,40,41,,,,,1.8,1.1,1.4,4*3B
$GPGSV,1,1,00,,,,,,,,,,,,,,,,,8*6D
$GAGSV,1,1,00,,,,,,,,,,,,,,,,,1*75
$GAGSV,1,1,00,,,,,,,,,,,,,,,,,2*76
$GAGSV,1,1,00,,,,,,,,,,,,,,,,,3*77
$GBGSV,3,1,11,11,51,253,46,26,36,050,,27,36,050,46,28,28,248,,5*7F
$GBGSV,3,2,11,29,28,248,46,30,76,299,47,35,63,283,,36,63,283,50,5*7B
$GBGSV,3,3,11,39,19,317,43,40,48,168,47,41,03,076,37,,,,,5*45
$GNGGA,115726.87,3724.55295,N,12159.39461,W,1,08,1.1,1.4,M,-31.6,M,,*46
$GNRMC,115726.87,A,3724.55295,N,12159.39461,W,0.7,49.5,160726,,,A,U*12
$GNGLL,3724.55295,N,12159.39461,W,115726.87,A,A*67
$GNGNS,115726.87,3724.55295,N,12159.39461,W,A,08,1.1,1.4,-31.6,,,U*54
$GNGSA,A,3,,,,,,,,,,,,,1.8,1.1,1.4,1*3D
$GNGSA,A,3,,,,,,,,,,,,,1.8,1.1,1.4,3*3F
$GNGSA,A,3,11,27,29,30,36,39,40,41,,,,,1.8,1.1,1.4,4*3B
$GPGSV,1,1,00,,,,,,,,,,,,,,,,,8*6D
$GAGSV,1,1,00,,,,,,,,,,,,,,,,,1*75
$GAGSV,1,1,00,,,,,,,,,,,,,,,,,2*76
$GAGSV,1,1,00,,,,,,,,,,,,,,,,,3*77
$GBGSV,3,1,11,11,51,253,46,26,36,050,,27,36,050,46,28,28,248,,5*7F
$GBGSV,3,2,11,29,28,248,46,30,76,299,47,35,63,283,,36,63,283,50,5*7B
$GBGSV,3,3,11,39,19,317,42,40,48,168,47,41,03,076,37,,,,,5*44
$GNGGA,115727.87,3724.55292,N,12159.39452,W,1,08,1.1,0.5,M,-31.6,M,,*40
$GNRMC,115727.87,A,3724.55292,N,12159.39452,W,0.8,49.1,160726,,,A,U*1F
$GNGLL,3724.55292,N,12159.39452,W,115727.87,A,A*61
$GNGNS,115727.87,3724.55292,N,12159.39452,W,A,08,1.1,0.5,-31.6,,,U*52
$GNGSA,A,3,,,,,,,,,,,,,1.8,1.1,1.4,1*3D
$GNGSA,A,3,,,,,,,,,,,,,1.8,1.1,1.4,3*3F
$GNGSA,A,3,11,27,29,30,36,39,40,41,,,,,1.8,1.1,1.4,4*3B
$GPGSV,1,1,00,,,,,,,,,,,,,,,,,8*6D
$GAGSV,1,1,00,,,,,,,,,,,,,,,,,1*75
$GAGSV,1,1,00,,,,,,,,,,,,,,,,,2*76
$GAGSV,1,1,00,,,,,,,,,,,,,,,,,3*77
$GBGSV,3,1,11,11,51,253,46,26,36,050,,27,36,050,46,28,28,248,,5*7F
$GBGSV,3,2,11,29,28,248,46,30,76,299,47,35,63,283,,36,63,283,50,5*7B
$GBGSV,3,3,11,39,19,317,42,40,48,168,47,41,03,076,37,,,,,5*44
$GNGGA,115728.87,3724.55288,N,12159.39441,W,1,08,1.1,-0.4,M,-31.6,M,,*6A
$GNRMC,115728.87,A,3724.55288,N,12159.39441,W,0.9,48.6,160726,,,A,U*1E
$GNGLL,3724.55288,N,12159.39441,W,115728.87,A,A*67
$GNGNS,115728.87,3724.55288,N,12159.39441,W,A,08,1.1,-0.4,-31.6,,,U*78
$GNGSA,A,3,,,,,,,,,,,,,1.8,1.1,1.4,1*3D
$GNGSA,A,3,,,,,,,,,,,,,1.8,1.1,1.4,3*3F
$GNGSA,A,3,11,27,29,30,36,39,40,41,,,,,1.8,1.1,1.4,4*3B
$GPGSV,1,1,00,,,,,,,,,,,,,,,,,8*6D
$GAGSV,1,1,00,,,,,,,,,,,,,,,,,1*75
$GAGSV,1,1,00,,,,,,,,,,,,,,,,,2*76
$GAGSV,1,1,00,,,,,,,,,,,,,,,,,3*77
$GBGSV,3,1,11,11,51,253,46,26,36,050,,27,36,050,46,28,28,248,,5*7F
$GBGSV,3,2,11,29,28,248,46,30,76,299,47,35,63,283,,36,63,283,50,5*7B
$GBGSV,3,3,11,39,19,317,42,40,48,168,47,41,03,076,37,,,,,5*44
$GNGGA,115729.87,3724.55284,N,12159.39432,W,1,08,1.1,-1.3,M,-31.6,M,,*65
$GNRMC,115729.87,A,3724.55284,N,12159.39432,W,1.0,48.4,160726,,,A,U*1D
$GNGLL,3724.55284,N,12159.39432,W,115729.87,A,A*6E
$GNGNS,115729.87,3724.55284,N,12159.39432,W,A,08,1.1,-1.3,-31.6,,,U*77
$GNGSA,A,3,,,,,,,,,,,,,1.8,1.1,1.4,1*3D
$GNGSA,A,3,,,,,,,,,,,,,1.8,1.1,1.4,3*3F
$GNGSA,A,3,11,27,29,30,36,39,40,41,,,,,1.8,1.1,1.4,4*3B
$GPGSV,1,1,00,,,,,,,,,,,,,,,,,8*6D
$GAGSV,1,1,00,,,,,,,,,,,,,,,,,1*75
$GAGSV,1,1,00,,,,,,,,,,,,,,,,,2*76
$GAGSV,1,1,00,,,,,,,,,,,,,,,,,3*77
$GBGSV,3,1,11,11,51,253,46,26,36,050,,27,36,050,46,28,28,248,,5*7F
$GBGSV,3,2,11,29,28,248,46,30,76,299,47,35,63,283,,36,63,283,50,5*7B
$GBGSV,3,3,11,39,19,317,42,40,48,168,47,41,03,076,37,,,,,5*44
$GNGGA,115730.87,3724.55279,N,12159.39421,W,1,08,1.1,-2.2,M,-31.6,M,,*6F
$GNRMC,115730.87,A,3724.55279,N,12159.39421,W,1.0,48.2,160726,,,A,U*13
$GNGLL,3724.55279,N,12159.39421,W,115730.87,A,A*66
$GNGNS,115730.87,3724.55279,N,12159.39421,W,A,08,1.1,-2.2,-31.6,,,U*7D
$GNGSA,A,3,,,,,,,,,,,,,1.8,1.1,1.4,1*3D
$GNGSA,A,3,,,,,,,,,,,,,1.8,1.1,1.4,3*3F
$GNGSA,A,3,11,27,29,30,36,39,40,41,,,,,1.8,1.1,1.4,4*3B
$GPGSV,1,1,00,,,,,,,,,,,,,,,,,8*6D
$GAGSV,1,1,00,,,,,,,,,,,,,,,,,1*75
$GAGSV,1,1,00,,,,,,,,,,,,,,,,,2*76
$GAGSV,1,1,00,,,,,,,,,,,,,,,,,3*77
$GBGSV,3,1,11,11,51,253,46,26,36,050,,27,36,050,46,28,28,248,,5*7F
$GBGSV,3,2,11,29,28,248,46,30,76,299,47,35,63,283,,36,63,283,50,5*7B
$GBGSV,3,3,11,39,19,317,42,40,48,168,47,41,03,076,37,,,,,5*44
$GNGGA,115731.87,3724.55271,N,12159.39409,W,1,08,1.1,-3.3,M,-31.6,M,,*6C
$GNRMC,115731.87,A,3724.55271,N,12159.39409,W,1.1,48.0,160726,,,A,U*13
$GNGLL,3724.55271,N,12159.39409,W,115731.87,A,A*65
$GNGNS,115731.87,3724.55271,N,12159.39409,W,A,08,1.1,-3.3,-31.6,,,U*7E
$GNGSA,A,3,,,,,,,,,,,,,1.8,1.1,1.4,1*3D
$GNGSA,A,3,,,,,,,,,,,,,1.8,1.1,1.4,3*3F
$GNGSA,A,3,11,27,29,30,36,39,40,41,,,,,1.8,1.1,1.4,4*3B
$GPGSV,1,1,00,,,,,,,,,,,,,,,,,8*6D
$GAGSV,1,1,00,,,,,,,,,,,,,,,,,1*75
$GAGSV,1,1,00,,,,,,,,,,,,,,,,,2*76
$GAGSV,1,1,00,,,,,,,,,,,,,,,,,3*77
$GBGSV,3,1,12,11,51,253,46,26,36,050,,27,36,050,46,28,28,248,,5*7C
$GBGSV,3,2,12,29,28,248,46,30,76,299,47,35,63,283,,36,63,283,50,5*78
$GBGSV,3,3,12,38,19,317,,39,19,317,42,40,48,168,47,41,03,076,36,5*70
$GNGGA,115732.87,3724.55264,N,12159.39398,W,1,08,1.1,-4.4,M,-31.6,M,,*64
$GNRMC,115732.87,A,3724.55264,N,12159.39398,W,1.2,47.9,160726,,,A,U*1E
$GNGLL,3724.55264,N,12159.39398,W,115732.87,A,A*6D
$GNGNS,115732.87,3724.55264,N,12159.39398,W,A,08,1.1,-4.4,-31.6,,,U*76
$GNGSA,A,3,,,,,,,,,,,,,1.8,1.1,1.4,1*3D
$GNGSA,A,3,,,,,,,,,,,,,1.8,1.1,1.4,3*3F
$GNGSA,A,3,11,27,29,30,36,39,40,41,,,,,1.8,1.1,1.4,4*3B
$GPGSV,1,1,00,,,,,,,,,,,,,,,,,8*6D
$GAGSV,1,1,00,,,,,,,,,,,,,,,,,1*75
$GAGSV,1,1,00,,,,,,,,,,,,,,,,,2*76
$GAGSV,1,1,00,,,,,,,,,,,,,,,,,3*77
$GBGSV,3,1,12,11,51,253,46,26,36,050,,27,36,050,46,28,28,248,,5*7C
$GBGSV,3,2,12,29,28,248,46,30,76,299,47,35,63,283,,36,63,283,50,5*78
$GBGSV,3,3,12,38,19,317,,39,19,317,42,40,48,168,47,41,03,076,37,5*71
$GNGGA,115733.87,3724.55255,N,12159.39390,W,1,08,1.1,-5.5,M,-31.6,M,,*6F
$GNRMC,115733.87,A,3724.55255,N,12159.39390,W,1.3,47.7,160726,,,A,U*1A
$GNGLL,3724.55255,N,12159.39390,W,115733.87,A,A*66
$GNGNS,115733.87,3724.55255,N,12159.39390,W,A,08,1.1,-5.5,-31.6,,,U*7D
$GNGSA,A,3,,,,,,,,,,,,,1.8,1.1,1.4,1*3D
$GNGSA,A,3,,,,,,,,,,,,,1.8,1.1,1.4,3*3F
$GNGSA,A,3,11,27,29,30,36,39,40,41,,,,,1.8,1.1,1.4,4*3B
$GPGSV,1,1,00,,,,,,,,,,,,,,,,,8*6D
$GAGSV,1,1,00,,,,,,,,,,,,,,,,,1*75
$GAGSV,1,1,00,,,,,,,,,,,,,,,,,2*76
$GAGSV,1,1,00,,,,,,,,,,,,,,,,,3*77
$GBGSV,3,1,12,11,51,253,46,26,36,050,,27,36,050,46,28,28,248,,5*7C
$GBGSV,3,2,12,29,28,248,46,30,76,299,47,35,63,283,,36,63,283,50,5*78
$GBGSV,3,3,12,38,19,317,,39,19,317,42,40,48,168,47,41,03,076,37,5*71
$GNGGA,115734.87,3724.55246,N,12159.39391,W,1,08,1.1,-6.8,M,-31.6,M,,*65
$GNRMC,115734.87,A,3724.55246,N,12159.39391,W,1.3,47.6,160726,,,A,U*1F
$GNGLL,3724.55246,N,12159.39391,W,115734.87,A,A*62
$GNGNS,115734.87,3724.55246,N,12159.39391,W,A,08,1.1,-6.8,-31.6,,,U*77
$GNGSA,A,3,,,,,,,,,,,,,1.8,1.1,1.4,1*3D
$GNGSA,A,3,,,,,,,,,,,,,1.8,1.1,1.4,3*3F
$GNGSA,A,3,11,27,29,30,36,39,40,41,,,,,1.8,1.1,1.4,4*3B
$GPGSV,1,1,00,,,,,,,,,,,,,,,,,8*6D
$GAGSV,1,1,00,,,,,,,,,,,,,,,,,1*75
$GAGSV,1,1,00,,,,,,,,,,,,,,,,,2*76
$GAGSV,1,1,00,,,,,,,,,,,,,,,,,3*77
$GBGSV,3,1,12,11,51,253,46,26,36,050,,27,36,050,46,28,28,248,,5*7C
$GBGSV,3,2,12,29,28,248,46,30,76,299,47,35,63,283,,36,63,283,50,5*78
$GBGSV,3,3,12,38,19,317,,39,19,317,42,40,48,168,47,41,03,076,37,5*71
$GNGGA,115735.87,3724.55238,N,12159.39389,W,1,08,1.1,-7.9,M,-31.6,M,,*64
$GNRMC,115735.87,A,3724.55238,N,12159.39389,W,1.4,47.6,160726,,,A,U*19
$GNGLL,3724.55238,N,12159.39389,W,115735.87,A,A*63
$GNGNS,115735.87,3724.55238,N,12159.39389,W,A,08,1.1,-7.9,-31.6,,,U*76
$GNGSA,A,3,,,,,,,,,,,,,1.8,1.1,1.4,1*3D
$GNGSA,A,3,,,,,,,,,,,,,1.8,1.1,1.4,3*3F
$GNGSA,A,3,11,27,29,30,36,39,40,41,,,,,1.8,1.1,1.4,4*3B
$GPGSV,1,1,00,,,,,,,,,,,,,,,,,8*6D
$GAGSV,1,1,00,,,,,,,,,,,,,,,,,1*75
$GAGSV,1,1,00,,,,,,,,,,,,,,,,,2*76
$GAGSV,1,1,00,,,,,,,,,,,,,,,,,3*77
$GBGSV,3,1,12,11,51,253,46,26,36,050,,27,36,050,46,28,28,248,,5*7C
$GBGSV,3,2,12,29,28,248,46,30,76,299,47,35,63,283,,36,63,283,50,5*78
$GBGSV,3,3,12,38,19,317,,39,19,317,42,40,48,168,47,41,03,076,37,5*71
$GNGGA,115736.87,3724.55231,N,12159.39386,W,1,08,1.1,-8.9,M,-31.6,M,,*6E
$GNRMC,115736.87,A,3724.55231,N,12159.39386,W,1.4,47.4,160726,,,A,U*1E
$GNGLL,3724.55231,N,12159.39386,W,115736.87,A,A*66
$GNGNS,115736.87,3724.55231,N,12159.39386,W,A,08,1.1,-8.9,-31.6,,,U*7C
$GNGSA,A,3,,,,,,,,,,,,,1.8,1.1,1.4,1*3D
$GNGSA,A,3,,,,,,,,,,,,,1.8,1.1,1.4,3*3F
$GNGSA,A,3,11,27,29,30,36,39,40,41,,,,,1.8,1.1,1.4,4*3B
$GPGSV,1,1,00,,,,,,,,,,,,,,,,,8*6D
$GAGSV,1,1,00,,,,,,,,,,,,,,,,,1*75
$GAGSV,1,1,00,,,,,,,,,,,,,,,,,2*76
$GAGSV,1,1,00,,,,,,,,,,,,,,,,,3*77
$GBGSV,3,1,12,11,51,253,46,26,36,050,,27,36,050,46,28,28,248,,5*7C
$GBGSV,3,2,12,29,28,248,46,30,76,299,47,35,63,283,,36,63,283,50,5*78
$GBGSV,3,3,12,38,19,317,,39,19,317,42,40,48,168,47,41,03,076,37,5*71
$GNGGA,115737.87,3724.55222,N,12159.39384,W,1,08,1.1,-10.0,M,-31.6,M,,*5F
$GNRMC,115737.87,A,3724.55222,N,12159.39384,W,1.4,47.5,160726,,,A,U*1E
$GNGLL,3724.55222,N,12159.39384,W,115737.87,A,A*67
$GNGNS,115737.87,3724.55222,N,12159.39384,W,A,08,1.1,-10.0,-31.6,,,U*4D
$GNGSA,A,3,,,,,,,,,,,,,1.8,1.1,1.4,1*3D
$GNGSA,A,3,,,,,,,,,,,,,1.8,1.1,1.4,3*3F
$GNGSA,A,3,11,27,29,30,36,39,40,41,,,,,1.8,1.1,1.4,4*3B
$GPGSV,1,1,00,,,,,,,,,,,,,,,,,8*6D
$GAGSV,1,1,00,,,,,,,,,,,,,,,,,1*75
$GAGSV,1,1,00,,,,,,,,,,,,,,,,,2*76
$GAGSV,1,1,00,,,,,,,,,,,,,,,,,3*77
$GBGSV,3,1,12,11,51,253,46,26,36,050,,27,36,050,46,28,28,248,,5*7C
$GBGSV,3,2,12,29,28,248,46,30,76,299,47,35,63,283,,36,63,283,50,5*78
$GBGSV,3,3,12,38,19,317,,39,19,317,42,40,48,168,47,41,03,076,37,5*71
$GNGGA,115738.87,3724.55213,N,12159.39383,W,1,08,1.1,-11.0,M,-31.6,M,,*54
$GNRMC,115738.87,A,3724.55213,N,12159.39383,W,1.5,47.4,160726,,,A,U*14
$GNGLL,3724.55213,N,12159.39383,W,115738.87,A,A*6D
$GNGNS,115738.87,3724.55213,N,12159.39383,W,A,08,1.1,-11.0,-31.6,,,U*46
$GNGSA,A,3,,,,,,,,,,,,,1.8,1.1,1.4,1*3D
$GNGSA,A,3,,,,,,,,,,,,,1.8,1.1,1.4,3*3F
$GNGSA,A,3,11,27,29,30,36,39,40,41,,,,,1.8,1.1,1.4,4*3B
$GPGSV,1,1,00,,,,,,,,,,,,,,,,,8*6D
$GAGSV,1,1,00,,,,,,,,,,,,,,,,,1*75
$GAGSV,1,1,00,,,,,,,,,,,,,,,,,2*76
$GAGSV,1,1,00,,,,,,,,,,,,,,,,,3*77
$GBGSV,3,1,12,11,51,253,46,26,36,050,,27,36,050,46,28,28,248,,5*7C
$GBGSV,3,2,12,29,28,248,46,30,76,299,47,35,63,283,,36,63,283,50,5*78
$GBGSV,3,3,12,38,19,317,,39,19,317,42,40,47,168,47,41,03,076,37,5*7E
$GNGGA,115739.87,3724.55203,N,12159.39378,W,1,08,1.1,-12.0,M,-31.6,M,,*53
$GNRMC,115739.87,A,3724.55203,N,12159.39378,W,1.5,47.3,160726,,,A,U*17
$GNGLL,3724.55203,N,12159.39378,W,115739.87,A,A*69
$GNGNS,115739.87,3724.55203,N,12159.39378,W,A,08,1.1,-12.0,-31.6,,,U*41
$GNGSA,A,3,,,,,,,,,,,,,1.8,1.1,1.4,1*3D
$GNGSA,A,3,,,,,,,,,,,,,1.8,1.1,1.4,3*3F
$GNGSA,A,3,11,27,29,30,36,39,40,41,,,,,1.8,1.1,1.4,4*3B
$GPGSV,1,1,00,,,,,,,,,,,,,,,,,8*6D
$GAGSV,1,1,00,,,,,,,,,,,,,,,,,1*75
$GAGSV,1,1,00,,,,,,,,,,,,,,,,,2*76
$GAGSV,1,1,00,,,,,,,,,,,,,,,,,3*77
$GBGSV,3,1,12,11,51,253,46,26,36,050,,27,36,050,46,28,28,248,,5*7C
$GBGSV,3,2,12,29,28,248,46,30,76,299,47,35,63,283,,36,63,283,50,5*78
$GBGSV,3,3,12,38,19,317,,39,19,317,42,40,47,168,47,41,03,076,37,5*7E
$GNGGA,115740.87,3724.55197,N,12159.39377,W,1,08,1.1,-12.9,M,-31.6,M,,*55
$GNRMC,115740.87,A,3724.55197,N,12159.39377,W,1.5,47.2,160726,,,A,U*19
$GNGLL,3724.55197,N,12159.39377,W,115740.87,A,A*66
$GNGNS,115740.87,3724.55197,N,12159.39377,W,A,08,1.1,-12.9,-31.6,,,U*47
$GNGSA,A,3,,,,,,,,,,,,,1.8,1.1,1.4,1*3D
$GNGSA,A,3,,,,,,,,,,,,,1.8,1.1,1.4,3*3F
$GNGSA,A,3,11,27,29,30,36,39,40,41,,,,,1.8,1.1,1.4,4*3B
$GPGSV,1,1,00,,,,,,,,,,,,,,,,,8*6D
$GAGSV,1,1,00,,,,,,,,,,,,,,,,,1*75
$GAGSV,1,1,00,,,,,,,,,,,,,,,,,2*76
$GAGSV,1,1,00,,,,,,,,,,,,,,,,,3*77
$GBGSV,3,1,12,11,51,253,46,26,36,050,,27,36,050,46,28,28,248,,5*7C
$GBGSV,3,2,12,29,28,248,46,30,76,299,47,35,63,283,,36,63,283,50,5*78
$GBGSV,3,3,12,38,19,317,,39,19,317,42,40,47,168,47,41,03,076,37,5*7E
$GNGGA,115741.87,3724.55192,N,12159.39372,W,1,08,1.1,-13.8,M,-31.6,M,,*54
$GNRMC,115741.87,A,3724.55192,N,12159.39372,W,1.6,47.1,160726,,,A,U*18
$GNGLL,3724.55192,N,12159.39372,W,115741.87,A,A*67
$GNGNS,115741.87,3724.55192,N,12159.39372,W,A,08,1.1,-13.8,-31.6,,,U*46
$GNGSA,A,3,,,,,,,,,,,,,1.8,1.1,1.4,1*3D
$GNGSA,A,3,,,,,,,,,,,,,1.8,1.1,1.4,3*3F
$GNGSA,A,3,11,27,29,30,36,39,40,41,,,,,1.8,1.1,1.4,4*3B
$GPGSV,1,1,00,,,,,,,,,,,,,,,,,8*6D
$GAGSV,1,1,00,,,,,,,,,,,,,,,,,1*75
$GAGSV,1,1,00,,,,,,,,,,,,,,,,,2*76
$GAGSV,1,1,00,,,,,,,,,,,,,,,,,3*77
$GBGSV,3,1,12,11,51,253,46,26,36,050,,27,36,050,46,28,28,248,,5*7C
$GBGSV,3,2,12,29,28,248,46,30,76,299,47,35,63,283,,36,63,283,50,5*78
$GBGSV,3,3,12,38,19,317,,39,19,317,42,40,47,168,47,41,03,076,37,5*7E
$GNGGA,115742.87,3724.55187,N,12159.39370,W,1,08,1.1,-14.6,M,-31.6,M,,*58
$GNRMC,115742.87,A,3724.55187,N,12159.39370,W,1.6,47.1,160726,,,A,U*1D
$GNGLL,3724.55187,N,12159.39370,W,115742.87,A,A*62
$GNGNS,115742.87,3724.55187,N,12159.39370,W,A,08,1.1,-14.6,-31.6,,,U*4A
$GNGSA,A,3,,,,,,,,,,,,,1.8,1.1,1.4,1*3D
$GNGSA,A,3,,,,,,,,,,,,,1.8,1.1,1.4,3*3F
$GNGSA,A,3,11,27,29,30,36,39,40,41,,,,,1.8,1.1,1.4,4*3B
$GPGSV,1,1,00,,,,,,,,,,,,,,,,,8*6D
$GAGSV,1,1,00,,,,,,,,,,,,,,,,,1*75
$GAGSV,1,1,00,,,,,,,,,,,,,,,,,2*76
$GAGSV,1,1,00,,,,,,,,,,,,,,,,,3*77
$GBGSV,3,1,12,11,51,253,46,26,36,050,,27,36,050,46,28,28,248,,5*7C
$GBGSV,3,2,12,29,28,248,46,30,76,299,47,35,63,283,,36,63,283,50,5*78
$GBGSV,3,3,12,38,19,317,,39,19,317,42,40,47,168,47,41,03,076,37,5*7E
$GNGGA,115743.87,3724.55182,N,12159.39364,W,1,08,1.1,-15.3,M,-31.6,M,,*5D
$GNRMC,115743.87,A,3724.55182,N,12159.39364,W,1.6,47.0,160726,,,A,U*1D
$GNGLL,3724.55182,N,12159.39364,W,115743.87,A,A*63
$GNGNS,115743.87,3724.55182,N,12159.39364,W,A,08,1.1,-15.3,-31.6,,,U*4F
$GNGSA,A,3,,,,,,,,,,,,,1.8,1.1,1.4,1*3D
$GNGSA,A,3,,,,,,,,,,,,,1.8,1.1,1.4,3*3F
$GNGSA,A,3,11,27,29,30,36,39,40,41,,,,,1.8,1.1,1.4,4*3B
$GPGSV,1,1,00,,,,,,,,,,,,,,,,,8*6D
$GAGSV,1,1,00,,,,,,,,,,,,,,,,,1*75
$GAGSV,1,1,00,,,,,,,,,,,,,,,,,2*76
$GAGSV,1,1,00,,,,,,,,,,,,,,,,,3*77
$GBGSV,3,1,12,11,51,253,46,26,36,050,,27,36,050,46,28,28,248,,5*7C
$GBGSV,3,2,12,29,28,248,46,30,76,299,47,35,63,283,,36,63,283,50,5*78
$GBGSV,3,3,12,38,19,317,,39,19,317,42,40,47,168,48,41,03,076,37,5*71
$GNGGA,115744.87,3724.55174,N,12159.39362,W,1,08,1.1,-16.0,M,-31.6,M,,*55
$GNRMC,115744.87,A,3724.55174,N,12159.39362,W,1.6,47.0,160726,,,A,U*15
$GNGLL,3724.55174,N,12159.39362,W,115744.87,A,A*6B
$GNGNS,115744.87,3724.55174,N,12159.39362,W,A,08,1.1,-16.0,-31.6,,,U*47
$GNGSA,A,3,,,,,,,,,,,,,1.8,1.1,1.4,1*3D
$GNGSA,A,3,,,,,,,,,,,,,1.8,1.1,1.4,3*3F
$GNGSA,A,3,11,27,29,30,36,39,40,41,,,,,1.8,1.1,1.4,4*3B
$GPGSV,1,1,00,,,,,,,,,,,,,,,,,8*6D
$GAGSV,1,1,00,,,,,,,,,,,,,,,,,1*75
$GAGSV,1,1,00,,,,,,,,,,,,,,,,,2*76
$GAGSV,1,1,00,,,,,,,,,,,,,,,,,3*77
$GBGSV,3,1,12,11,51,253,46,26,36,050,,27,36,050,46,28,28,248,,5*7C
$GBGSV,3,2,12,29,28,248,46,30,76,299,47,35,63,283,,36,63,283,50,5*78
$GBGSV,3,3,12,38,19,317,,39,19,317,42,40,47,168,47,41,03,076,37,5*7E
$GNGGA,115745.87,3724.55169,N,12159.39361,W,1,08,1.1,-16.7,M,-31.6,M,,*5C
$GNRMC,115745.87,A,3724.55169,N,12159.39361,W,1.6,46.9,160726,,,A,U*13
$GNGLL,3724.55169,N,12159.39361,W,115745.87,A,A*65
$GNGNS,115745.87,3724.55169,N,12159.39361,W,A,08,1.1,-16.7,-31.6,,,U*4E
$GNGSA,A,3,,,,,,,,,,,,,1.8,1.1,1.4,1*3D
$GNGSA,A,3,,,,,,,,,,,,,1.8,1.1,1.4,3*3F
$GNGSA,A,3,11,27,29,30,36,39,40,41,,,,,1.8,1.1,1.4,4*3B
$GPGSV,1,1,00,,,,,,,,,,,,,,,,,8*6D
$GAGSV,1,1,00,,,,,,,,,,,,,,,,,1*75
$GAGSV,1,1,00,,,,,,,,,,,,,,,,,2*76
$GAGSV,1,1,00,,,,,,,,,,,,,,,,,3*77
$GBGSV,3,1,12,11,51,253,46,26,36,050,,27,36,050,46,28,28,248,,5*7C
$GBGSV,3,2,12,29,28,248,46,30,76,300,47,35,63,283,,36,63,283,50,5*79
$GBGSV,3,3,12,38,19,317,,39,19,317,42,40,47,168,47,41,03,076,37,5*7E
$GNGGA,115746.87,3724.55163,N,12159.39356,W,1,08,1.1,-17.2,M,-31.6,M,,*55
$GNRMC,115746.87,A,3724.55163,N,12159.39356,W,1.6,46.9,160726,,,A,U*1E
$GNGLL,3724.55163,N,12159.39356,W,115746.87,A,A*68
$GNGNS,115746.87,3724.55163,N,12159.39356,W,A,08,1.1,-17.2,-31.6,,,U*47
$GNGSA,A,3,,,,,,,,,,,,,1.8,1.1,1.4,1*3D
$GNGSA,A,3,,,,,,,,,,,,,1.8,1.1,1.4,3*3F
$GNGSA,A,3,11,27,29,30,36,39,40,41,,,,,1.8,1.1,1.4,4*3B
$GPGSV,1,1,00,,,,,,,,,,,,,,,,,8*6D
$GAGSV,1,1,00,,,,,,,,,,,,,,,,,1*75
$GAGSV,1,1,00,,,,,,,,,,,,,,,,,2*76
$GAGSV,1,1,00,,,,,,,,,,,,,,,,,3*77
$GBGSV,3,1,12,11,51,253,46,26,36,050,,27,36,050,46,28,28,248,,5*7C
$GBGSV,3,2,12,29,28,248,46,30,76,300,47,35,63,283,,36,63,283,50,5*79
$GBGSV,3,3,12,38,19,317,,39,19,317,42,40,47,168,47,41,03,076,38,5*71
$GNGGA,115747.87,3724.55159,N,12159.39353,W,1,08,1.1,-17.6,M,-31.6,M,,*5C
$GNRMC,115747.87,A,3724.55159,N,12159.39353,W,1.6,46.9,160726,,,A,U*13
$GNGLL,3724.55159,N,12159.39353,W,115747.87,A,A*65
$GNGNS,115747.87,3724.55159,N,12159.39353,W,A,08,1.1,-17.6,-31.6,,,U*4E
$GNGSA,A,3,,,,,,,,,,,,,1.8,1.1,1.4,1*3D
$GNGSA,A,3,,,,,,,,,,,,,1.8,1.1,1.4,3*3F
$GNGSA,A,3,11,27,29,30,36,39,40,41,,,,,1.8,1.1,1.4,4*3B
$GPGSV,1,1,00,,,,,,,,,,,,,,,,,8*6D
$GAGSV,1,1,00,,,,,,,,,,,,,,,,,1*75
$GAGSV,1,1,00,,,,,,,,,,,,,,,,,2*76
$GAGSV,1,1,00,,,,,,,,,,,,,,,,,3*77
$GBGSV,3,1,12,11,51,253,46,26,36,050,,27,36,050,46,28,28,248,,5*7C
$GBGSV,3,2,12,29,28,248,46,30,76,300,47,35,63,283,,36,63,283,50,5*79
$GBGSV,3,3,12,38,19,317,,39,19,317,42,40,47,168,47,41,03,076,38,5*71
$GNGGA,115748.87,3724.55156,N,12159.39347,W,1,08,1.1,-18.1,M,-31.6,M,,*51
$GNRMC,115748.87,A,3724.55156,N,12159.39347,W,1.6,47.0,160726,,,A,U*1E
$GNGLL,3724.55156,N,12159.39347,W,115748.87,A,A*60
$GNGNS,115748.87,3724.55156,N,12159.39347,W,A,08,1.1,-18.1,-31.6,,,U*43
$GNGSA,A,3,,,,,,,,,,,,,1.8,1.1,1.4,1*3D
$GNGSA,A,3,,,,,,,,,,,,,1.8,1.1,1.4,3*3F
$GNGSA,A,3,11,27,29,30,36,39,40,41,,,,,1.8,1.1,1.4,4*3B
$GPGSV,1,1,00,,,,,,,,,,,,,,,,,8*6D
$GAGSV,1,1,00,,,,,,,,,,,,,,,,,1*75
$GAGSV,1,1,00,,,,,,,,,,,,,,,,,2*76
$GAGSV,1,1,00,,,,,,,,,,,,,,,,,3*77
$GBGSV,3,1,12,11,51,253,46,26,36,050,,27,36,050,46,28,28,248,,5*7C
$GBGSV,3,2,12,29,28,248,46,30,76,300,47,35,63,283,,36,63,283,50,5*79
$GBGSV,3,3,12,38,19,317,,39,19,317,42,40,47,168,47,41,03,076,37,5*7E
$GNGGA,115749.87,3724.55311,N,12159.39515,W,1,08,1.1,4.7,M,-31.6,M,,*46
$GNRMC,115749.87,A,3724.55311,N,12159.39515,W,0.0,47.0,160726,,,A,U*18
$GNGLL,3724.55311,N,12159.39515,W,115749.87,A,A*61
$GNGNS,115749.87,3724.55311,N,12159.39515,W,A,08,1.1,4.7,-31.6,,,U*54
$GNGSA,A,3,,,,,,,,,,,,,1.8,1.1,1.4,1*3D
$GNGSA,A,3,,,,,,,,,,,,,1.8,1.1,1.4,3*3F
$GNGSA,A,3,11,27,29,30,36,39,40,41,,,,,1.8,1.1,1.4,4*3B
$GPGSV,1,1,00,,,,,,,,,,,,,,,,,8*6D
$GAGSV,1,1,00,,,,,,,,,,,,,,,,,1*75
$GAGSV,1,1,00,,,,,,,,,,,,,,,,,2*76
$GAGSV,1,1,00,,,,,,,,,,,,,,,,,3*77
$GBGSV,3,1,12,11,51,253,46,26,36,050,,27,36,050,46,28,28,248,,5*7C
$GBGSV,3,2,12,29,28,248,46,30,76,300,47,35,63,283,,36,63,283,50,5*79
$GBGSV,3,3,12,38,19,317,,39,19,317,42,40,47,168,47,41,03,076,38,5*71
$GNGGA,115750.87,3724.55339,N,12159.39553,W,1,08,1.1,4.6,M,-31.6,M,,*47
$GNRMC,115750.87,A,3724.55339,N,12159.39553,W,0.0,47.0,160726,,,A,U*18
$GNGLL,3724.55339,N,12159.39553,W,115750.87,A,A*61
$GNGNS,115750.87,3724.55339,N,12159.39553,W,A,08,1.1,4.6,-31.6,,,U*55
$GNGSA,A,3,,,,,,,,,,,,,1.8,1.1,1.4,1*3D
$GNGSA,A,3,,,,,,,,,,,,,1.8,1.1,1.4,3*3F
$GNGSA,A,3,11,27,29,30,36,39,40,41,,,,,1.8,1.1,1.4,4*3B
$GPGSV,1,1,00,,,,,,,,,,,,,,,,,8*6D
$GAGSV,1,1,00,,,,,,,,,,,,,,,,,1*75
$GAGSV,1,1,00,,,,,,,,,,,,,,,,,2*76
$GAGSV,1,1,00,,,,,,,,,,,,,,,,,3*77
$GBGSV,3,1,12,11,51,253,46,26,36,050,,27,36,050,46,28,28,248,,5*7C
$GBGSV,3,2,12,29,28,248,46,30,76,300,47,35,63,283,,36,63,283,50,5*79
$GBGSV,3,3,12,38,19,317,,39,19,317,42,40,47,168,47,41,03,076,37,5*7E
$GNGGA,115751.87,3724.55323,N,12159.39513,W,1,08,1.1,4.9,M,-31.6,M,,*46
$GNRMC,115751.87,A,3724.55323,N,12159.39513,W,0.0,47.0,160726,,,A,U*16
$GNGLL,3724.55323,N,12159.39513,W,115751.87,A,A*6F
$GNGNS,115751.87,3724.55323,N,12159.39513,W,A,08,1.1,4.9,-31.6,,,U*54
$GNGSA,A,3,,,,,,,,,,,,,1.8,1.1,1.4,1*3D
$GNGSA,A,3,,,,,,,,,,,,,1.8,1.1,1.4,3*3F
$GNGSA,A,3,11,27,29,30,36,39,40,41,,,,,1.8,1.1,1.4,4*3B
$GPGSV,1,1,00,,,,,,,,,,,,,,,,,8*6D
$GAGSV,1,1,00,,,,,,,,,,,,,,,,,1*75
$GAGSV,1,1,00,,,,,,,,,,,,,,,,,2*76
$GAGSV,1,1,00,,,,,,,,,,,,,,,,,3*77
$GBGSV,3,1,12,11,51,253,46,26,36,050,,27,36,050,46,28,28,248,,5*7C
$GBGSV,3,2,12,29,28,248,46,30,76,300,47,35,63,283,,36,63,283,49,5*71
$GBGSV,3,3,12,38,19,317,,39,19,317,42,40,47,168,47,41,03,076,38,5*71
$GNGGA,115752.87,3724.55354,N,12159.39519,W,1,08,1.1,5.2,M,-31.6,M,,*45
$GNRMC,115752.87,A,3724.55354,N,12159.39519,W,0.0,47.0,160726,,,A,U*1F
$GNGLL,3724.55354,N,12159.39519,W,115752.87,A,A*66
$GNGNS,115752.87,3724.55354,N,12159.39519,W,A,08,1.1,5.2,-31.6,,,U*57
$GNGSA,A,3,,,,,,,,,,,,,1.8,1.1,1.4,1*3D
$GNGSA,A,3,,,,,,,,,,,,,1.8,1.1,1.4,3*3F
$GNGSA,A,3,11,27,29,30,36,39,40,41,,,,,1.8,1.1,1.4,4*3B
$GPGSV,1,1,00,,,,,,,,,,,,,,,,,8*6D
$GAGSV,1,1,00,,,,,,,,,,,,,,,,,1*75
$GAGSV,1,1,00,,,,,,,,,,,,,,,,,2*76
$GAGSV,1,1,00,,,,,,,,,,,,,,,,,3*77
$GBGSV,3,1,12,11,51,253,46,26,36,050,,27,36,050,46,28,28,248,,5*7C
$GBGSV,3,2,12,29,28,248,46,30,76,300,47,35,63,283,,36,63,283,50,5*79
$GBGSV,3,3,12,38,19,317,,39,19,317,42,40,47,168,47,41,03,076,37,5*7E
$GNGGA,115753.87,3724.55355,N,12159.39519,W,1,08,1.1,5.2,M,-31.6,M,,*45
$GNRMC,115753.87,A,3724.55355,N,12159.39519,W,0.0,47.0,160726,,,A,U*1F
$GNGLL,3724.55355,N,12159.39519,W,115753.87,A,A*66
$GNGNS,115753.87,3724.55355,N,12159.39519,W,A,08,1.1,5.2,-31.6,,,U*57
$GNGSA,A,3,,,,,,,,,,,,,1.8,1.1,1.4,1*3D
$GNGSA,A,3,,,,,,,,,,,,,1.8,1.1,1.4,3*3F
$GNGSA,A,3,11,27,29,30,36,39,40,41,,,,,1.8,1.1,1.4,4*3B
$GPGSV,1,1,00,,,,,,,,,,,,,,,,,8*6D
$GAGSV,1,1,00,,,,,,,,,,,,,,,,,1*75
$GAGSV,1,1,00,,,,,,,,,,,,,,,,,2*76
$GAGSV,1,1,00,,,,,,,,,,,,,,,,,3*77
$GBGSV,3,1,12,11,51,253,46,26,36,050,,27,36,050,46,28,28,248,,5*7C
$GBGSV,3,2,12,29,28,248,46,30,76,300,47,35,63,283,,36,63,283,50,5*79
$GBGSV,3,3,12,38,19,317,,39,19,317,42,40,47,168,47,41,03,076,38,5*71
$GNGGA,115754.87,3724.55353,N,12159.39518,W,1,08,1.1,5.2,M,-31.6,M,,*45
$GNRMC,115754.87,A,3724.55353,N,12159.39518,W,0.0,47.0,160726,,,A,U*1F
$GNGLL,3724.55353,N,12159.39518,W,115754.87,A,A*66
$GNGNS,115754.87,3724.55353,N,12159.39518,W,A,08,1.1,5.2,-31.6,,,U*57
$GNGSA,A,3,,,,,,,,,,,,,1.8,1.1,1.4,1*3D
$GNGSA,A,3,,,,,,,,,,,,,1.8,1.1,1.4,3*3F
$GNGSA,A,3,11,27,29,30,36,39,40,41,,,,,1.8,1.1,1.4,4*3B
$GPGSV,1,1,00,,,,,,,,,,,,,,,,,8*6D
$GAGSV,1,1,00,,,,,,,,,,,,,,,,,1*75
$GAGSV,1,1,00,,,,,,,,,,,,,,,,,2*76
$GAGSV,1,1,00,,,,,,,,,,,,,,,,,3*77
$GBGSV,3,1,12,11,51,253,46,26,36,050,,27,36,050,46,28,28,248,,5*7C
$GBGSV,3,2,12,29,28,248,46,30,76,300,47,35,63,283,,36,63,283,50,5*79
$GBGSV,3,3,12,38,19,317,,39,19,317,42,40,47,168,47,41,03,076,38,5*71
$GNGGA,115755.87,3724.55351,N,12159.39516,W,1,08,1.1,5.1,M,-31.6,M,,*4B
$GNRMC,115755.87,A,3724.55351,N,12159.39516,W,0.0,47.0,160726,,,A,U*12
$GNGLL,3724.55351,N,12159.39516,W,115755.87,A,A*6B
$GNGNS,115755.87,3724.55351,N,12159.39516,W,A,08,1.1,5.1,-31.6,,,U*59
$GNGSA,A,3,,,,,,,,,,,,,1.8,1.1,1.4,1*3D
$GNGSA,A,3,,,,,,,,,,,,,1.8,1.1,1.4,3*3F
$GNGSA,A,3,11,27,29,30,36,39,40,41,,,,,1.8,1.1,1.4,4*3B
$GPGSV,1,1,00,,,,,,,,,,,,,,,,,8*6D
$GAGSV,1,1,00,,,,,,,,,,,,,,,,,1*75
$GAGSV,1,1,00,,,,,,,,,,,,,,,,,2*76
$GAGSV,1,1,00,,,,,,,,,,,,,,,,,3*77
$GBGSV,3,1,12,11,51,253,46,26,36,050,,27,36,050,46,28,28,248,,5*7C
$GBGSV,3,2,12,29,28,248,46,30,76,300,47,35,63,283,,36,63,283,50,5*79
$GBGSV,3,3,12,38,19,317,,39,19,317,42,40,47,168,47,41,03,076,38,5*71
$GNGGA,115756.87,3724.55351,N,12159.39512,W,1,08,1.1,4.9,M,-31.6,M,,*45
$GNRMC,115756.87,A,3724.55351,N,12159.39512,W,0.1,47.0,160726,,,A,U*14
$GNGLL,3724.55351,N,12159.39512,W,115756.87,A,A*6C
$GNGNS,115756.87,3724.55351,N,12159.39512,W,A,08,1.1,4.9,-31.6,,,U*57
$GNGSA,A,3,,,,,,,,,,,,,1.8,1.1,1.4,1*3D
$GNGSA,A,3,,,,,,,,,,,,,1.8,1.1,1.4,3*3F
$GNGSA,A,3,11,27,29,30,36,39,40,41,,,,,1.8,1.1,1.4,4*3B
$GPGSV,1,1,00,,,,,,,,,,,,,,,,,8*6D
$GAGSV,1,1,00,,,,,,,,,,,,,,,,,1*75
$GAGSV,1,1,00,,,,,,,,,,,,,,,,,2*76
$GAGSV,1,1,00,,,,,,,,,,,,,,,,,3*77
$GBGSV,3,1,12,11,51,253,46,26,36,050,,27,36,050,46,28,28,248,,5*7C
$GBGSV,3,2,12,29,28,248,46,30,76,300,47,35,63,283,,36,63,283,50,5*79
$GBGSV,3,3,12,38,19,317,,39,19,317,42,40,47,168,47,41,03,076,37,5*7E
$GNGGA,115757.87,3724.55346,N,12159.39507,W,1,08,1.1,4.6,M,-31.6,M,,*49
$GNRMC,115757.87,A,3724.55346,N,12159.39507,W,0.1,47.0,160726,,,A,U*17
$GNGLL,3724.55346,N,12159.39507,W,115757.87,A,A*6F
$GNGNS,115757.87,3724.55346,N,12159.39507,W,A,08,1.1,4.6,-31.6,,,U*5B
$GNGSA,A,3,,,,,,,,,,,,,1.8,1.1,1.4,1*3D
$GNGSA,A,3,,,,,,,,,,,,,1.8,1.1,1.4,3*3F
$GNGSA,A,3,11,27,29,30,36,39,40,41,,,,,1.8,1.1,1.4,4*3B
$GPGSV,1,1,00,,,,,,,,,,,,,,,,,8*6D
$GAGSV,1,1,00,,,,,,,,,,,,,,,,,1*75
$GAGSV,1,1,00,,,,,,,,,,,,,,,,,2*76
$GAGSV,1,1,00,,,,,,,,,,,,,,,,,3*77
$GBGSV,3,1,12,11,51,253,46,26,36,050,,27,36,050,46,28,28,248,,5*7C
$GBGSV,3,2,12,29,28,248,46,30,76,300,47,35,63,283,,36,63,283,50,5*79
$GBGSV,3,3,12,38,19,317,,39,19,317,42,40,47,168,47,41,03,076,37,5*7E
$GNGGA,115758.87,3724.55342,N,12159.39503,W,1,08,1.1,4.2,M,-31.6,M,,*42
$GNRMC,115758.87,A,3724.55342,N,12159.39503,W,0.2,53.2,160726,,,A,U*1C
$GNGLL,3724.55342,N,12159.39503,W,115758.87,A,A*60
$GNGNS,115758.87,3724.55342,N,12159.39503,W,A,08,1.1,4.2,-31.6,,,U*50
$GNGSA,A,3,,,,,,,,,,,,,1.8,1.1,1.4,1*3D
$GNGSA,A,3,,,,,,,,,,,,,1.8,1.1,1.4,3*3F
$GNGSA,A,3,11,27,29,30,36,39,40,41,,,,,1.8,1.1,1.4,4*3B
$GPGSV,1,1,00,,,,,,,,,,,,,,,,,8*6D
$GAGSV,1,1,00,,,,,,,,,,,,,,,,,1*75
$GAGSV,1,1,00,,,,,,,,,,,,,,,,,2*76
$GAGSV,1,1,00,,,,,,,,,,,,,,,,,3*77
$GBGSV,3,1,12,11,51,253,46,26,36,050,,27,36,050,46,28,28,248,,5*7C
$GBGSV,3,2,12,29,28,248,46,30,76,300,47,35,63,283,,36,63,283,50,5*79
$GBGSV,3,3,12,38,19,317,,39,19,317,42,40,47,168,47,41,03,076,37,5*7E
$GNGGA,115759.87,3724.55339,N,12159.39498,W,1,08,1.1,3.7,M,-31.6,M,,*4E
$GNRMC,115759.87,A,3724.55339,N,12159.39498,W,0.3,52.4,160726,,,A,U*14
$GNGLL,3724.55339,N,12159.39498,W,115759.87,A,A*6E
$GNGNS,115759.87,3724.55339,N,12159.39498,W,A,08,1.1,3.7,-31.6,,,U*5C
$GNGSA,A,3,,,,,,,,,,,,,1.8,1.1,1.4,1*3D
$GNGSA,A,3,,,,,,,,,,,,,1.8,1.1,1.4,3*3F
$GNGSA,A,3,11,27,29,30,36,39,40,41,,,,,1.8,1.1,1.4,4*3B
$GPGSV,1,1,00,,,,,,,,,,,,,,,,,8*6D
$GAGSV,1,1,00,,,,,,,,,,,,,,,,,1*75
$GAGSV,1,1,00,,,,,,,,,,,,,,,,,2*76
$GAGSV,1,1,00,,,,,,,,,,,,,,,,,3*77
$GBGSV,3,1,12,11,51,253,47,26,36,050,,27,36,050,46,28,28,248,,5*7D
$GBGSV,3,2,12,29,28,248,46,30,76,300,47,35,63,283,,36,63,283,50,5*79
$GBGSV,3,3,12,38,19,317,,39,19,317,42,40,47,168,47,41,03,076,37,5*7E
$GNGGA,115800.87,3724.55333,N,12159.39492,W,1,08,1.1,3.1,M,-31.6,M,,*4B
$GNRMC,115800.87,A,3724.55333,N,12159.39492,W,0.4,51.5,160726,,,A,U*12
$GNGLL,3724.55333,N,12159.39492,W,115800.87,A,A*6D
$GNGNS,115800.87,3724.55333,N,12159.39492,W,A,08,1.1,3.1,-31.6,,,U*59
$GNGSA,A,3,,,,,,,,,,,,,1.8,1.1,1.4,1*3D
$GNGSA,A,3,,,,,,,,,,,,,1.8,1.1,1.4,3*3F
$GNGSA,A,3,11,27,29,30,36,39,40,41,,,,,1.8,1.1,1.4,4*3B
$GPGSV,1,1,00,,,,,,,,,,,,,,,,,8*6D
$GAGSV,1,1,00,,,,,,,,,,,,,,,,,1*75
$GAGSV,1,1,00,,,,,,,,,,,,,,,,,2*76
$GAGSV,1,1,00,,,,,,,,,,,,,,,,,3*77
$GBGSV,3,1,12,11,51,253,47,26,36,050,,27,36,050,46,28,28,248,,5*7D
$GBGSV,3,2,12,29,28,248,46,30,76,300,47,35,63,283,,36,63,283,50,5*79
$GBGSV,3,3,12,38,19,317,,39,19,317,42,40,47,168,47,41,03,076,37,5*7E
$GNGGA,115801.87,3724.55324,N,12159.39485,W,1,08,1.1,2.5,M,-31.6,M,,*4F
$GNRMC,115801.87,A,3724.55324,N,12159.39485,W,0.4,50.6,160726,,,A,U*11
$GNGLL,3724.55324,N,12159.39485,W,115801.87,A,A*6C
$GNGNS,115801.87,3724.55324,N,12159.39485,W,A,08,1.1,2.5,-31.6,,,U*5D
$GNGSA,A,3,,,,,,,,,,,,,1.8,1.1,1.4,1*3D
$GNGSA,A,3,,,,,,,,,,,,,1.8,1.1,1.4,3*3F
$GNGSA,A,3,11,27,29,30,36,39,40,41,,,,,1.8,1.1,1.4,4*3B
$GPGSV,1,1,00,,,,,,,,,,,,,,,,,8*6D
$GAGSV,1,1,00,,,,,,,,,,,,,,,,,1*75
$GAGSV,1,1,00,,,,,,,,,,,,,,,,,2*76
$GAGSV,1,1,00,,,,,,,,,,,,,,,,,3*77
$GBGSV,3,1,12,11,51,253,47,26,36,050,,27,36,050,46,28,28,248,,5*7D
$GBGSV,3,2,12,29,28,248,46,30,76,300,47,35,63,283,,36,63,283,50,5*79
$GBGSV,3,3,12,38,19,317,,39,19,317,42,40,47,168,47,41,03,076,37,5*7E
$GNGGA,115802.87,3724.55314,N,12159.39475,W,1,08,1.1,1.8,M,-31.6,M,,*4E
$GNRMC,115802.87,A,3724.55314,N,12159.39475,W,0.5,49.9,160726,,,A,U*18
$GNGLL,3724.55314,N,12159.39475,W,115802.87,A,A*63
$GNGNS,115802.87,3724.55314,N,12159.39475,W,A,08,1.1,1.8,-31.6,,,U*5C
$GNGSA,A,3,,,,,,,,,,,,,1.8,1.1,1.4,1*3D
$GNGSA,A,3,,,,,,,,,,,,,1.8,1.1,1.4,3*3F
$GNGSA,A,3,11,27,29,30,36,39,40,41,,,,,1.8,1.1,1.4,4*3B
$GPGSV,1,1,00,,,,,,,,,,,,,,,,,8*6D
$GAGSV,1,1,00,,,,,,,,,,,,,,,,,1*75
$GAGSV,1,1,00,,,,,,,,,,,,,,,,,2*76
$GAGSV,1,1,00,,,,,,,,,,,,,,,,,3*77
$GBGSV,3,1,12,11,51,253,46,26,36,050,,27,36,050,46,28,28,248,,5*7C
$GBGSV,3,2,12,29,28,248,46,30,76,300,47,35,63,283,,36,63,283,50,5*79
$GBGSV,3,3,12,38,19,317,,39,19,317,42,40,47,168,47,41,03,076,37,5*7E
$GNGGA,115803.87,3724.55307,N,12159.39466,W,1,08,1.1,1.0,M,-31.6,M,,*47
$GNRMC,115803.87,A,3724.55307,N,12159.39466,W,0.6,49.3,160726,,,A,U*10
$GNGLL,3724.55307,N,12159.39466,W,115803.87,A,A*62
$GNGNS,115803.87,3724.55307,N,12159.39466,W,A,08,1.1,1.0,-31.6,,,U*55
$GNGSA,A,3,,,,,,,,,,,,,1.8,1.1,1.4,1*3D
$GNGSA,A,3,,,,,,,,,,,,,1.8,1.1,1.4,3*3F
$GNGSA,A,3,11,27,29,30,36,39,40,41,,,,,1.8,1.1,1.4,4*3B
$GPGSV,1,1,00,,,,,,,,,,,,,,,,,8*6D
$GAGSV,1,1,00,,,,,,,,,,,,,,,,,1*75
$GAGSV,1,1,00,,,,,,,,,,,,,,,,,2*76
$GAGSV,1,1,00,,,,,,,,,,,,,,,,,3*77
$GBGSV,3,1,12,11,51,253,46,26,36,050,,27,36,050,46,28,28,248,,5*7C
$GBGSV,3,2,12,29,28,248,46,30,76,300,47,35,63,283,,36,63,283,50,5*79
$GBGSV,3,3,12,38,19,317,,39,19,317,42,40,47,168,47,41,03,076,37,5*7E
$GNGGA,115804.87,3724.55303,N,12159.39458,W,1,08,1.1,0.4,M,-31.6,M,,*4C
$GNRMC,115804.87,A,3724.55303,N,12159.39458,W,0.6,48.9,160726,,,A,U*15
$GNGLL,3724.55303,N,12159.39458,W,115804.87,A,A*6C
$GNGNS,115804.87,3724.55303,N,12159.39458,W,A,08,1.1,0.4,-31.6,,,U*5E
$GNGSA,A,3,,,,,,,,,,,,,1.8,1.1,1.4,1*3D
$GNGSA,A,3,,,,,,,,,,,,,1.8,1.1,1.4,3*3F
$GNGSA,A,3,11,27,29,30,36,39,40,41,,,,,1.8,1.1,1.4,4*3B
$GPGSV,1,1,00,,,,,,,,,,,,,,,,,8*6D
$GAGSV,1,1,00,,,,,,,,,,,,,,,,,1*75
$GAGSV,1,1,00,,,,,,,,,,,,,,,,,2*76
$GAGSV,1,1,00,,,,,,,,,,,,,,,,,3*77
$GBGSV,3,1,12,11,51,253,46,26,36,050,,27,36,050,46,28,28,248,,5*7C
$GBGSV,3,2,12,29,28,248,46,30,76,300,47,35,63,283,,36,63,283,50,5*79
$GBGSV,3,3,12,38,19,317,,39,19,317,42,40,47,168,47,41,03,076,37,5*7E
$GNGGA,115805.87,3724.55295,N,12159.39452,W,1,08,1.1,-0.4,M,-31.6,M,,*64
$GNRMC,115805.87,A,3724.55295,N,12159.39452,W,0.7,48.6,160726,,,A,U*1E
$GNGLL,3724.55295,N,12159.39452,W,115805.87,A,A*69
$GNGNS,115805.87,3724.55295,N,12159.39452,W,A,08,1.1,-0.4,-31.6,,,U*76
$GNGSA,A,3,,,,,,,,,,,,,1.8,1.1,1.4,1*3D
$GNGSA,A,3,,,,,,,,,,,,,1.8,1.1,1.4,3*3F
$GNGSA,A,3,11,27,29,30,36,39,40,41,,,,,1.8,1.1,1.4,4*3B
$GPGSV,1,1,00,,,,,,,,,,,,,,,,,8*6D
$GAGSV,1,1,00,,,,,,,,,,,,,,,,,1*75
$GAGSV,1,1,00,,,,,,,,,,,,,,,,,2*76
$GAGSV,1,1,00,,,,,,,,,,,,,,,,,3*77
$GBGSV,3,1,12,11,51,253,47,26,36,050,,27,36,050,46,28,28,248,,5*7D
$GBGSV,3,2,12,29,28,248,46,30,76,300,47,35,63,283,,36,63,283,50,5*79
$GBGSV,3,3,12,38,19,317,,39,19,317,42,40,47,168,47,41,03,076,37,5*7E
$GNGGA,115806.87,3724.55287,N,12159.39443,W,1,08,1.1,-1.2,M,-31.6,M,,*63
$GNRMC,115806.87,A,3724.55287,N,12159.39443,W,0.8,48.4,160726,,,A,U*13
$GNGLL,3724.55287,N,12159.39443,W,115806.87,A,A*69
$GNGNS,115806.87,3724.55287,N,12159.39443,W,A,08,1.1,-1.2,-31.6,,,U*71
$GNGSA,A,3,,,,,,,,,,,,,1.8,1.1,1.4,1*3D
$GNGSA,A,3,,,,,,,,,,,,,1.8,1.1,1.4,3*3F
$GNGSA,A,3,11,27,29,30,36,39,40,41,,,,,1.8,1.1,1.4,4*3B
$GPGSV,1,1,00,,,,,,,,,,,,,,,,,8*6D
$GAGSV,1,1,00,,,,,,,,,,,,,,,,,1*75
$GAGSV,1,1,00,,,,,,,,,,,,,,,,,2*76
$GAGSV,1,1,00,,,,,,,,,,,,,,,,,3*77
$GBGSV,3,1,12,11,51,253,47,26,36,050,,27,36,050,46,28,28,248,,5*7D
$GBGSV,3,2,12,29,28,248,46,30,76,300,47,35,63,283,,36,63,283,50,5*79
$GBGSV,3,3,12,38,19,317,,39,19,317,42,40,47,168,47,41,03,076,37,5*7E
$GNGGA,115807.87,3724.55280,N,12159.39432,W,1,08,1.1,-2.0,M,-31.6,M,,*62
$GNRMC,115807.87,A,3724.55280,N,12159.39432,W,0.8,48.3,160726,,,A,U*14
$GNGLL,3724.55280,N,12159.39432,W,115807.87,A,A*69
$GNGNS,115807.87,3724.55280,N,12159.39432,W,A,08,1.1,-2.0,-31.6,,,U*70
$GNGSA,A,3,,,,,,,,,,,,,1.8,1.1,1.4,1*3D
$GNGSA,A,3,,,,,,,,,,,,,1.8,1.1,1.4,3*3F
$GNGSA,A,3,11,27,29,30,36,39,40,41,,,,,1.8,1.1,1.4,4*3B
$GPGSV,1,1,00,,,,,,,,,,,,,,,,,8*6D
$GAGSV,1,1,00,,,,,,,,,,,,,,,,,1*75
$GAGSV,1,1,00,,,,,,,,,,,,,,,,,2*76
$GAGSV,1,1,00,,,,,,,,,,,,,,,,,3*77
$GBGSV,3,1,12,11,51,253,46,26,36,050,,27,36,050,46,28,28,248,,5*7C
$GBGSV,3,2,12,29,28,248,46,30,76,300,47,35,63,283,,36,63,283,49,5*71
$GBGSV,3,3,12,38,19,317,,39,19,317,42,40,47,168,47,41,03,076,37,5*7E
$GNGGA,115808.87,3724.55273,N,12159.39420,W,1,08,1.1,-2.9,M,-31.6,M,,*6B
$GNRMC,115808.87,A,3724.55273,N,12159.39420,W,0.9,48.2,160726,,,A,U*14
$GNGLL,3724.55273,N,12159.39420,W,115808.87,A,A*69
$GNGNS,115808.87,3724.55273,N,12159.39420,W,A,08,1.1,-2.9,-31.6,,,U*79
$GNGSA,A,3,,,,,,,,,,,,,1.8,1.1,1.4,1*3D
$GNGSA,A,3,,,,,,,,,,,,,1.8,1.1,1.4,3*3F
$GNGSA,A,3,11,27,29,30,36,39,40,41,,,,,1.8,1.1,1.4,4*3B
$GPGSV,1,1,00,,,,,,,,,,,,,,,,,8*6D
$GAGSV,1,1,00,,,,,,,,,,,,,,,,,1*75
$GAGSV,1,1,00,,,,,,,,,,,,,,,,,2*76
$GAGSV,1,1,00,,,,,,,,,,,,,,,,,3*77
$GBGSV,3,1,12,11,51,253,47,26,36,050,,27,36,050,46,28,28,248,,5*7D
$GBGSV,3,2,12,29,28,248,46,30,76,300,47,35,63,283,,36,63,283,49,5*71
$GBGSV,3,3,12,38,19,317,,39,19,317,43,40,47,168,47,41,03,075,37,5*7C
$GNGGA,115809.87,3724.55267,N,12159.39410,W,1,08,1.1,-3.8,M,-31.6,M,,*6C
$GNRMC,115809.87,A,3724.55267,N,12159.39410,W,0.9,48.1,160726,,,A,U*10
$GNGLL,3724.55267,N,12159.39410,W,115809.87,A,A*6E
$GNGNS,115809.87,3724.55267,N,12159.39410,W,A,08,1.1,-3.8,-31.6,,,U*7E
$GNGSA,A,3,,,,,,,,,,,,,1.8,1.1,1.4,1*3D
$GNGSA,A,3,,,,,,,,,,,,,1.8,1.1,1.4,3*3F
$GNGSA,A,3,11,27,29,30,36,39,40,41,,,,,1.8,1.1,1.4,4*3B
$GPGSV,1,1,00,,,,,,,,,,,,,,,,,8*6D
$GAGSV,1,1,00,,,,,,,,,,,,,,,,,1*75
$GAGSV,1,1,00,,,,,,,,,,,,,,,,,2*76
$GAGSV,1,1,00,,,,,,,,,,,,,,,,,3*77
$GBGSV,3,1,12,11,51,253,46,26,36,050,,27,36,050,46,28,28,248,,5*7C
$GBGSV,3,2,12,29,28,248,46,30,76,300,47,35,63,283,,36,63,283,50,5*79
$GBGSV,3,3,12,38,19,317,,39,19,317,43,40,47,168,47,41,04,075,37,5*7B
$GNGGA,115810.87,3724.55262,N,12159.39400,W,1,08,1.1,-4.6,M,-31.6,M,,*69
$GNRMC,115810.87,A,3724.55262,N,12159.39400,W,1.0,48.0,160726,,,A,U*15
$GNGLL,3724.55262,N,12159.39400,W,115810.87,A,A*62
$GNGNS,115810.87,3724.55262,N,12159.39400,W,A,08,1.1,-4.6,-31.6,,,U*7B
$GNGSA,A,3,,,,,,,,,,,,,1.8,1.1,1.4,1*3D
$GNGSA,A,3,,,,,,,,,,,,,1.8,1.1,1.4,3*3F
$GNGSA,A,3,11,27,29,30,36,39,40,41,,,,,1.8,1.1,1.4,4*3B
$GPGSV,1,1,00,,,,,,,,,,,,,,,,,8*6D
$GAGSV,1,1,00,,,,,,,,,,,,,,,,,1*75
$GAGSV,1,1,00,,,,,,,,,,,,,,,,,2*76
$GAGSV,1,1,00,,,,,,,,,,,,,,,,,3*77
$GBGSV,3,1,12,11,51,253,47,26,36,050,,27,36,050,46,28,28,248,,5*7D
$GBGSV,3,2,12,29,28,248,46,30,76,300,47,35,63,283,,36,63,283,50,5*79
$GBGSV,3,3,12,38,19,317,,39,19,317,42,40,47,168,48,41,04,075,37,5*75
$GNGGA,115811.87,3724.55255,N,12159.39391,W,1,08,1.1,-5.5,M,-31.6,M,,*61
$GNRMC,115811.87,A,3724.55255,N,12159.39391,W,1.0,47.8,160726,,,A,U*18
$GNGLL,3724.55255,N,12159.39391,W,115811.87,A,A*68
$GNGNS,115811.87,3724.55255,N,12159.39391,W,A,08,1.1,-5.5,-31.6,,,U*73
$GNGSA,A,3,,,,,,,,,,,,,1.8,1.1,1.4,1*3D
$GNGSA,A,3,,,,,,,,,,,,,1.8,1.1,1.4,3*3F
$GNGSA,A,3,11,27,29,30,36,39,40,41,,,,,1.8,1.1,1.4,4*3B
$GPGSV,1,1,00,,,,,,,,,,,,,,,,,8*6D
$GAGSV,1,1,00,,,,,,,,,,,,,,,,,1*75
$GAGSV,1,1,00,,,,,,,,,,,,,,,,,2*76
$GAGSV,1,1,00,,,,,,,,,,,,,,,,,3*77
$GBGSV,3,1,12,11,51,253,47,26,36,050,,27,36,050,46,28,28,248,,5*7D
$GBGSV,3,2,12,29,28,248,46,30,76,300,47,35,63,283,,36,63,282,50,5*78
$GBGSV,3,3,12,38,19,317,,39,19,317,43,40,47,168,47,41,04,075,37,5*7B
$GNGGA,115812.87,3724.55249,N,12159.39381,W,1,08,1.1,-6.4,M,-31.6,M,,*6C
$GNRMC,115812.87,A,3724.55249,N,12159.39381,W,1.1,47.5,160726,,,A,U*1B
$GNGLL,3724.55249,N,12159.39381,W,115812.87,A,A*67
$GNGNS,115812.87,3724.55249,N,12159.39381,W,A,08,1.1,-6.4,-31.6,,,U*7E
$GNGSA,A,3,,,,,,,,,,,,,1.8,1.1,1.4,1*3D
$GNGSA,A,3,,,,,,,,,,,,,1.8,1.1,1.4,3*3F
$GNGSA,A,3,11,27,29,30,36,39,40,41,,,,,1.8,1.1,1.4,4*3B
$GPGSV,1,1,00,,,,,,,,,,,,,,,,,8*6D
$GAGSV,1,1,00,,,,,,,,,,,,,,,,,1*75
$GAGSV,1,1,00,,,,,,,,,,,,,,,,,2*76
$GAGSV,1,1,00,,,,,,,,,,,,,,,,,3*77
$GBGSV,3,1,12,11,51,253,47,26,36,050,,27,36,050,46,28,28,248,,5*7D
$GBGSV,3,2,12,29,28,248,46,30,76,300,47,35,63,283,,36,63,282,49,5*70
$GBGSV,3,3,12,38,19,317,,39,19,317,43,40,47,168,47,41,04,075,37,5*7B
$GNGGA,115813.87,3724.55243,N,12159.39372,W,1,08,1.1,-7.3,M,-31.6,M,,*6D
$GNRMC,115813.87,A,3724.55243,N,12159.39372,W,1.1,47.5,160726,,,A,U*1C
$GNGLL,3724.55243,N,12159.39372,W,115813.87,A,A*60
$GNGNS,115813.87,3724.55243,N,12159.39372,W,A,08,1.1,-7.3,-31.6,,,U*7F
$GNGSA,A,3,,,,,,,,,,,,,1.8,1.1,1.4,1*3D
$GNGSA,A,3,,,,,,,,,,,,,1.8,1.1,1.4,3*3F
$GNGSA,A,3,11,27,29,30,36,39,40,41,,,,,1.8,1.1,1.4,4*3B
$GPGSV,1,1,00,,,,,,,,,,,,,,,,,8*6D
$GAGSV,1,1,00,,,,,,,,,,,,,,,,,1*75
$GAGSV,1,1,00,,,,,,,,,,,,,,,,,2*76
$GAGSV,1,1,00,,,,,,,,,,,,,,,,,3*77
$GBGSV,3,1,12,11,51,253,47,26,36,050,,27,36,050,46,28,28,248,,5*7D
$GBGSV,3,2,12,29,28,248,46,30,76,300,47,35,63,283,,36,63,282,50,5*78
$GBGSV,3,3,12,38,19,317,,39,19,317,43,40,47,168,47,41,04,075,37,5*7B
$GNGGA,115814.87,3724.55235,N,12159.39368,W,1,08,1.1,-8.3,M,-31.6,M,,*6F
$GNRMC,115814.87,A,3724.55235,N,12159.39368,W,1.2,47.5,160726,,,A,U*12
$GNGLL,3724.55235,N,12159.39368,W,115814.87,A,A*6D
$GNGNS,115814.87,3724.55235,N,12159.39368,W,A,08,1.1,-8.3,-31.6,,,U*7D
$GNGSA,A,3,,,,,,,,,,,,,1.8,1.1,1.4,1*3D
$GNGSA,A,3,,,,,,,,,,,,,1.8,1.1,1.4,3*3F
$GNGSA,A,3,11,27,29,30,36,39,40,41,,,,,1.8,1.1,1.4,4*3B
$GPGSV,1,1,00,,,,,,,,,,,,,,,,,8*6D
$GAGSV,1,1,00,,,,,,,,,,,,,,,,,1*75
$GAGSV,1,1,00,,,,,,,,,,,,,,,,,2*76
$GAGSV,1,1,00,,,,,,,,,,,,,,,,,3*77
$GBGSV,3,1,12,11,51,253,47,26,36,050,,27,36,050,46,28,28,248,,5*7D
$GBGSV,3,2,12,29,28,248,46,30,76,300,47,35,63,283,,36,63,282,49,5*70
$GBGSV,3,3,12,38,19,317,,39,19,317,43,40,47,168,47,41,04,075,37,5*7B
$GNGGA,115815.87,3724.55229,N,12159.39359,W,1,08,1.1,-9.2,M,-31.6,M,,*61
$GNRMC,115815.87,A,3724.55229,N,12159.39359,W,1.2,47.3,160726,,,A,U*1A
$GNGLL,3724.55229,N,12159.39359,W,115815.87,A,A*63
$GNGNS,115815.87,3724.55229,N,12159.39359,W,A,08,1.1,-9.2,-31.6,,,U*73
$GNGSA,A,3,,,,,,,,,,,,,1.8,1.1,1.4,1*3D
$GNGSA,A,3,,,,,,,,,,,,,1.8,1.1,1.4,3*3F
$GNGSA,A,3,11,27,29,30,36,39,40,41,,,,,1.8,1.1,1.4,4*3B
$GPGSV,1,1,00,,,,,,,,,,,,,,,,,8*6D
$GAGSV,1,1,00,,,,,,,,,,,,,,,,,1*75
$GAGSV,1,1,00,,,,,,,,,,,,,,,,,2*76
$GAGSV,1,1,00,,,,,,,,,,,,,,,,,3*77
$GBGSV,3,1,12,11,51,253,47,26,36,050,,27,36,050,46,28,28,248,,5*7D
$GBGSV,3,2,12,29,28,248,46,30,76,300,47,35,63,283,,36,63,282,50,5*78
$GBGSV,3,3,12,38,19,317,,39,19,317,43,40,47,168,47,41,04,075,37,5*7B
$GNGGA,115816.87,3724.55220,N,12159.39358,W,1,08,1.1,-10.1,M,-31.6,M,,*51
$GNRMC,115816.87,A,3724.55220,N,12159.39358,W,1.2,47.3,160726,,,A,U*11
$GNGLL,3724.55220,N,12159.39358,W,115816.87,A,A*68
$GNGNS,115816.87,3724.55220,N,12159.39358,W,A,08,1.1,-10.1,-31.6,,,U*43
$GNGSA,A,3,,,,,,,,,,,,,1.8,1.1,1.4,1*3D
$GNGSA,A,3,,,,,,,,,,,,,1.8,1.1,1.4,3*3F
$GNGSA,A,3,11,27,29,30,36,39,40,41,,,,,1.8,1.1,1.4,4*3B
$GPGSV,1,1,00,,,,,,,,,,,,,,,,,8*6D
$GAGSV,1,1,00,,,,,,,,,,,,,,,,,1*75
$GAGSV,1,1,00,,,,,,,,,,,,,,,,,2*76
$GAGSV,1,1,00,,,,,,,,,,,,,,,,,3*77
$GBGSV,3,1,12,11,51,253,47,26,36,050,,27,36,050,46,28,28,248,,5*7D
$GBGSV,3,2,12,29,28,248,46,30,76,300,47,35,63,282,,36,63,282,50,5*79
$GBGSV,3,3,12,38,19,317,,39,19,317,42,40,47,168,47,41,04,075,37,5*7A
$GNGGA,115817.87,3724.55215,N,12159.39355,W,1,08,1.1,-10.9,M,-31.6,M,,*53
$GNRMC,115817.87,A,3724.55215,N,12159.39355,W,1.3,47.3,160726,,,A,U*1A
$GNGLL,3724.55215,N,12159.39355,W,115817.87,A,A*62
$GNGNS,115817.87,3724.55215,N,12159.39355,W,A,08,1.1,-10.9,-31.6,,,U*41
$GNGSA,A,3,,,,,,,,,,,,,1.8,1.1,1.4,1*3D
$GNGSA,A,3,,,,,,,,,,,,,1.8,1.1,1.4,3*3F
$GNGSA,A,3,11,27,29,30,36,39,40,41,,,,,1.8,1.1,1.4,4*3B
$GPGSV,1,1,00,,,,,,,,,,,,,,,,,8*6D
$GAGSV,1,1,00,,,,,,,,,,,,,,,,,1*75
$GAGSV,1,1,00,,,,,,,,,,,,,,,,,2*76
$GAGSV,1,1,00,,,,,,,,,,,,,,,,,3*77
$GBGSV,3,1,12,11,51,253,47,26,36,050,,27,36,050,46,28,28,248,,5*7D
$GBGSV,3,2,12,29,28,248,46,30,76,300,47,35,63,282,,36,63,282,50,5*79
$GBGSV,3,3,12,38,19,317,,39,19,317,43,40,47,168,47,41,04,075,37,5*7B
$GNGGA,115818.87,3724.55209,N,12159.39348,W,1,08,1.1,-11.6,M,-31.6,M,,*53
$GNRMC,115818.87,A,3724.55209,N,12159.39348,W,1.3,47.2,160726,,,A,U*15
$GNGLL,3724.55209,N,12159.39348,W,115818.87,A,A*6C
$GNGNS,115818.87,3724.55209,N,12159.39348,W,A,08,1.1,-11.6,-31.6,,,U*41
$GNGSA,A,3,,,,,,,,,,,,,1.8,1.1,1.4,1*3D
$GNGSA,A,3,,,,,,,,,,,,,1.8,1.1,1.4,3*3F
$GNGSA,A,3,11,27,29,30,36,39,40,41,,,,,1.8,1.1,1.4,4*3B
$GPGSV,1,1,00,,,,,,,,,,,,,,,,,8*6D
$GAGSV,1,1,00,,,,,,,,,,,,,,,,,1*75
$GAGSV,1,1,00,,,,,,,,,,,,,,,,,2*76
$GAGSV,1,1,00,,,,,,,,,,,,,,,,,3*77
$GBGSV,3,1,12,11,51,253,47,26,36,050,,27,36,050,46,28,28,248,,5*7D
$GBGSV,3,2,12,29,28,248,46,30,76,301,47,35,63,282,,36,63,282,50,5*78
$GBGSV,3,3,12,38,19,317,,39,19,317,43,40,47,168,47,41,04,075,37,5*7B
$GNGGA,115819.87,3724.55201,N,12159.39345,W,1,08,1.1,-12.4,M,-31.6,M,,*56
$GNRMC,115819.87,A,3724.55201,N,12159.39345,W,1.3,47.2,160726,,,A,U*11
$GNGLL,3724.55201,N,12159.39345,W,115819.87,A,A*68
$GNGNS,115819.87,3724.55201,N,12159.39345,W,A,08,1.1,-12.4,-31.6,,,U*44
$GNGSA,A,3,,,,,,,,,,,,,1.8,1.1,1.4,1*3D
$GNGSA,A,3,,,,,,,,,,,,,1.8,1.1,1.4,3*3F
$GNGSA,A,3,11,27,29,30,36,39,40,41,,,,,1.8,1.1,1.4,4*3B
$GPGSV,1,1,00,,,,,,,,,,,,,,,,,8*6D
$GAGSV,1,1,00,,,,,,,,,,,,,,,,,1*75
$GAGSV,1,1,00,,,,,,,,,,,,,,,,,2*76
$GAGSV,1,1,00,,,,,,,,,,,,,,,,,3*77
$GBGSV,3,1,12,11,51,253,47,26,36,050,,27,36,050,46,28,28,248,,5*7D
$GBGSV,3,2,12,29,28,248,46,30,76,301,47,35,63,282,,36,63,282,49,5*70
$GBGSV,3,3,12,38,19,317,,39,19,317,43,40,47,168,47,41,04,075,36,5*7A
$GNGGA,115820.87,3724.55195,N,12159.39338,W,1,08,1.1,-13.0,M,-31.6,M,,*5D
$GNRMC,115820.87,A,3724.55195,N,12159.39338,W,1.3,47.2,160726,,,A,U*1F
$GNGLL,3724.55195,N,12159.39338,W,115820.87,A,A*66
$GNGNS,115820.87,3724.55195,N,12159.39338,W,A,08,1.1,-13.0,-31.6,,,U*4F
$GNGSA,A,3,,,,,,,,,,,,,1.8,1.1,1.4,1*3D
$GNGSA,A,3,,,,,,,,,,,,,1.8,1.1,1.4,3*3F
$GNGSA,A,3,11,27,29,30,36,39,40,41,,,,,1.8,1.1,1.4,4*3B
$GPGSV,1,1,00,,,,,,,,,,,,,,,,,8*6D
$GAGSV,1,1,00,,,,,,,,,,,,,,,,,1*75
$GAGSV,1,1,00,,,,,,,,,,,,,,,,,2*76
$GAGSV,1,1,00,,,,,,,,,,,,,,,,,3*77
$GBGSV,3,1,12,11,51,253,47,26,36,050,,27,36,050,46,28,28,248,,5*7D
$GBGSV,3,2,12,29,28,248,46,30,76,301,47,35,63,282,,36,63,282,49,5*70
$GBGSV,3,3,12,38,19,317,,39,19,317,43,40,47,168,47,41,04,075,36,5*7A
$GNGGA,115821.87,3724.55190,N,12159.39338,W,1,08,1.1,-13.5,M,-31.6,M,,*5C
$GNRMC,115821.87,A,3724.55190,N,12159.39338,W,1.3,47.1,160726,,,A,U*18
$GNGLL,3724.55190,N,12159.39338,W,115821.87,A,A*62
$GNGNS,115821.87,3724.55190,N,12159.39338,W,A,08,1.1,-13.5,-31.6,,,U*4E
$GNGSA,A,3,,,,,,,,,,,,,1.8,1.1,1.4,1*3D
$GNGSA,A,3,,,,,,,,,,,,,1.8,1.1,1.4,3*3F
$GNGSA,A,3,11,27,29,30,36,39,40,41,,,,,1.8,1.1,1.4,4*3B
$GPGSV,1,1,00,,,,,,,,,,,,,,,,,8*6D
$GAGSV,1,1,00,,,,,,,,,,,,,,,,,1*75
$GAGSV,1,1,00,,,,,,,,,,,,,,,,,2*76
$GAGSV,1,1,00,,,,,,,,,,,,,,,,,3*77
$GBGSV,3,1,12,11,51,253,47,26,36,050,,27,36,050,46,28,28,248,,5*7D
$GBGSV,3,2,12,29,28,248,46,30,76,301,47,35,63,282,,36,63,282,50,5*78
$GBGSV,3,3,12,38,19,317,,39,19,317,43,40,47,168,47,41,04,075,36,5*7A
$GNGGA,115822.87,3724.55182,N,12159.39336,W,1,08,1.1,-14.1,M,-31.6,M,,*51
$GNRMC,115822.87,A,3724.55182,N,12159.39336,W,1.4,47.0,160726,,,A,U*10
$GNGLL,3724.55182,N,12159.39336,W,115822.87,A,A*6C
$GNGNS,115822.87,3724.55182,N,12159.39336,W,A,08,1.1,-14.1,-31.6,,,U*43
$GNGSA,A,3,,,,,,,,,,,,,1.8,1.1,1.4,1*3D
$GNGSA,A,3,,,,,,,,,,,,,1.8,1.1,1.4,3*3F
$GNGSA,A,3,11,27,29,30,36,39,40,41,,,,,1.8,1.1,1.4,4*3B
$GPGSV,1,1,00,,,,,,,,,,,,,,,,,8*6D
$GAGSV,1,1,00,,,,,,,,,,,,,,,,,1*75
$GAGSV,1,1,00,,,,,,,,,,,,,,,,,2*76
$GAGSV,1,1,00,,,,,,,,,,,,,,,,,3*77
$GBGSV,3,1,12,11,51,253,47,26,36,050,,27,36,050,46,28,28,248,,5*7D
$GBGSV,3,2,12,29,28,248,46,30,76,301,47,35,63,282,,36,63,282,50,5*78
$GBGSV,3,3,12,38,19,317,,39,19,317,43,40,47,168,47,41,04,075,37,5*7B
$GNGGA,115823.87,3724.55173,N,12159.39336,W,1,08,1.1,-14.7,M,-31.6,M,,*58
$GNRMC,115823.87,A,3724.55173,N,12159.39336,W,1.4,47.0,160726,,,A,U*1F
$GNGLL,3724.55173,N,12159.39336,W,115823.87,A,A*63
$GNGNS,115823.87,3724.55173,N,12159.39336,W,A,08,1.1,-14.7,-31.6,,,U*4A
$GNGSA,A,3,,,,,,,,,,,,,1.8,1.1,1.4,1*3D
$GNGSA,A,3,,,,,,,,,,,,,1.8,1.1,1.4,3*3F
$GNGSA,A,3,11,27,29,30,36,39,40,41,,,,,1.8,1.1,1.4,4*3B
$GPGSV,1,1,00,,,,,,,,,,,,,,,,,8*6D
$GAGSV,1,1,00,,,,,,,,,,,,,,,,,1*75
$GAGSV,1,1,00,,,,,,,,,,,,,,,,,2*76
$GAGSV,1,1,00,,,,,,,,,,,,,,,,,3*77
$GBGSV,3,1,12,11,51,253,47,26,36,050,,27,36,050,46,28,28,248,,5*7D
$GBGSV,3,2,12,29,28,248,46,30,76,301,47,35,63,282,,36,63,282,50,5*78
$GBGSV,3,3,12,38,19,317,,39,19,317,43,40,47,168,47,41,04,075,37,5*7B
$GNGGA,115824.87,3724.55283,N,12159.39470,W,1,08,1.1,4.8,M,-31.6,M,,*45
$GNRMC,115824.87,A,3724.55283,N,12159.39470,W,0.0,47.0,160726,,,A,U*14
$GNGLL,3724.55283,N,12159.39470,W,115824.87,A,A*6D
$GNGNS,115824.87,3724.55283,N,12159.39470,W,A,08,1.1,4.8,-31.6,,,U*57
$GNGSA,A,3,,,,,,,,,,,,,1.8,1.1,1.4,1*3D
$GNGSA,A,3,,,,,,,,,,,,,1.8,1.1,1.4,3*3F
$GNGSA,A,3,11,27,29,30,36,39,40,41,,,,,1.8,1.1,1.4,4*3B
$GPGSV,1,1,00,,,,,,,,,,,,,,,,,8*6D
$GAGSV,1,1,00,,,,,,,,,,,,,,,,,1*75
$GAGSV,1,1,00,,,,,,,,,,,,,,,,,2*76
$GAGSV,1,1,00,,,,,,,,,,,,,,,,,3*77
$GBGSV,3,1,12,11,51,253,47,26,36,050,,27,36,050,46,28,28,248,,5*7D
$GBGSV,3,2,12,29,28,248,46,30,76,301,47,35,63,282,,36,63,282,49,5*70
$GBGSV,3,3,12,38,19,317,,39,19,317,43,40,47,168,47,41,04,075,37,5*7B
$GNGGA,115825.87,3724.55318,N,12159.39485,W,1,08,1.1,5.3,M,-31.6,M,,*47
$GNRMC,115825.87,A,3724.55318,N,12159.39485,W,0.0,47.0,160726,,,A,U*1C
$GNGLL,3724.55318,N,12159.39485,W,115825.87,A,A*65
$GNGNS,115825.87,3724.55318,N,12159.39485,W,A,08,1.1,5.3,-31.6,,,U*55
$GNGSA,A,3,,,,,,,,,,,,,1.8,1.1,1.4,1*3D
$GNGSA,A,3,,,,,,,,,,,,,1.8,1.1,1.4,3*3F
$GNGSA,A,3,11,27,29,30,36,39,40,41,,,,,1.8,1.1,1.4,4*3B
$GPGSV,1,1,00,,,,,,,,,,,,,,,,,8*6D
$GAGSV,1,1,00,,,,,,,,,,,,,,,,,1*75
$GAGSV,1,1,00,,,,,,,,,,,,,,,,,2*76
$GAGSV,1,1,00,,,,,,,,,,,,,,,,,3*77
$GBGSV,3,1,12,11,51,253,47,26,36,050,,27,36,050,46,28,28,248,,5*7D
$GBGSV,3,2,12,29,28,248,46,30,76,301,47,35,63,282,,36,63,282,49,5*70
$GBGSV,3,3,12,38,19,317,,39,19,317,43,40,47,168,47,41,04,075,37,5*7B
$GNGGA,115826.87,3724.55270,N,12159.39463,W,1,08,1.1,5.0,M,-31.6,M,,*40
$GNRMC,115826.87,A,3724.55270,N,12159.39463,W,0.0,47.0,160726,,,A,U*18
$GNGLL,3724.55270,N,12159.39463,W,115826.87,A,A*61
$GNGNS,115826.87,3724.55270,N,12159.39463,W,A,08,1.1,5.0,-31.6,,,U*52
$GNGSA,A,3,,,,,,,,,,,,,1.8,1.1,1.4,1*3D
$GNGSA,A,3,,,,,,,,,,,,,1.8,1.1,1.4,3*3F
$GNGSA,A,3,11,27,29,30,36,39,40,41,,,,,1.8,1.1,1.4,4*3B
$GPGSV,1,1,00,,,,,,,,,,,,,,,,,8*6D
$GAGSV,1,1,00,,,,,,,,,,,,,,,,,1*75
$GAGSV,1,1,00,,,,,,,,,,,,,,,,,2*76
$GAGSV,1,1,00,,,,,,,,,,,,,,,,,3*77
$GBGSV,3,1,12,11,51,253,47,26,36,050,,27,36,050,46,28,28,248,,5*7D
$GBGSV,3,2,12,29,28,248,46,30,76,301,47,35,63,282,,36,64,282,50,5*7F
$GBGSV,3,3,12,38,19,317,,39,19,317,43,40,47,168,47,41,04,075,37,5*7B
$GNGGA,115827.87,3724.55308,N,12159.39474,W,1,08,1.1,4.5,M,-31.6,M,,*4D
$GNRMC,115827.87,A,3724.55308,N,12159.39474,W,0.0,47.0,160726,,,A,U*11
$GNGLL,3724.55308,N,12159.39474,W,115827.87,A,A*68
$GNGNS,115827.87,3724.55308,N,12159.39474,W,A,08,1.1,4.5,-31.6,,,U*5F
$GNGSA,A,3,,,,,,,,,,,,,1.8,1.1,1.4,1*3D
$GNGSA,A,3,,,,,,,,,,,,,1.8,1.1,1.4,3*3F
$GNGSA,A,3,11,27,29,30,36,39,40,41,,,,,1.8,1.1,1.4,4*3B
$GPGSV,1,1,00,,,,,,,,,,,,,,,,,8*6D
$GAGSV,1,1,00,,,,,,,,,,,,,,,,,1*75
$GAGSV,1,1,00,,,,,,,,,,,,,,,,,2*76
$GAGSV,1,1,00,,,,,,,,,,,,,,,,,3*77
$GBGSV,3,1,12,11,51,253,47,26,36,050,,27,36,050,46,28,28,248,,5*7D
$GBGSV,3,2,12,29,28,248,46,30,76,301,47,35,63,282,,36,64,282,50,5*7F
$GBGSV,3,3,12,38,19,317,,39,19,317,43,40,47,168,47,41,04,075,37,5*7B
$GNGGA,115828.87,3724.55308,N,12159.39474,W,1,08,1.1,4.5,M,-31.6,M,,*42
$GNRMC,115828.87,A,3724.55308,N,12159.39474,W,0.0,47.0,160726,,,A,U*1E
$GNGLL,3724.55308,N,12159.39474,W,115828.87,A,A*67
$GNGNS,115828.87,3724.55308,N,12159.39474,W,A,08,1.1,4.5,-31.6,,,U*50
$GNGSA,A,3,,,,,,,,,,,,,1.8,1.1,1.4,1*3D
$GNGSA,A,3,,,,,,,,,,,,,1.8,1.1,1.4,3*3F
$GNGSA,A,3,11,27,29,30,36,39,40,41,,,,,1.8,1.1,1.4,4*3B
$GPGSV,1,1,00,,,,,,,,,,,,,,,,,8*6D
$GAGSV,1,1,00,,,,,,,,,,,,,,,,,1*75
$GAGSV,1,1,00,,,,,,,,,,,,,,,,,2*76
$GAGSV,1,1,00,,,,,,,,,,,,,,,,,3*77
$GBGSV,3,1,12,11,51,253,47,26,36,050,,27,36,050,46,28,28,248,,5*7D
$GBGSV,3,2,12,29,28,248,46,30,76,301,47,35,63,282,,36,64,282,50,5*7F
$GBGSV,3,3,12,38,19,317,,39,19,317,43,40,47,168,47,41,04,075,37,5*7B
$GNGGA,115829.87,3724.55306,N,12159.39477,W,1,08,1.1,4.6,M,-31.6,M,,*4D
$GNRMC,115829.87,A,3724.55306,N,12159.39477,W,0.0,47.0,160726,,,A,U*12
$GNGLL,3724.55306,N,12159.39477,W,115829.87,A,A*6B
$GNGNS,115829.87,3724.55306,N,12159.39477,W,A,08,1.1,4.6,-31.6,,,U*5F
$GNGSA,A,3,,,,,,,,,,,,,1.8,1.1,1.4,1*3D
$GNGSA,A,3,,,,,,,,,,,,,1.8,1.1,1.4,3*3F
$GNGSA,A,3,11,27,29,30,36,39,40,41,,,,,1.8,1.1,1.4,4*3B
$GPGSV,1,1,00,,,,,,,,,,,,,,,,,8*6D
$GAGSV,1,1,00,,,,,,,,,,,,,,,,,1*75
$GAGSV,1,1,00,,,,,,,,,,,,,,,,,2*76
$GAGSV,1,1,00,,,,,,,,,,,,,,,,,3*77
$GBGSV,3,1,12,11,51,253,47,26,36,050,,27,36,050,46,28,28,248,,5*7D
$GBGSV,3,2,12,29,28,248,46,30,76,301,47,35,63,282,,36,64,282,50,5*7F
$GBGSV,3,3,12,38,19,317,,39,19,317,43,40,47,168,47,41,04,075,37,5*7B
$GNGGA,115830.87,3724.55305,N,12159.39477,W,1,08,1.1,4.4,M,-31.6,M,,*44
$GNRMC,115830.87,A,3724.55305,N,12159.39477,W,0.1,47.0,160726,,,A,U*18
$GNGLL,3724.55305,N,12159.39477,W,115830.87,A,A*60
$GNGNS,115830.87,3724.55305,N,12159.39477,W,A,08,1.1,4.4,-31.6,,,U*56
$GNGSA,A,3,,,,,,,,,,,,,1.8,1.1,1.4,1*3D
$GNGSA,A,3,,,,,,,,,,,,,1.8,1.1,1.4,3*3F
$GNGSA,A,3,11,27,29,30,36,39,40,41,,,,,1.8,1.1,1.4,4*3B
$GPGSV,1,1,00,,,,,,,,,,,,,,,,,8*6D
$GAGSV,1,1,00,,,,,,,,,,,,,,,,,1*75
$GAGSV,1,1,00,,,,,,,,,,,,,,,,,2*76
$GAGSV,1,1,00,,,,,,,,,,,,,,,,,3*77
$GBGSV,3,1,12,11,51,253,47,26,36,050,,27,36,050,46,28,28,248,,5*7D
$GBGSV,3,2,12,29,28,248,46,30,76,301,47,35,63,282,,36,64,282,49,5*77
$GBGSV,3,3,12,38,19,317,,39,19,317,43,40,47,168,47,41,04,075,37,5*7B
$GNGGA,115831.87,3724.55305,N,12159.39474,W,1,08,1.1,4.3,M,-31.6,M,,*41
$GNRMC,115831.87,A,3724.55305,N,12159.39474,W,0.1,47.0,160726,,,A,U*1A
$GNGLL,3724.55305,N,12159.39474,W,115831.87,A,A*62
$GNGNS,115831.87,3724.55305,N,12159.39474,W,A,08,1.1,4.3,-31.6,,,U*53
$GNGSA,A,3,,,,,,,,,,,,,1.8,1.1,1.4,1*3D
$GNGSA,A,3,,,,,,,,,,,,,1.8,1.1,1.4,3*3F
$GNGSA,A,3,11,27,29,30,36,39,40,41,,,,,1.8,1.1,1.4,4*3B
$GPGSV,1,1,00,,,,,,,,,,,,,,,,,8*6D
$GAGSV,1,1,00,,,,,,,,,,,,,,,,,1*75
$GAGSV,1,1,00,,,,,,,,,,,,,,,,,2*76
$GAGSV,1,1,00,,,,,,,,,,,,,,,,,3*77
$GBGSV,4,1,13,06,01,332,,11,51,253,47,26,36,050,,27,36,050,46,5*70
$GBGSV,4,2,13,28,28,248,,29,28,248,46,30,76,301,47,35,63,282,,5*7D
$GBGSV,4,3,13,36,64,282,49,38,19,317,,39,19,317,43,40,47,168,47,5*78
$GBGSV,4,4,13,41,04,075,37,,,,,,,,,,,,,5*47
$GNGGA,115832.87,3724.55301,N,12159.39473,W,1,08,1.1,4.2,M,-31.6,M,,*40
$GNRMC,115832.87,A,3724.55301,N,12159.39473,W,0.1,47.0,160726,,,A,U*1A
$GNGLL,3724.55301,N,12159.39473,W,115832.87,A,A*62
$GNGNS,115832.87,3724.55301,N,12159.39473,W,A,08,1.1,4.2,-31.6,,,U*52
$GNGSA,A,3,,,,,,,,,,,,,1.8,1.1,1.4,1*3D
$GNGSA,A,3,,,,,,,,,,,,,1.8,1.1,1.4,3*3F
$GNGSA,A,3,11,27,29,30,36,39,40,41,,,,,1.8,1.1,1.4,4*3B
$GPGSV,1,1,00,,,,,,,,,,,,,,,,,8*6D
$GAGSV,1,1,00,,,,,,,,,,,,,,,,,1*75
$GAGSV,1,1,00,,,,,,,,,,,,,,,,,2*76
$GAGSV,1,1,00,,,,,,,,,,,,,,,,,3*77
$GBGSV,4,1,13,06,01,332,,11,51,253,47,26,36,050,,27,36,050,46,5*70
$GBGSV,4,2,13,28,28,248,,29,28,248,46,30,76,301,47,35,63,282,,5*7D
$GBGSV,4,3,13,36,64,282,49,38,19,317,,39,19,317,43,40,47,168,47,5*78
$GBGSV,4,4,13,41,04,075,38,,,,,,,,,,,,,5*48
$GNGGA,115833.87,3724.55298,N,12159.39474,W,1,08,1.1,3.8,M,-31.6,M,,*4A
$GNRMC,115833.87,A,3724.55298,N,12159.39474,W,0.2,53.4,160726,,,A,U*1F
$GNGLL,3724.55298,N,12159.39474,W,115833.87,A,A*65
$GNGNS,115833.87,3724.55298,N,12159.39474,W,A,08,1.1,3.8,-31.6,,,U*58
$GNGSA,A,3,,,,,,,,,,,,,1.8,1.1,1.4,1*3D
$GNGSA,A,3,,,,,,,,,,,,,1.8,1.1,1.4,3*3F
$GNGSA,A,3,11,27,29,30,36,39,40,41,,,,,1.8,1.1,1.4,4*3B
$GPGSV,1,1,00,,,,,,,,,,,,,,,,,8*6D
$GAGSV,1,1,00,,,,,,,,,,,,,,,,,1*75
$GAGSV,1,1,00,,,,,,,,,,,,,,,,,2*76
$GAGSV,1,1,00,,,,,,,,,,,,,,,,,3*77
$GBGSV,4,1,13,06,01,332,,11,51,253,47,26,36,050,,27,36,050,46,5*70
$GBGSV,4,2,13,28,28,248,,29,28,248,46,30,76,301,47,35,63,282,,5*7D
$GBGSV,4,3,13,36,64,282,49,38,19,317,,39,19,317,43,40,47,168,47,5*78
$GBGSV,4,4,13,41,04,075,37,,,,,,,,,,,,,5*47
$GNGGA,115834.87,3724.55293,N,12159.39471,W,1,08,1.1,3.5,M,-31.6,M,,*4E
$GNRMC,115834.87,A,3724.55293,N,12159.39471,W,0.3,51.8,160726,,,A,U*19
$GNGLL,3724.55293,N,12159.39471,W,115834.87,A,A*6C
$GNGNS,115834.87,3724.55293,N,12159.39471,W,A,08,1.1,3.5,-31.6,,,U*5C
$GNGSA,A,3,,,,,,,,,,,,,1.8,1.1,1.4,1*3D
$GNGSA,A,3,,,,,,,,,,,,,1.8,1.1,1.4,3*3F
$GNGSA,A,3,11,27,29,30,36,39,40,41,,,,,1.8,1.1,1.4,4*3B
$GPGSV,1,1,00,,,,,,,,,,,,,,,,,8*6D
$GAGSV,1,1,00,,,,,,,,,,,,,,,,,1*75
$GAGSV,1,1,00,,,,,,,,,,,,,,,,,2*76
$GAGSV,1,1,00,,,,,,,,,,,,,,,,,3*77
$GBGSV,4,1,13,06,01,332,,11,51,253,46,26,36,050,,27,36,050,46,5*71
$GBGSV,4,2,13,28,28,248,,29,28,248,46,30,76,301,47,35,63,282,,5*7D
$GBGSV,4,3,13,36,64,282,50,38,19,317,,39,19,317,43,40,47,168,47,5*70
$GBGSV,4,4,13,41,04,075,37,,,,,,,,,,,,,5*47
$GNGGA,115835.87,3724.55292,N,12159.39468,W,1,08,1.1,3.0,M,-31.6,M,,*43
$GNRMC,115835.87,A,3724.55292,N,12159.39468,W,0.3,51.0,160726,,,A,U*19
$GNGLL,3724.55292,N,12159.39468,W,115835.87,A,A*64
$GNGNS,115835.87,3724.55292,N,12159.39468,W,A,08,1.1,3.0,-31.6,,,U*51
$GNGSA,A,3,,,,,,,,,,,,,1.8,1.1,1.4,1*3D
$GNGSA,A,3,,,,,,,,,,,,,1.8,1.1,1.4,3*3F
$GNGSA,A,3,11,27,29,30,36,39,40,41,,,,,1.8,1.1,1.4,4*3B
$GPGSV,1,1,00,,,,,,,,,,,,,,,,,8*6D
$GAGSV,1,1,00,,,,,,,,,,,,,,,,,1*75
$GAGSV,1,1,00,,,,,,,,,,,,,,,,,2*76
$GAGSV,1,1,00,,,,,,,,,,,,,,,,,3*77
$GBGSV,4,1,13,06,01,332,,11,51,253,47,26,36,050,,27,36,050,46,5*70
$GBGSV,4,2,13,28,28,248,,29,28,248,46,30,76,301,47,35,63,282,,5*7D
$GBGSV,4,3,13,36,64,282,50,38,19,317,,39,19,317,43,40,47,168,47,5*70
$GBGSV,4,4,13,41,04,075,37,,,,,,,,,,,,,5*47
$GNGGA,115836.87,3724.55289,N,12159.39467,W,1,08,1.1,2.6,M,-31.6,M,,*42
$GNRMC,115836.87,A,3724.55289,N,12159.39467,W,0.4,49.9,160726,,,A,U*18
$GNGLL,3724.55289,N,12159.39467,W,115836.87,A,A*62
$GNGNS,115836.87,3724.55289,N,12159.39467,W,A,08,1.1,2.6,-31.6,,,U*50
$GNGSA,A,3,,,,,,,,,,,,,1.8,1.1,1.4,1*3D
$GNGSA,A,3,,,,,,,,,,,,,1.8,1.1,1.4,3*3F
$GNGSA,A,3,11,27,29,30,36,39,40,41,,,,,1.8,1.1,1.4,4*3B
$GPGSV,1,1,00,,,,,,,,,,,,,,,,,8*6D
$GAGSV,1,1,00,,,,,,,,,,,,,,,,,1*75
$GAGSV,1,1,00,,,,,,,,,,,,,,,,,2*76
$GAGSV,1,1,00,,,,,,,,,,,,,,,,,3*77
$GBGSV,4,1,13,06,01,332,,11,51,253,47,26,36,050,,27,36,050,46,5*70
$GBGSV,4,2,13,28,28,248,,29,28,248,46,30,76,301,47,35,63,282,,5*7D
$GBGSV,4,3,13,36,64,282,49,38,19,317,,39,19,317,43,40,47,168,48,5*77
$GBGSV,4,4,13,41,04,075,38,,,,,,,,,,,,,5*48
$GNGGA,115837.87,3724.55284,N,12159.39464,W,1,08,1.1,2.2,M,-31.6,M,,*49
$GNRMC,115837.87,A,3724.55284,N,12159.39464,W,0.4,49.2,160726,,,A,U*1C
$GNGLL,3724.55284,N,12159.39464,W,115837.87,A,A*6D
$GNGNS,115837.87,3724.55284,N,12159.39464,W,A,08,1.1,2.2,-31.6,,,U*5B
$GNGSA,A,3,,,,,,,,,,,,,1.8,1.1,1.4,1*3D
$GNGSA,A,3,,,,,,,,,,,,,1.8,1.1,1.4,3*3F
$GNGSA,A,3,11,27,29,30,36,39,40,41,,,,,1.8,1.1,1.4,4*3B
$GPGSV,1,1,00,,,,,,,,,,,,,,,,,8*6D
$GAGSV,1,1,00,,,,,,,,,,,,,,,,,1*75
$GAGSV,1,1,00,,,,,,,,,,,,,,,,,2*76
$GAGSV,1,1,00,,,,,,,,,,,,,,,,,3*77
$GBGSV,4,1,13,06,01,332,,11,51,253,47,26,36,050,,27,36,050,46,5*70
$GBGSV,4,2,13,28,28,248,,29,28,248,46,30,76,301,47,35,63,282,,5*7D
$GBGSV,4,3,13,36,64,282,49,38,19,317,,39,19,317,43,40,47,168,47,5*78
$GBGSV,4,4,13,41,04,075,38,,,,,,,,,,,,,5*48
$GNGGA,115838.87,3724.55285,N,12159.39465,W,1,08,1.1,1.7,M,-31.6,M,,*40
$GNRMC,115838.87,A,3724.55285,N,12159.39465,W,0.5,48.5,160726,,,A,U*14
$GNGLL,3724.55285,N,12159.39465,W,115838.87,A,A*62
$GNGNS,115838.87,3724.55285,N,12159.39465,W,A,08,1.1,1.7,-31.6,,,U*52
$GNGSA,A,3,,,,,,,,,,,,,1.8,1.1,1.4,1*3D
$GNGSA,A,3,,,,,,,,,,,,,1.8,1.1,1.4,3*3F
$GNGSA,A,3,11,27,29,30,36,39,40,41,,,,,1.8,1.1,1.4,4*3B
$GPGSV,1,1,00,,,,,,,,,,,,,,,,,8*6D
$GAGSV,1,1,00,,,,,,,,,,,,,,,,,1*75
$GAGSV,1,1,00,,,,,,,,,,,,,,,,,2*76
$GAGSV,1,1,00,,,,,,,,,,,,,,,,,3*77
$GBGSV,4,1,13,06,01,332,,11,51,253,47,26,36,050,,27,36,050,46,5*70
$GBGSV,4,2,13,28,28,248,,29,28,248,46,30,76,301,47,35,63,282,,5*7D
$GBGSV,4,3,13,36,64,282,49,38,19,317,,39,19,317,43,40,47,168,47,5*78
$GBGSV,4,4,13,41,04,075,38,,,,,,,,,,,,,5*48
$GNGGA,115839.87,3724.55280,N,12159.39462,W,1,08,1.1,1.1,M,-31.6,M,,*45
$GNRMC,115839.87,A,3724.55280,N,12159.39462,W,0.5,48.0,160726,,,A,U*12
$GNGLL,3724.55280,N,12159.39462,W,115839.87,A,A*61
$GNGNS,115839.87,3724.55280,N,12159.39462,W,A,08,1.1,1.1,-31.6,,,U*57
$GNGSA,A,3,,,,,,,,,,,,,1.8,1.1,1.4,1*3D
$GNGSA,A,3,,,,,,,,,,,,,1.8,1.1,1.4,3*3F
$GNGSA,A,3,11,27,29,30,36,39,40,41,,,,,1.8,1.1,1.4,4*3B
$GPGSV,1,1,00,,,,,,,,,,,,,,,,,8*6D
$GAGSV,1,1,00,,,,,,,,,,,,,,,,,1*75
$GAGSV,1,1,00,,,,,,,,,,,,,,,,,2*76
$GAGSV,1,1,00,,,,,,,,,,,,,,,,,3*77
$GBGSV,4,1,13,06,01,332,,11,51,253,46,26,36,050,,27,36,050,46,5*71
$GBGSV,4,2,13,28,28,248,,29,28,248,46,30,76,301,47,35,63,282,,5*7D
$GBGSV,4,3,13,36,64,282,49,38,19,317,,39,19,317,43,40,47,168,47,5*78
$GBGSV,4,4,13,41,04,075,38,,,,,,,,,,,,,5*48
$GNGGA,115840.87,3724.55272,N,12159.39460,W,1,08,1.1,0.6,M,-31.6,M,,*42
$GNRMC,115840.87,A,3724.55272,N,12159.39460,W,0.5,47.8,160726,,,A,U*14
$GNGLL,3724.55272,N,12159.39460,W,115840.87,A,A*60
$GNGNS,115840.87,3724.55272,N,12159.39460,W,A,08,1.1,0.6,-31.6,,,U*50
$GNGSA,A,3,,,,,,,,,,,,,1.8,1.1,1.4,1*3D
$GNGSA,A,3,,,,,,,,,,,,,1.8,1.1,1.4,3*3F
$GNGSA,A,3,11,27,29,30,36,39,40,41,,,,,1.8,1.1,1.4,4*3B
$GPGSV,1,1,00,,,,,,,,,,,,,,,,,8*6D
$GAGSV,1,1,00,,,,,,,,,,,,,,,,,1*75
$GAGSV,1,1,00,,,,,,,,,,,,,,,,,2*76
$GAGSV,1,1,00,,,,,,,,,,,,,,,,,3*77
$GBGSV,4,1,13,06,01,332,,11,51,253,47,26,36,050,,27,36,050,46,5*70
$GBGSV,4,2,13,28,28,248,,29,28,248,46,30,76,301,47,35,64,282,,5*7A
$GBGSV,4,3,13,36,64,282,49,38,19,317,,39,19,317,43,40,47,168,47,5*78
$GBGSV,4,4,13,41,04,075,38,,,,,,,,,,,,,5*48
$GNGGA,115841.87,3724.55262,N,12159.39460,W,1,08,1.1,0.0,M,-31.6,M,,*44
$GNRMC,115841.87,A,3724.55262,N,12159.39460,W,0.5,47.5,160726,,,A,U*19
$GNGLL,3724.55262,N,12159.39460,W,115841.87,A,A*60
$GNGNS,115841.87,3724.55262,N,12159.39460,W,A,08,1.1,0.0,-31.6,,,U*56
$GNGSA,A,3,,,,,,,,,,,,,1.8,1.1,1.4,1*3D
$GNGSA,A,3,,,,,,,,,,,,,1.8,1.1,1.4,3*3F
$GNGSA,A,3,11,27,29,30,36,39,40,41,,,,,1.8,1.1,1.4,4*3B
$GPGSV,1,1,00,,,,,,,,,,,,,,,,,8*6D
$GAGSV,1,1,00,,,,,,,,,,,,,,,,,1*75
$GAGSV,1,1,00,,,,,,,,,,,,,,,,,2*76
$GAGSV,1,1,00,,,,,,,,,,,,,,,,,3*77
$GBGSV,4,1,13,06,01,332,,11,51,253,47,26,36,050,,27,36,050,46,5*70
$GBGSV,4,2,13,28,28,248,,29,28,248,46,30,76,301,47,35,64,282,,5*7A
$GBGSV,4,3,13,36,64,282,49,38,19,317,,39,19,317,43,40,47,168,47,5*78
$GBGSV,4,4,13,41,04,075,38,,,,,,,,,,,,,5*48
$GNGGA,115842.87,3724.55256,N,12159.39460,W,1,08,1.1,-0.4,M,-31.6,M,,*69
$GNRMC,115842.87,A,3724.55256,N,12159.39460,W,0.6,47.2,160726,,,A,U*19
$GNGLL,3724.55256,N,12159.39460,W,115842.87,A,A*64
$GNGNS,115842.87,3724.55256,N,12159.39460,W,A,08,1.1,-0.4,-31.6,,,U*7B
$GNGSA,A,3,,,,,,,,,,,,,1.8,1.1,1.4,1*3D
$GNGSA,A,3,,,,,,,,,,,,,1.8,1.1,1.4,3*3F
$GNGSA,A,3,11,27,29,30,36,39,40,41,,,,,1.8,1.1,1.4,4*3B
$GPGSV,1,1,00,,,,,,,,,,,,,,,,,8*6D
$GAGSV,1,1,00,,,,,,,,,,,,,,,,,1*75
$GAGSV,1,1,00,,,,,,,,,,,,,,,,,2*76
$GAGSV,1,1,00,,,,,,,,,,,,,,,,,3*77
$GBGSV,4,1,13,06,01,332,,11,51,253,47,26,36,050,,27,36,050,46,5*70
$GBGSV,4,2,13,28,28,248,,29,28,248,46,30,76,301,47,35,64,282,,5*7A
$GBGSV,4,3,13,36,64,282,49,38,19,317,,39,19,317,43,40,47,168,47,5*78
$GBGSV,4,4,13,41,04,075,39,,,,,,,,,,,,,5*49
$GNGGA,115843.87,3724.55253,N,12159.39459,W,1,08,1.1,-1.0,M,-31.6,M,,*62
$GNRMC,115843.87,A,3724.55253,N,12159.39459,W,0.6,47.1,160726,,,A,U*14
$GNGLL,3724.55253,N,12159.39459,W,115843.87,A,A*6A
$GNGNS,115843.87,3724.55253,N,12159.39459,W,A,08,1.1,-1.0,-31.6,,,U*70
$GNGSA,A,3,,,,,,,,,,,,,1.8,1.1,1.4,1*3D
$GNGSA,A,3,,,,,,,,,,,,,1.8,1.1,1.4,3*3F
$GNGSA,A,3,11,27,29,30,36,39,40,41,,,,,1.8,1.1,1.4,4*3B
$GPGSV,1,1,00,,,,,,,,,,,,,,,,,8*6D
$GAGSV,1,1,00,,,,,,,,,,,,,,,,,1*75
$GAGSV,1,1,00,,,,,,,,,,,,,,,,,2*76
$GAGSV,1,1,00,,,,,,,,,,,,,,,,,3*77
$GBGSV,4,1,13,06,01,332,,11,51,253,47,26,36,050,,27,36,050,46,5*70
$GBGSV,4,2,13,28,28,248,,29,29,248,46,30,76,301,47,35,64,282,,5*7B
$GBGSV,4,3,13,36,64,282,50,38,19,317,,39,19,317,43,40,47,168,47,5*70
$GBGSV,4,4,13,41,04,075,39,,,,,,,,,,,,,5*49
