$GNGGA,000002.91,,,,,0,00,,,M,,M,,*5C
$GNRMC,000002.91,V,,,,,,,,,,N,V*13
$GNGLL,,,,,000002.91,V,N*5E
$GNGNS,000002.91,,,,,A,00,,,,,,V*4C
$GNGSA,A,,,,,,,,,,,,,,,,,1*2C
$GNGSA,A,,,,,,,,,,,,,,,,,3*2E
$GNGSA,A,,,,,,,,,,,,,,,,,4*29
$GPGSV,1,1,00,,,,,,,,,,,,,,,,,8*6D
$GAGSV,1,1,00,,,,,,,,,,,,,,,,,1*75
$GAGSV,1,1,00,,,,,,,,,,,,,,,,,2*76
$GAGSV,1,1,00,,,,,,,,,,,,,,,,,3*77
$GBGSV,1,1,00,,,,,,,,,,,,,,,,,5*72
$GNGGA,000003.42,,,,,0,00,,,M,,M,,*53
$GNRMC,000003.42,V,,,,,,,,,,N,V*1C
$GNGLL,,,,,000003.42,V,N*51
$GNGNS,000003.42,,,,,A,00,,,,,,V*43
$GNGSA,A,,,,,,,,,,,,,,,,,1*2C
$GNGSA,A,,,,,,,,,,,,,,,,,3*2E
$GNGSA,A,,,,,,,,,,,,,,,,,4*29
$GPGSV,1,1,00,,,,,,,,,,,,,,,,,8*6D
$GAGSV,1,1,00,,,,,,,,,,,,,,,,,1*75
$GAGSV,1,1,00,,,,,,,,,,,,,,,,,2*76
$GAGSV,1,1,00,,,,,,,,,,,,,,,,,3*77
$GBGSV,1,1,01,11,,,45,,,,,,,,,,,,,5*72
$GNGGA,000004.42,,,,,0,00,,,M,,M,,*54
$GNRMC,000004.42,V,,,,,,,,,,N,V*1B
$GNGLL,,,,,000004.42,V,N*56
$GNGNS,000004.42,,,,,A,00,,,,,,V*44
$GNGSA,A,,,,,,,,,,,,,,,,,1*2C
$GNGSA,A,,,,,,,,,,,,,,,,,3*2E
$GNGSA,A,,,,,,,,,,,,,,,,,4*29
$GPGSV,1,1,00,,,,,,,,,,,,,,,,,8*6D
$GAGSV,1,1,00,,,,,,,,,,,,,,,,,1*75
$GAGSV,1,1,00,,,,,,,,,,,,,,,,,2*76
$GAGSV,1,1,00,,,,,,,,,,,,,,,,,3*77
$GBGSV,2,1,06,11,,,45,27,,,47,29,,,44,30,,,47,5*7B
$GBGSV,2,2,06,39,,,43,40,,,48,,,,,,,,,5*71
$GNGGA,000005.42,,,,,0,00,,,M,,M,,*55
$GNRMC,000005.42,V,,,,,,,,,,N,V*1A
$GNGLL,,,,,000005.42,V,N*57
$GNGNS,000005.42,,,,,A,00,,,,,,V*45
$GNGSA,A,,,,,,,,,,,,,,,,,1*2C
$GNGSA,A,,,,,,,,,,,,,,,,,3*2E
$GNGSA,A,,,,,,,,,,,,,,,,,4*29
$GPGSV,1,1,00,,,,,,,,,,,,,,,,,8*6D
$GAGSV,1,1,00,,,,,,,,,,,,,,,,,1*75
$GAGSV,1,1,00,,,,,,,,,,,,,,,,,2*76
$GAGSV,1,1,00,,,,,,,,,,,,,,,,,3*77
$GBGSV,2,1,08,11,,,45,27,,,47,29,,,44,30,,,47,5*75
$GBGSV,2,2,08,36,,,50,39,,,43,40,,,48,41,,,39,5*70
$GNGGA,000006.42,,,,,0,00,,,M,,M,,*56
$GNRMC,000006.42,V,,,,,,,,,,N,V*19
$GNGLL,,,,,000006.42,V,N*54
$GNGNS,000006.42,,,,,A,00,,,,,,V*46
$GNGSA,A,,,,,,,,,,,,,,,,,1*2C
$GNGSA,A,,,,,,,,,,,,,,,,,3*2E
$GNGSA,A,,,,,,,,,,,,,,,,,4*29
$GPGSV,1,1,00,,,,,,,,,,,,,,,,,8*6D
$GAGSV,1,1,00,,,,,,,,,,,,,,,,,1*75
$GAGSV,1,1,00,,,,,,,,,,,,,,,,,2*76
$GAGSV,1,1,00,,,,,,,,,,,,,,,,,3*77
$GBGSV,2,1,08,11,,,45,27,,,47,29,,,44,30,,,47,5*75
$GBGSV,2,2,08,36,,,50,39,,,43,40,,,48,41,,,39,5*70
$GNGGA,000007.42,,,,,0,00,,,M,,M,,*57
$GNRMC,000007.42,V,,,,,,,,,,N,V*18
$GNGLL,,,,,000007.42,V,N*55
$GNGNS,000007.42,,,,,A,00,,,,,,V*47
$GNGSA,A,,,,,,,,,,,,,,,,,1*2C
$GNGSA,A,,,,,,,,,,,,,,,,,3*2E
$GNGSA,A,,,,,,,,,,,,,,,,,4*29
$GPGSV,1,1,00,,,,,,,,,,,,,,,,,8*6D
$GAGSV,1,1,00,,,,,,,,,,,,,,,,,1*75
$GAGSV,1,1,00,,,,,,,,,,,,,,,,,2*76
$GAGSV,1,1,00,,,,,,,,,,,,,,,,,3*77
$GBGSV,2,1,08,11,,,45,27,,,47,29,,,44,30,,,47,5*75
$GBGSV,2,2,08,36,,,50,39,,,43,40,,,48,41,,,40,5*7E
$GNGGA,000008.42,,,,,0,00,,,M,,M,,*58
$GNRMC,000008.42,V,,,,,,,,,,N,V*17
$GNGLL,,,,,000008.42,V,N*5A
$GNGNS,000008.42,,,,,A,00,,,,,,V*48
$GNGSA,A,,,,,,,,,,,,,,,,,1*2C
$GNGSA,A,,,,,,,,,,,,,,,,,3*2E
$GNGSA,A,,,,,,,,,,,,,,,,,4*29
$GPGSV,1,1,00,,,,,,,,,,,,,,,,,8*6D
$GAGSV,1,1,00,,,,,,,,,,,,,,,,,1*75
$GAGSV,1,1,00,,,,,,,,,,,,,,,,,2*76
$GAGSV,1,1,00,,,,,,,,,,,,,,,,,3*77
$GBGSV,2,1,08,11,,,45,27,,,47,29,,,44,30,,,47,5*75
$GBGSV,2,2,08,36,,,50,39,,,43,40,,,48,41,,,40,5*7E
$GNGGA,000009.42,,,,,0,00,,,M,,M,,*59
$GNRMC,000009.42,V,,,,,,,,,,N,V*16
$GNGLL,,,,,000009.42,V,N*5B
$GNGNS,000009.42,,,,,A,00,,,,,,V*49
$GNGSA,A,,,,,,,,,,,,,,,,,1*2C
$GNGSA,A,,,,,,,,,,,,,,,,,3*2E
$GNGSA,A,,,,,,,,,,,,,,,,,4*29
$GPGSV,1,1,00,,,,,,,,,,,,,,,,,8*6D
$GAGSV,1,1,00,,,,,,,,,,,,,,,,,1*75
$GAGSV,1,1,00,,,,,,,,,,,,,,,,,2*76
$GAGSV,1,1,00,,,,,,,,,,,,,,,,,3*77
$GBGSV,2,1,08,11,,,45,27,,,47,29,,,44,30,,,47,5*75
$GBGSV,2,2,08,36,,,50,39,,,43,40,,,48,41,,,40,5*7E
$GNGGA,000010.42,,,,,0,00,,,M,,M,,*51
$GNRMC,000010.42,V,,,,,,,,,,N,V*1E
$GNGLL,,,,,000010.42,V,N*53
$GNGNS,000010.42,,,,,A,00,,,,,,V*41
$GNGSA,A,,,,,,,,,,,,,,,,,1*2C
$GNGSA,A,,,,,,,,,,,,,,,,,3*2E
$GNGSA,A,,,,,,,,,,,,,,,,,4*29
$GPGSV,1,1,00,,,,,,,,,,,,,,,,,8*6D
$GAGSV,1,1,00,,,,,,,,,,,,,,,,,1*75
$GAGSV,1,1,00,,,,,,,,,,,,,,,,,2*76
$GAGSV,1,1,00,,,,,,,,,,,,,,,,,3*77
$GBGSV,2,1,08,11,,,45,27,,,47,29,,,44,30,,,47,5*75
$GBGSV,2,2,08,36,,,50,39,,,43,40,,,48,41,,,40,5*7E
$GNGGA,000011.42,,,,,0,00,,,M,,M,,*50
$GNRMC,000011.42,V,,,,,,,,,,N,V*1F
$GNGLL,,,,,000011.42,V,N*52
$GNGNS,000011.42,,,,,A,00,,,,,,V*40
$GNGSA,A,,,,,,,,,,,,,,,,,1*2C
$GNGSA,A,,,,,,,,,,,,,,,,,3*2E
$GNGSA,A,,,,,,,,,,,,,,,,,4*29
$GPGSV,1,1,00,,,,,,,,,,,,,,,,,8*6D
$GAGSV,1,1,00,,,,,,,,,,,,,,,,,1*75
$GAGSV,1,1,00,,,,,,,,,,,,,,,,,2*76
$GAGSV,1,1,00,,,,,,,,,,,,,,,,,3*77
$GBGSV,2,1,08,11,,,45,27,,,47,29,,,44,30,,,47,5*75
$GBGSV,2,2,08,36,,,50,39,,,43,40,,,48,41,,,40,5*7E
$GNGGA,000012.42,,,,,0,00,,,M,,M,,*53
$GNRMC,000012.42,V,,,,,,,,,,N,V*1C
$GNGLL,,,,,000012.42,V,N*51
$GNGNS,000012.42,,,,,A,00,,,,,,V*43
$GNGSA,A,,,,,,,,,,,,,,,,,1*2C
$GNGSA,A,,,,,,,,,,,,,,,,,3*2E
$GNGSA,A,,,,,,,,,,,,,,,,,4*29
$GPGSV,1,1,00,,,,,,,,,,,,,,,,,8*6D
$GAGSV,1,1,00,,,,,,,,,,,,,,,,,1*75
$GAGSV,1,1,00,,,,,,,,,,,,,,,,,2*76
$GAGSV,1,1,00,,,,,,,,,,,,,,,,,3*77
$GBGSV,2,1,08,11,,,45,27,,,47,29,,,45,30,,,47,5*74
$GBGSV,2,2,08,36,,,50,39,,,43,40,,,48,41,,,40,5*7E
$GNGGA,000013.42,,,,,0,00,,,M,,M,,*52
$GNRMC,000013.42,V,,,,,,,,,,N,V*1D
$GNGLL,,,,,000013.42,V,N*50
$GNGNS,000013.42,,,,,A,00,,,,,,V*42
$GNGSA,A,,,,,,,,,,,,,,,,,1*2C
$GNGSA,A,,,,,,,,,,,,,,,,,3*2E
$GNGSA,A,,,,,,,,,,,,,,,,,4*29
$GPGSV,1,1,00,,,,,,,,,,,,,,,,,8*6D
$GAGSV,1,1,00,,,,,,,,,,,,,,,,,1*75
$GAGSV,1,1,00,,,,,,,,,,,,,,,,,2*76
$GAGSV,1,1,00,,,,,,,,,,,,,,,,,3*77
$GBGSV,2,1,08,11,,,45,27,,,47,29,,,44,30,,,47,5*75
$GBGSV,2,2,08,36,,,50,39,,,43,40,,,48,41,,,40,5*7E
$GNGGA,000014.42,,,,,0,00,,,M,,M,,*55
$GNRMC,000014.42,V,,,,,,,,,,N,V*1A
$GNGLL,,,,,000014.42,V,N*57
$GNGNS,000014.42,,,,,A,00,,,,,,V*45
$GNGSA,A,,,,,,,,,,,,,,,,,1*2C
$GNGSA,A,,,,,,,,,,,,,,,,,3*2E
$GNGSA,A,,,,,,,,,,,,,,,,,4*29
$GPGSV,1,1,00,,,,,,,,,,,,,,,,,8*6D
$GAGSV,1,1,00,,,,,,,,,,,,,,,,,1*75
$GAGSV,1,1,00,,,,,,,,,,,,,,,,,2*76
$GAGSV,1,1,00,,,,,,,,,,,,,,,,,3*77
$GBGSV,2,1,08,11,,,45,27,,,47,29,,,45,30,,,47,5*74
$GBGSV,2,2,08,36,,,50,39,,,43,40,,,48,41,,,41,5*7F
$GNGGA,000015.42,,,,,0,00,,,M,,M,,*54
$GNRMC,000015.42,V,,,,,,,,,,N,V*1B
$GNGLL,,,,,000015.42,V,N*56
$GNGNS,000015.42,,,,,A,00,,,,,,V*44
$GNGSA,A,,,,,,,,,,,,,,,,,1*2C
$GNGSA,A,,,,,,,,,,,,,,,,,3*2E
$GNGSA,A,,,,,,,,,,,,,,,,,4*29
$GPGSV,1,1,00,,,,,,,,,,,,,,,,,8*6D
$GAGSV,1,1,00,,,,,,,,,,,,,,,,,1*75
$GAGSV,1,1,00,,,,,,,,,,,,,,,,,2*76
$GAGSV,1,1,00,,,,,,,,,,,,,,,,,3*77
$GBGSV,2,1,08,11,,,45,27,,,47,29,,,45,30,,,47,5*74
$GBGSV,2,2,08,36,,,50,39,,,43,40,,,48,41,,,40,5*7E
$GNGGA,000016.42,,,,,0,00,,,M,,M,,*57
$GNRMC,000016.42,V,,,,,,,,,,N,V*18
$GNGLL,,,,,000016.42,V,N*55
$GNGNS,000016.42,,,,,A,00,,,,,,V*47
$GNGSA,A,,,,,,,,,,,,,,,,,1*2C
$GNGSA,A,,,,,,,,,,,,,,,,,3*2E
$GNGSA,A,,,,,,,,,,,,,,,,,4*29
$GPGSV,1,1,00,,,,,,,,,,,,,,,,,8*6D
$GAGSV,1,1,00,,,,,,,,,,,,,,,,,1*75
$GAGSV,1,1,00,,,,,,,,,,,,,,,,,2*76
$GAGSV,1,1,00,,,,,,,,,,,,,,,,,3*77
$GBGSV,2,1,08,11,,,45,27,,,47,29,,,45,30,,,47,5*74
$GBGSV,2,2,08,36,,,50,39,,,43,40,,,48,41,,,41,5*7F
$GNGGA,115558.86,,,,,0,00,,,M,,M,,*55
$GNRMC,115558.86,V,,,,,,,,,,N,V*1A
$GNGLL,,,,,115558.86,V,N*57
$GNGNS,115558.86,,,,,A,00,,,,,,V*45
$GNGSA,A,,,,,,,,,,,,,,,,,1*2C
$GNGSA,A,,,,,,,,,,,,,,,,,3*2E
$GNGSA,A,,,,,,,,,,,,,,,,,4*29
$GPGSV,1,1,00,,,,,,,,,,,,,,,,,8*6D
$GAGSV,1,1,00,,,,,,,,,,,,,,,,,1*75
$GAGSV,1,1,00,,,,,,,,,,,,,,,,,2*76
$GAGSV,1,1,00,,,,,,,,,,,,,,,,,3*77
$GBGSV,2,1,08,11,,,45,27,,,47,29,,,45,30,,,47,5*74
$GBGSV,2,2,08,36,,,50,39,,,43,40,,,48,41,,,41,5*7F
$GNGGA,115559.86,,,,,0,00,,,M,,M,,*54
$GNRMC,115559.86,V,,,,,,,,,,N,V*1B
$GNGLL,,,,,115559.86,V,N*56
$GNGNS,115559.86,,,,,A,00,,,,,,V*44
$GNGSA,A,,,,,,,,,,,,,,,,,1*2C
$GNGSA,A,,,,,,,,,,,,,,,,,3*2E
$GNGSA,A,,,,,,,,,,,,,,,,,4*29
$GPGSV,1,1,00,,,,,,,,,,,,,,,,,8*6D
$GAGSV,1,1,00,,,,,,,,,,,,,,,,,1*75
$GAGSV,1,1,00,,,,,,,,,,,,,,,,,2*76
$GAGSV,1,1,00,,,,,,,,,,,,,,,,,3*77
$GBGSV,2,1,08,11,,,45,27,,,47,29,,,45,30,,,47,5*74
$GBGSV,2,2,08,36,,,50,39,,,43,40,,,48,41,,,41,5*7F
$GNGGA,115600.86,,,,,0,00,,,M,,M,,*5B
$GNRMC,115600.86,V,,,,,,,,,,N,V*14
$GNGLL,,,,,115600.86,V,N*59
$GNGNS,115600.86,,,,,A,00,,,,,,V*4B
$GNGSA,A,,,,,,,,,,,,,,,,,1*2C
$GNGSA,A,,,,,,,,,,,,,,,,,3*2E
$GNGSA,A,,,,,,,,,,,,,,,,,4*29
$GPGSV,1,1,00,,,,,,,,,,,,,,,,,8*6D
$GAGSV,1,1,00,,,,,,,,,,,,,,,,,1*75
$GAGSV,1,1,00,,,,,,,,,,,,,,,,,2*76
$GAGSV,1,1,00,,,,,,,,,,,,,,,,,3*77
$GBGSV,2,1,08,11,,,45,27,,,47,29,,,45,30,,,47,5*74
$GBGSV,2,2,08,36,,,50,39,,,43,40,,,48,41,,,41,5*7F
$GNGGA,115601.86,3724.55263,N,12159.39581,W,1,08,1.1,12.0,M,-31.6,M,,*73
$GNRMC,115601.86,A,3724.55263,N,12159.39581,W,0.0,0.0,160726,,,A,U*2E
$GNGLL,3724.55263,N,12159.39581,W,115601.86,A,A*64
$GNGNS,115601.86,3724.55263,N,12159.39581,W,A,08,1.1,12.0,-31.6,,,U*61
$GNGSA,A,3,,,,,,,,,,,,,1.8,1.1,1.4,1*3D
$GNGSA,A,3,,,,,,,,,,,,,1.8,1.1,1.4,3*3F
$GNGSA,A,3,11,27,29,30,36,39,40,41,,,,,1.8,1.1,1.4,4*3B
$GPGSV,1,1,00,,,,,,,,,,,,,,,,,8*6D
$GAGSV,1,1,00,,,,,,,,,,,,,,,,,1*75
$GAGSV,1,1,00,,,,,,,,,,,,,,,,,2*76
$GAGSV,1,1,00,,,,,,,,,,,,,,,,,3*77
$GBGSV,3,1,09,11,50,252,45,27,37,049,47,28,28,247,,29,28,247,45,5*77
$GBGSV,3,2,09,30,76,296,47,36,63,284,50,39,18,317,43,40,48,167,48,5*78
$GBGSV,3,3,09,41,03,076,41,,,,,,,,,,,,,5*49
$GNGGA,115602.86,3724.55245,N,12159.39565,W,1,08,1.1,10.6,M,-31.6,M,,*7A
$GNRMC,115602.86,A,3724.55245,N,12159.39565,W,0.1,0.0,160726,,,A,U*22
$GNGLL,3724.55245,N,12159.39565,W,115602.86,A,A*69
$GNGNS,115602.86,3724.55245,N,12159.39565,W,A,08,1.1,10.6,-31.6,,,U*68
$GNGSA,A,3,,,,,,,,,,,,,1.8,1.1,1.4,1*3D
$GNGSA,A,3,,,,,,,,,,,,,1.8,1.1,1.4,3*3F
$GNGSA,A,3,11,27,29,30,36,39,40,41,,,,,1.8,1.1,1.4,4*3B
$GPGSV,1,1,00,,,,,,,,,,,,,,,,,8*6D
$GAGSV,1,1,00,,,,,,,,,,,,,,,,,1*75
$GAGSV,1,1,00,,,,,,,,,,,,,,,,,2*76
$GAGSV,1,1,00,,,,,,,,,,,,,,,,,3*77
$GBGSV,3,1,09,11,50,252,45,27,37,049,47,28,28,247,,29,28,247,45,5*77
$GBGSV,3,2,09,30,76,296,47,36,63,284,50,39,18,317,43,40,48,167,48,5*78
$GBGSV,3,3,09,41,03,076,41,,,,,,,,,,,,,5*49
$GNGGA,115603.86,3724.55262,N,12159.39570,W,1,08,1.1,11.0,M,-31.6,M,,*7D
$GNRMC,115603.86,A,3724.55262,N,12159.39570,W,0.1,0.0,160726,,,A,U*22
$GNGLL,3724.55262,N,12159.39570,W,115603.86,A,A*69
$GNGNS,115603.86,3724.55262,N,12159.39570,W,A,08,1.1,11.0,-31.6,,,U*6F
$GNGSA,A,3,,,,,,,,,,,,,1.8,1.1,1.4,1*3D
$GNGSA,A,3,,,,,,,,,,,,,1.8,1.1,1.4,3*3F
$GNGSA,A,3,11,27,29,30,36,39,40,41,,,,,1.8,1.1,1.4,4*3B
$GPGSV,1,1,00,,,,,,,,,,,,,,,,,8*6D
$GAGSV,1,1,00,,,,,,,,,,,,,,,,,1*75
$GAGSV,1,1,00,,,,,,,,,,,,,,,,,2*76
$GAGSV,1,1,00,,,,,,,,,,,,,,,,,3*77
$GBGSV,3,1,09,11,50,252,45,27,37,049,47,28,28,247,,29,28,247,45,5*77
$GBGSV,3,2,09,30,76,296,47,36,63,284,50,39,18,317,44,40,48,167,48,5*7F
$GBGSV,3,3,09,41,03,076,41,,,,,,,,,,,,,5*49
$GNGGA,115604.86,3724.55275,N,12159.39562,W,1,08,1.1,9.0,M,-31.6,M,,*46
$GNRMC,115604.86,A,3724.55275,N,12159.39562,W,0.1,0.0,160726,,,A,U*20
$GNGLL,3724.55275,N,12159.39562,W,115604.86,A,A*6B
$GNGNS,115604.86,3724.55275,N,12159.39562,W,A,08,1.1,9.0,-31.6,,,U*54
$GNGSA,A,3,,,,,,,,,,,,,1.8,1.1,1.4,1*3D
$GNGSA,A,3,,,,,,,,,,,,,1.8,1.1,1.4,3*3F
$GNGSA,A,3,11,27,29,30,36,39,40,41,,,,,1.8,1.1,1.4,4*3B
$GPGSV,1,1,00,,,,,,,,,,,,,,,,,8*6D
$GAGSV,1,1,00,,,,,,,,,,,,,,,,,1*75
$GAGSV,1,1,00,,,,,,,,,,,,,,,,,2*76
$GAGSV,1,1,00,,,,,,,,,,,,,,,,,3*77
$GBGSV,3,1,09,11,50,252,45,27,37,049,47,28,28,247,,29,28,247,45,5*77
$GBGSV,3,2,09,30,76,296,47,36,63,284,50,39,18,317,44,40,48,167,48,5*7F
$GBGSV,3,3,09,41,03,076,41,,,,,,,,,,,,,5*49
$GNGGA,115605.86,3724.55280,N,12159.39552,W,1,08,1.1,7.9,M,-31.6,M,,*49
$GNRMC,115605.86,A,3724.55280,N,12159.39552,W,0.1,0.0,160726,,,A,U*28
$GNGLL,3724.55280,N,12159.39552,W,115605.86,A,A*63
$GNGNS,115605.86,3724.55280,N,12159.39552,W,A,08,1.1,7.9,-31.6,,,U*5B
$GNGSA,A,3,,,,,,,,,,,,,1.8,1.1,1.4,1*3D
$GNGSA,A,3,,,,,,,,,,,,,1.8,1.1,1.4,3*3F
$GNGSA,A,3,11,27,29,30,36,39,40,41,,,,,1.8,1.1,1.4,4*3B
$GPGSV,1,1,00,,,,,,,,,,,,,,,,,8*6D
$GAGSV,1,1,00,,,,,,,,,,,,,,,,,1*75
$GAGSV,1,1,00,,,,,,,,,,,,,,,,,2*76
$GAGSV,1,1,00,,,,,,,,,,,,,,,,,3*77
$GBGSV,3,1,09,11,50,252,45,27,37,049,47,28,28,247,,29,28,247,45,5*77
$GBGSV,3,2,09,30,76,297,47,36,63,284,50,39,18,317,44,40,48,167,48,5*7E
$GBGSV,3,3,09,41,03,076,41,,,,,,,,,,,,,5*49
$GNGGA,115606.86,3724.55287,N,12159.39550,W,1,08,1.1,7.2,M,-31.6,M,,*44
$GNRMC,115606.86,A,3724.55287,N,12159.39550,W,0.1,0.0,160726,,,A,U*2E
$GNGLL,3724.55287,N,12159.39550,W,115606.86,A,A*65
$GNGNS,115606.86,3724.55287,N,12159.39550,W,A,08,1.1,7.2,-31.6,,,U*56
$GNGSA,A,3,,,,,,,,,,,,,1.8,1.1,1.4,1*3D
$GNGSA,A,3,,,,,,,,,,,,,1.8,1.1,1.4,3*3F
$GNGSA,A,3,11,27,29,30,36,39,40,41,,,,,1.8,1.1,1.4,4*3B
$GPGSV,1,1,00,,,,,,,,,,,,,,,,,8*6D
$GAGSV,1,1,00,,,,,,,,,,,,,,,,,1*75
$GAGSV,1,1,00,,,,,,,,,,,,,,,,,2*76
$GAGSV,1,1,00,,,,,,,,,,,,,,,,,3*77
$GBGSV,3,1,09,11,50,252,45,27,37,049,47,28,28,247,,29,28,247,45,5*77
$GBGSV,3,2,09,30,76,297,47,36,63,284,50,39,18,317,44,40,48,167,48,5*7E
$GBGSV,3,3,09,41,03,076,41,,,,,,,,,,,,,5*49
$GNGGA,115607.86,3724.55290,N,12159.39544,W,1,08,1.1,6.5,M,-31.6,M,,*40
$GNRMC,115607.86,A,3724.55290,N,12159.39544,W,0.2,58.0,160726,,,A,U*12
$GNGLL,3724.55290,N,12159.39544,W,115607.86,A,A*67
$GNGNS,115607.86,3724.55290,N,12159.39544,W,A,08,1.1,6.5,-31.6,,,U*52
$GNGSA,A,3,,,,,,,,,,,,,1.8,1.1,1.4,1*3D
$GNGSA,A,3,,,,,,,,,,,,,1.8,1.1,1.4,3*3F
$GNGSA,A,3,11,27,29,30,36,39,40,41,,,,,1.8,1.1,1.4,4*3B
$GPGSV,1,1,00,,,,,,,,,,,,,,,,,8*6D
$GAGSV,1,1,00,,,,,,,,,,,,,,,,,1*75
$GAGSV,1,1,00,,,,,,,,,,,,,,,,,2*76
$GAGSV,1,1,00,,,,,,,,,,,,,,,,,3*77
$GBGSV,3,1,10,11,50,252,45,26,37,049,,27,37,049,47,28,28,247,,5*73
$GBGSV,3,2,10,29,28,247,45,30,76,297,47,36,63,284,50,39,18,317,44,5*73
$GBGSV,3,3,10,40,48,167,48,41,03,076,41,,,,,,,,,5*75
$GNGGA,115608.86,3724.55287,N,12159.39538,W,1,08,1.1,5.9,M,-31.6,M,,*4D
$GNRMC,115608.86,A,3724.55287,N,12159.39538,W,0.4,55.4,160726,,,A,U*1F
$GNGLL,3724.55287,N,12159.39538,W,115608.86,A,A*65
$GNGNS,115608.86,3724.55287,N,12159.39538,W,A,08,1.1,5.9,-31.6,,,U*5F
$GNGSA,A,3,,,,,,,,,,,,,1.8,1.1,1.4,1*3D
$GNGSA,A,3,,,,,,,,,,,,,1.8,1.1,1.4,3*3F
$GNGSA,A,3,11,27,29,30,36,39,40,41,,,,,1.8,1.1,1.4,4*3B
$GPGSV,1,1,00,,,,,,,,,,,,,,,,,8*6D
$GAGSV,1,1,00,,,,,,,,,,,,,,,,,1*75
$GAGSV,1,1,00,,,,,,,,,,,,,,,,,2*76
$GAGSV,1,1,00,,,,,,,,,,,,,,,,,3*77
$GBGSV,3,1,10,11,50,252,45,26,37,049,,27,37,049,47,28,28,247,,5*73
$GBGSV,3,2,10,29,28,247,45,30,76,297,47,36,63,284,50,39,18,317,44,5*73
$GBGSV,3,3,10,40,48,167,48,41,03,076,41,,,,,,,,,5*75
$GNGGA,115609.86,3724.55288,N,12159.39529,W,1,08,1.1,5.1,M,-31.6,M,,*4B
$GNRMC,115609.86,A,3724.55288,N,12159.39529,W,0.5,53.6,160726,,,A,U*14
$GNGLL,3724.55288,N,12159.39529,W,115609.86,A,A*6B
$GNGNS,115609.86,3724.55288,N,12159.39529,W,A,08,1.1,5.1,-31.6,,,U*59
$GNGSA,A,3,,,,,,,,,,,,,1.8,1.1,1.4,1*3D
$GNGSA,A,3,,,,,,,,,,,,,1.8,1.1,1.4,3*3F
$GNGSA,A,3,11,27,29,30,36,39,40,41,,,,,1.8,1.1,1.4,4*3B
$GPGSV,1,1,00,,,,,,,,,,,,,,,,,8*6D
$GAGSV,1,1,00,,,,,,,,,,,,,,,,,1*75
$GAGSV,1,1,00,,,,,,,,,,,,,,,,,2*76
$GAGSV,1,1,00,,,,,,,,,,,,,,,,,3*77
$GBGSV,3,1,10,11,51,252,45,26,37,049,,27,37,049,47,28,28,247,,5*72
$GBGSV,3,2,10,29,28,247,45,30,76,297,47,36,63,284,50,39,18,317,44,5*73
$GBGSV,3,3,10,40,48,167,48,41,03,076,41,,,,,,,,,5*75
$GNGGA,115610.86,3724.55288,N,12159.39519,W,1,08,1.1,4.3,M,-31.6,M,,*43
$GNRMC,115610.86,A,3724.55288,N,12159.39519,W,0.7,52.2,160726,,,A,U*18
$GNGLL,3724.55288,N,12159.39519,W,115610.86,A,A*60
$GNGNS,115610.86,3724.55288,N,12159.39519,W,A,08,1.1,4.3,-31.6,,,U*51
$GNGSA,A,3,,,,,,,,,,,,,1.8,1.1,1.4,1*3D
$GNGSA,A,3,,,,,,,,,,,,,1.8,1.1,1.4,3*3F
$GNGSA,A,3,11,27,29,30,36,39,40,41,,,,,1.8,1.1,1.4,4*3B
$GPGSV,1,1,00,,,,,,,,,,,,,,,,,8*6D
$GAGSV,1,1,00,,,,,,,,,,,,,,,,,1*75
$GAGSV,1,1,00,,,,,,,,,,,,,,,,,2*76
$GAGSV,1,1,00,,,,,,,,,,,,,,,,,3*77
$GBGSV,3,1,10,11,51,252,45,26,37,049,,27,37,049,47,28,28,247,,5*72
$GBGSV,3,2,10,29,28,247,45,30,76,297,47,36,63,284,50,39,18,317,44,5*73
$GBGSV,3,3,10,40,48,167,48,41,03,076,41,,,,,,,,,5*75
$GNGGA,115611.86,3724.55286,N,12159.39502,W,1,08,1.1,3.3,M,-31.6,M,,*41
$GNRMC,115611.86,A,3724.55286,N,12159.39502,W,0.8,51.3,160726,,,A,U*10
$GNGLL,3724.55286,N,12159.39502,W,115611.86,A,A*65
$GNGNS,115611.86,3724.55286,N,12159.39502,W,A,08,1.1,3.3,-31.6,,,U*53
$GNGSA,A,3,,,,,,,,,,,,,1.8,1.1,1.4,1*3D
$GNGSA,A,3,,,,,,,,,,,,,1.8,1.1,1.4,3*3F
$GNGSA,A,3,11,27,29,30,36,39,40,41,,,,,1.8,1.1,1.4,4*3B
$GPGSV,1,1,00,,,,,,,,,,,,,,,,,8*6D
$GAGSV,1,1,00,,,,,,,,,,,,,,,,,1*75
$GAGSV,1,1,00,,,,,,,,,,,,,,,,,2*76
$GAGSV,1,1,00,,,,,,,,,,,,,,,,,3*77
$GBGSV,3,1,10,11,51,252,45,26,37,049,,27,37,049,47,28,28,247,,5*72
$GBGSV,3,2,10,29,28,247,45,30,76,297,47,36,63,284,50,39,18,317,44,5*73
$GBGSV,3,3,10,40,48,167,48,41,03,076,41,,,,,,,,,5*75
$GNGGA,115612.86,3724.55282,N,12159.39484,W,1,08,1.1,2.3,M,-31.6,M,,*48
$GNRMC,115612.86,A,3724.55282,N,12159.39484,W,1.0,50.4,160726,,,A,U*17
$GNGLL,3724.55282,N,12159.39484,W,115612.86,A,A*6D
$GNGNS,115612.86,3724.55282,N,12159.39484,W,A,08,1.1,2.3,-31.6,,,U*5A
$GNGSA,A,3,,,,,,,,,,,,,1.8,1.1,1.4,1*3D
$GNGSA,A,3,,,,,,,,,,,,,1.8,1.1,1.4,3*3F
$GNGSA,A,3,11,27,29,30,36,39,40,41,,,,,1.8,1.1,1.4,4*3B
$GPGSV,1,1,00,,,,,,,,,,,,,,,,,8*6D
$GAGSV,1,1,00,,,,,,,,,,,,,,,,,1*75
$GAGSV,1,1,00,,,,,,,,,,,,,,,,,2*76
$GAGSV,1,1,00,,,,,,,,,,,,,,,,,3*77
$GBGSV,3,1,10,11,51,252,45,26,37,049,,27,37,049,47,28,28,247,,5*72
$GBGSV,3,2,10,29,28,247,45,30,76,297,47,36,63,284,50,39,18,317,44,5*73
$GBGSV,3,3,10,40,48,167,48,41,03,076,41,,,,,,,,,5*75
$GNGGA,115613.86,3724.55277,N,12159.39465,W,1,08,1.1,1.2,M,-31.6,M,,*4E
$GNRMC,115613.86,A,3724.55277,N,12159.39465,W,1.1,49.7,160726,,,A,U*19
$GNGLL,3724.55277,N,12159.39465,W,115613.86,A,A*69
$GNGNS,115613.86,3724.55277,N,12159.39465,W,A,08,1.1,1.2,-31.6,,,U*5C
$GNGSA,A,3,,,,,,,,,,,,,1.8,1.1,1.4,1*3D
$GNGSA,A,3,,,,,,,,,,,,,1.8,1.1,1.4,3*3F
$GNGSA,A,3,11,27,29,30,36,39,40,41,,,,,1.8,1.1,1.4,4*3B
$GPGSV,1,1,00,,,,,,,,,,,,,,,,,8*6D
$GAGSV,1,1,00,,,,,,,,,,,,,,,,,1*75
$GAGSV,1,1,00,,,,,,,,,,,,,,,,,2*76
$GAGSV,1,1,00,,,,,,,,,,,,,,,,,3*77
$GBGSV,3,1,10,11,51,252,45,26,37,049,,27,37,049,47,28,28,247,,5*72
$GBGSV,3,2,10,29,28,247,45,30,76,297,47,36,63,284,50,39,18,317,44,5*73
$GBGSV,3,3,10,40,48,167,48,41,03,076,41,,,,,,,,,5*75
$GNGGA,115614.86,3724.55270,N,12159.39444,W,1,08,1.1,0.0,M,-31.6,M,,*4E
$GNRMC,115614.86,A,3724.55270,N,12159.39444,W,1.3,49.2,160726,,,A,U*1D
$GNGLL,3724.55270,N,12159.39444,W,115614.86,A,A*6A
$GNGNS,115614.86,3724.55270,N,12159.39444,W,A,08,1.1,0.0,-31.6,,,U*5C
$GNGSA,A,3,,,,,,,,,,,,,1.8,1.1,1.4,1*3D
$GNGSA,A,3,,,,,,,,,,,,,1.8,1.1,1.4,3*3F
$GNGSA,A,3,11,27,29,30,36,39,40,41,,,,,1.8,1.1,1.4,4*3B
$GPGSV,1,1,00,,,,,,,,,,,,,,,,,8*6D
$GAGSV,1,1,00,,,,,,,,,,,,,,,,,1*75
$GAGSV,1,1,00,,,,,,,,,,,,,,,,,2*76
$GAGSV,1,1,00,,,,,,,,,,,,,,,,,3*77
$GBGSV,3,1,10,11,51,252,45,26,37,049,,27,37,049,47,28,28,247,,5*72
$GBGSV,3,2,10,29,28,247,45,30,76,297,47,36,63,284,50,39,18,317,44,5*73
$GBGSV,3,3,10,40,48,167,48,41,03,076,42,,,,,,,,,5*76
$GNGGA,115615.86,3724.55264,N,12159.39433,W,1,08,1.1,-1.5,M,-31.6,M,,*63
$GNRMC,115615.86,A,3724.55264,N,12159.39433,W,1.4,48.8,160726,,,A,U*15
$GNGLL,3724.55264,N,12159.39433,W,115615.86,A,A*6E
$GNGNS,115615.86,3724.55264,N,12159.39433,W,A,08,1.1,-1.5,-31.6,,,U*71
$GNGSA,A,3,,,,,,,,,,,,,1.8,1.1,1.4,1*3D
$GNGSA,A,3,,,,,,,,,,,,,1.8,1.1,1.4,3*3F
$GNGSA,A,3,11,27,29,30,36,39,40,41,,,,,1.8,1.1,1.4,4*3B
$GPGSV,1,1,00,,,,,,,,,,,,,,,,,8*6D
$GAGSV,1,1,00,,,,,,,,,,,,,,,,,1*75
$GAGSV,1,1,00,,,,,,,,,,,,,,,,,2*76
$GAGSV,1,1,00,,,,,,,,,,,,,,,,,3*77
$GBGSV,3,1,10,11,51,252,45,26,37,049,,27,37,049,47,28,28,247,,5*72
$GBGSV,3,2,10,29,28,247,45,30,76,297,47,36,63,284,50,39,18,317,44,5*73
$GBGSV,3,3,10,40,48,167,48,41,03,076,42,,,,,,,,,5*76
$GNGGA,115616.86,3724.55256,N,12159.39419,W,1,08,1.1,-2.9,M,-31.6,M,,*66
$GNRMC,115616.86,A,3724.55256,N,12159.39419,W,1.5,48.6,160726,,,A,U*10
$GNGLL,3724.55256,N,12159.39419,W,115616.86,A,A*64
$GNGNS,115616.86,3724.55256,N,12159.39419,W,A,08,1.1,-2.9,-31.6,,,U*74
$GNGSA,A,3,,,,,,,,,,,,,1.8,1.1,1.4,1*3D
$GNGSA,A,3,,,,,,,,,,,,,1.8,1.1,1.4,3*3F
$GNGSA,A,3,11,27,29,30,36,39,40,41,,,,,1.8,1.1,1.4,4*3B
$GPGSV,1,1,00,,,,,,,,,,,,,,,,,8*6D
$GAGSV,1,1,00,,,,,,,,,,,,,,,,,1*75
$GAGSV,1,1,00,,,,,,,,,,,,,,,,,2*76
$GAGSV,1,1,00,,,,,,,,,,,,,,,,,3*77
$GBGSV,3,1,10,11,51,252,45,26,37,049,,27,37,049,47,28,28,247,,5*72
$GBGSV,3,2,10,29,28,247,45,30,76,297,47,36,63,284,50,39,18,317,44,5*73
$GBGSV,3,3,10,40,48,167,48,41,03,076,42,,,,,,,,,5*76
$GNGGA,115617.86,3724.55252,N,12159.39407,W,1,08,1.1,-4.5,M,-31.6,M,,*66
$GNRMC,115617.86,A,3724.55252,N,12159.39407,W,1.7,48.4,160726,,,A,U*1A
$GNGLL,3724.55252,N,12159.39407,W,115617.86,A,A*6E
$GNGNS,115617.86,3724.55252,N,12159.39407,W,A,08,1.1,-4.5,-31.6,,,U*74
$GNGSA,A,3,,,,,,,,,,,,,1.8,1.1,1.4,1*3D
$GNGSA,A,3,,,,,,,,,,,,,1.8,1.1,1.4,3*3F
$GNGSA,A,3,11,27,29,30,36,39,40,41,,,,,1.8,1.1,1.4,4*3B
$GPGSV,1,1,00,,,,,,,,,,,,,,,,,8*6D
$GAGSV,1,1,00,,,,,,,,,,,,,,,,,1*75
$GAGSV,1,1,00,,,,,,,,,,,,,,,,,2*76
$GAGSV,1,1,00,,,,,,,,,,,,,,,,,3*77
$GBGSV,3,1,10,11,51,252,45,26,37,049,,27,37,049,47,28,28,248,,5*7D
$GBGSV,3,2,10,29,28,248,45,30,76,297,47,36,63,284,50,39,18,317,44,5*7C
$GBGSV,3,3,10,40,48,167,48,41,03,076,42,,,,,,,,,5*76
$GNGGA,115618.86,3724.55241,N,12159.39394,W,1,08,1.1,-6.0,M,-31.6,M,,*61
$GNRMC,115618.86,A,3724.55241,N,12159.39394,W,1.8,48.2,160726,,,A,U*13
$GNGLL,3724.55241,N,12159.39394,W,115618.86,A,A*6E
$GNGNS,115618.86,3724.55241,N,12159.39394,W,A,08,1.1,-6.0,-31.6,,,U*73
$GNGSA,A,3,,,,,,,,,,,,,1.8,1.1,1.4,1*3D
$GNGSA,A,3,,,,,,,,,,,,,1.8,1.1,1.4,3*3F
$GNGSA,A,3,11,27,29,30,36,39,40,41,,,,,1.8,1.1,1.4,4*3B
$GPGSV,1,1,00,,,,,,,,,,,,,,,,,8*6D
$GAGSV,1,1,00,,,,,,,,,,,,,,,,,1*75
$GAGSV,1,1,00,,,,,,,,,,,,,,,,,2*76
$GAGSV,1,1,00,,,,,,,,,,,,,,,,,3*77
$GBGSV,3,1,10,11,51,252,45,26,37,049,,27,37,049,47,28,28,248,,5*7D
$GBGSV,3,2,10,29,28,248,45,30,76,297,47,36,63,284,50,39,18,317,44,5*7C
$GBGSV,3,3,10,40,48,167,48,41,03,076,42,,,,,,,,,5*76
$GNGGA,115619.86,3724.55230,N,12159.39382,W,1,08,1.1,-7.7,M,-31.6,M,,*67
$GNRMC,115619.86,A,3724.55230,N,12159.39382,W,1.9,48.1,160726,,,A,U*11
$GNGLL,3724.55230,N,12159.39382,W,115619.86,A,A*6E
$GNGNS,115619.86,3724.55230,N,12159.39382,W,A,08,1.1,-7.7,-31.6,,,U*75
$GNGSA,A,3,,,,,,,,,,,,,1.8,1.1,1.4,1*3D
$GNGSA,A,3,,,,,,,,,,,,,1.8,1.1,1.4,3*3F
$GNGSA,A,3,11,27,29,30,36,39,40,41,,,,,1.8,1.1,1.4,4*3B
$GPGSV,1,1,00,,,,,,,,,,,,,,,,,8*6D
$GAGSV,1,1,00,,,,,,,,,,,,,,,,,1*75
$GAGSV,1,1,00,,,,,,,,,,,,,,,,,2*76
$GAGSV,1,1,00,,,,,,,,,,,,,,,,,3*77
$GBGSV,3,1,10,11,51,252,45,26,37,049,,27,37,049,47,28,28,248,,5*7D
$GBGSV,3,2,10,29,28,248,45,30,76,297,47,36,63,284,50,39,18,317,44,5*7C
$GBGSV,3,3,10,40,48,167,48,41,03,076,42,,,,,,,,,5*76
$GNGGA,115620.86,3724.55220,N,12159.39367,W,1,08,1.1,-9.3,M,-31.6,M,,*6D
$GNRMC,115620.86,A,3724.55220,N,12159.39367,W,2.0,48.0,160726,,,A,U*1A
$GNGLL,3724.55220,N,12159.39367,W,115620.86,A,A*6E
$GNGNS,115620.86,3724.55220,N,12159.39367,W,A,08,1.1,-9.3,-31.6,,,U*7F
$GNGSA,A,3,,,,,,,,,,,,,1.8,1.1,1.4,1*3D
$GNGSA,A,3,,,,,,,,,,,,,1.8,1.1,1.4,3*3F
$GNGSA,A,3,11,27,29,30,36,39,40,41,,,,,1.8,1.1,1.4,4*3B
$GPGSV,1,1,00,,,,,,,,,,,,,,,,,8*6D
$GAGSV,1,1,00,,,,,,,,,,,,,,,,,1*75
$GAGSV,1,1,00,,,,,,,,,,,,,,,,,2*76
$GAGSV,1,1,00,,,,,,,,,,,,,,,,,3*77
$GBGSV,3,1,10,11,51,252,45,26,37,049,,27,36,049,47,28,28,248,,5*7C
$GBGSV,3,2,10,29,28,248,45,30,76,297,47,36,63,284,50,39,18,317,44,5*7C
$GBGSV,3,3,10,40,48,167,48,41,03,076,42,,,,,,,,,5*76
$GNGGA,115621.86,3724.55207,N,12159.39352,W,1,08,1.1,-11.1,M,-31.6,M,,*54
$GNRMC,115621.86,A,3724.55207,N,12159.39352,W,2.1,47.9,160726,,,A,U*1F
$GNGLL,3724.55207,N,12159.39352,W,115621.86,A,A*6C
$GNGNS,115621.86,3724.55207,N,12159.39352,W,A,08,1.1,-11.1,-31.6,,,U*46
$GNGSA,A,3,,,,,,,,,,,,,1.8,1.1,1.4,1*3D
$GNGSA,A,3,,,,,,,,,,,,,1.8,1.1,1.4,3*3F
$GNGSA,A,3,11,27,29,30,36,39,40,41,,,,,1.8,1.1,1.4,4*3B
$GPGSV,1,1,00,,,,,,,,,,,,,,,,,8*6D
$GAGSV,1,1,00,,,,,,,,,,,,,,,,,1*75
$GAGSV,1,1,00,,,,,,,,,,,,,,,,,2*76
$GAGSV,1,1,00,,,,,,,,,,,,,,,,,3*77
$GBGSV,3,1,10,11,51,252,45,26,37,049,,27,36,049,47,28,28,248,,5*7C
$GBGSV,3,2,10,29,28,248,45,30,76,297,47,36,63,284,50,39,18,317,44,5*7C
$GBGSV,3,3,10,40,48,167,48,41,03,076,42,,,,,,,,,5*76
$GNGGA,115622.86,3724.55198,N,12159.39335,W,1,08,1.1,-12.8,M,-31.6,M,,*59
$GNRMC,115622.86,A,3724.55198,N,12159.39335,W,2.2,47.7,160726,,,A,U*15
$GNGLL,3724.55198,N,12159.39335,W,115622.86,A,A*6B
$GNGNS,115622.86,3724.55198,N,12159.39335,W,A,08,1.1,-12.8,-31.6,,,U*4B
$GNGSA,A,3,,,,,,,,,,,,,1.8,1.1,1.4,1*3D
$GNGSA,A,3,,,,,,,,,,,,,1.8,1.1,1.4,3*3F
$GNGSA,A,3,11,27,29,30,36,39,40,41,,,,,1.8,1.1,1.4,4*3B
$GPGSV,1,1,00,,,,,,,,,,,,,,,,,8*6D
$GAGSV,1,1,00,,,,,,,,,,,,,,,,,1*75
$GAGSV,1,1,00,,,,,,,,,,,,,,,,,2*76
$GAGSV,1,1,00,,,,,,,,,,,,,,,,,3*77
$GBGSV,3,1,10,11,51,252,45,26,37,049,,27,36,049,47,28,28,248,,5*7C
$GBGSV,3,2,10,29,28,248,45,30,76,297,47,36,63,284,50,39,18,317,44,5*7C
$GBGSV,3,3,10,40,48,167,48,41,03,076,42,,,,,,,,,5*76
$GNGGA,115623.86,3724.55184,N,12159.39319,W,1,08,1.1,-14.6,M,-31.6,M,,*53
$GNRMC,115623.86,A,3724.55184,N,12159.39319,W,2.3,47.7,160726,,,A,U*16
$GNGLL,3724.55184,N,12159.39319,W,115623.86,A,A*69
$GNGNS,115623.86,3724.55184,N,12159.39319,W,A,08,1.1,-14.6,-31.6,,,U*41
$GNGSA,A,3,,,,,,,,,,,,,1.8,1.1,1.4,1*3D
$GNGSA,A,3,,,,,,,,,,,,,1.8,1.1,1.4,3*3F
$GNGSA,A,3,11,27,29,30,36,39,40,41,,,,,1.8,1.1,1.4,4*3B
$GPGSV,1,1,00,,,,,,,,,,,,,,,,,8*6D
$GAGSV,1,1,00,,,,,,,,,,,,,,,,,1*75
$GAGSV,1,1,00,,,,,,,,,,,,,,,,,2*76
$GAGSV,1,1,00,,,,,,,,,,,,,,,,,3*77
$GBGSV,3,1,10,11,51,252,45,26,36,049,,27,36,049,47,28,28,248,,5*7D
$GBGSV,3,2,10,29,28,248,45,30,76,297,47,36,63,284,50,39,18,317,44,5*7C
$GBGSV,3,3,10,40,48,167,48,41,03,076,42,,,,,,,,,5*76
$GNGGA,115624.86,3724.55173,N,12159.39304,W,1,08,1.1,-16.4,M,-31.6,M,,*50
$GNRMC,115624.86,A,3724.55173,N,12159.39304,W,2.4,47.6,160726,,,A,U*13
$GNGLL,3724.55173,N,12159.39304,W,115624.86,A,A*6A
$GNGNS,115624.86,3724.55173,N,12159.39304,W,A,08,1.1,-16.4,-31.6,,,U*42
$GNGSA,A,3,,,,,,,,,,,,,1.8,1.1,1.4,1*3D
$GNGSA,A,3,,,,,,,,,,,,,1.8,1.1,1.4,3*3F
$GNGSA,A,3,11,27,29,30,36,39,40,41,,,,,1.8,1.1,1.4,4*3B
$GPGSV,1,1,00,,,,,,,,,,,,,,,,,8*6D
$GAGSV,1,1,00,,,,,,,,,,,,,,,,,1*75
$GAGSV,1,1,00,,,,,,,,,,,,,,,,,2*76
$GAGSV,1,1,00,,,,,,,,,,,,,,,,,3*77
$GBGSV,3,1,10,11,51,252,45,26,36,049,,27,36,049,47,28,28,248,,5*7D
$GBGSV,3,2,10,29,28,248,45,30,76,297,47,36,63,284,50,39,18,317,44,5*7C
$GBGSV,3,3,10,40,48,167,48,41,03,076,42,,,,,,,,,5*76
$GNGGA,115625.86,3724.55158,N,12159.39291,W,1,08,1.1,-18.1,M,-31.6,M,,*5E
$GNRMC,115625.86,A,3724.55158,N,12159.39291,W,2.5,47.5,160726,,,A,U*14
$GNGLL,3724.55158,N,12159.39291,W,115625.86,A,A*6F
$GNGNS,115625.86,3724.55158,N,12159.39291,W,A,08,1.1,-18.1,-31.6,,,U*4C
$GNGSA,A,3,,,,,,,,,,,,,1.8,1.1,1.4,1*3D
$GNGSA,A,3,,,,,,,,,,,,,1.8,1.1,1.4,3*3F
$GNGSA,A,3,11,27,29,30,36,39,40,41,,,,,1.8,1.1,1.4,4*3B
$GPGSV,1,1,00,,,,,,,,,,,,,,,,,8*6D
$GAGSV,1,1,00,,,,,,,,,,,,,,,,,1*75
$GAGSV,1,1,00,,,,,,,,,,,,,,,,,2*76
$GAGSV,1,1,00,,,,,,,,,,,,,,,,,3*77
$GBGSV,3,1,10,11,51,252,45,26,36,049,,27,36,049,47,28,28,248,,5*7D
$GBGSV,3,2,10,29,28,248,45,30,76,297,47,36,63,284,50,39,18,317,44,5*7C
$GBGSV,3,3,10,40,48,167,48,41,03,076,42,,,,,,,,,5*76
$GNGGA,115626.86,3724.55143,N,12159.39280,W,1,08,1.1,-19.9,M,-31.6,M,,*5E
$GNRMC,115626.86,A,3724.55143,N,12159.39280,W,2.5,47.4,160726,,,A,U*1C
$GNGLL,3724.55143,N,12159.39280,W,115626.86,A,A*66
$GNGNS,115626.86,3724.55143,N,12159.39280,W,A,08,1.1,-19.9,-31.6,,,U*4C
$GNGSA,A,3,,,,,,,,,,,,,1.8,1.1,1.4,1*3D
$GNGSA,A,3,,,,,,,,,,,,,1.8,1.1,1.4,3*3F
$GNGSA,A,3,11,27,29,30,36,39,40,41,,,,,1.8,1.1,1.4,4*3B
$GPGSV,1,1,00,,,,,,,,,,,,,,,,,8*6D
$GAGSV,1,1,00,,,,,,,,,,,,,,,,,1*75
$GAGSV,1,1,00,,,,,,,,,,,,,,,,,2*76
$GAGSV,1,1,00,,,,,,,,,,,,,,,,,3*77
$GBGSV,3,1,10,11,51,252,45,26,36,049,,27,36,049,47,28,28,248,,5*7D
$GBGSV,3,2,10,29,28,248,45,30,76,297,47,36,63,284,50,39,18,317,44,5*7C
$GBGSV,3,3,10,40,48,167,48,41,03,076,42,,,,,,,,,5*76
$GNGGA,115627.86,3724.55129,N,12159.39268,W,1,08,1.1,-21.6,M,-31.6,M,,*51
$GNRMC,115627.86,A,3724.55129,N,12159.39268,W,2.6,47.4,160726,,,A,U*14
$GNGLL,3724.55129,N,12159.39268,W,115627.86,A,A*6D
$GNGNS,115627.86,3724.55129,N,12159.39268,W,A,08,1.1,-21.6,-31.6,,,U*43
$GNGSA,A,3,,,,,,,,,,,,,1.8,1.1,1.4,1*3D
$GNGSA,A,3,,,,,,,,,,,,,1.8,1.1,1.4,3*3F
$GNGSA,A,3,11,27,29,30,36,39,40,41,,,,,1.8,1.1,1.4,4*3B
$GPGSV,1,1,00,,,,,,,,,,,,,,,,,8*6D
$GAGSV,1,1,00,,,,,,,,,,,,,,,,,1*75
$GAGSV,1,1,00,,,,,,,,,,,,,,,,,2*76
$GAGSV,1,1,00,,,,,,,,,,,,,,,,,3*77
$GBGSV,3,1,10,11,51,252,45,26,36,049,,27,36,049,47,28,28,248,,5*7D
$GBGSV,3,2,10,29,28,248,45,30,76,297,47,36,63,284,50,39,18,317,44,5*7C
$GBGSV,3,3,10,40,48,167,48,41,03,076,42,,,,,,,,,5*76
$GNGGA,115628.86,3724.55116,N,12159.39254,W,1,08,1.1,-23.2,M,-31.6,M,,*5B
$GNRMC,115628.86,A,3724.55116,N,12159.39254,W,2.6,47.3,160726,,,A,U*1F
$GNGLL,3724.55116,N,12159.39254,W,115628.86,A,A*61
$GNGNS,115628.86,3724.55116,N,12159.39254,W,A,08,1.1,-23.2,-31.6,,,U*49
$GNGSA,A,3,,,,,,,,,,,,,1.8,1.1,1.4,1*3D
$GNGSA,A,3,,,,,,,,,,,,,1.8,1.1,1.4,3*3F
$GNGSA,A,3,11,27,29,30,36,39,40,41,,,,,1.8,1.1,1.4,4*3B
$GPGSV,1,1,00,,,,,,,,,,,,,,,,,8*6D
$GAGSV,1,1,00,,,,,,,,,,,,,,,,,1*75
$GAGSV,1,1,00,,,,,,,,,,,,,,,,,2*76
$GAGSV,1,1,00,,,,,,,,,,,,,,,,,3*77
$GBGSV,3,1,10,11,51,252,45,26,36,049,,27,36,049,47,28,28,248,,5*7D
$GBGSV,3,2,10,29,28,248,45,30,76,297,47,36,63,284,50,39,18,317,44,5*7C
$GBGSV,3,3,10,40,48,167,48,41,03,076,42,,,,,,,,,5*76
$GNGGA,115629.86,3724.55103,N,12159.39245,W,1,08,1.1,-24.8,M,-31.6,M,,*53
$GNRMC,115629.86,A,3724.55103,N,12159.39245,W,2.7,47.3,160726,,,A,U*1B
$GNGLL,3724.55103,N,12159.39245,W,115629.86,A,A*64
$GNGNS,115629.86,3724.55103,N,12159.39245,W,A,08,1.1,-24.8,-31.6,,,U*41
$GNGSA,A,3,,,,,,,,,,,,,1.8,1.1,1.4,1*3D
$GNGSA,A,3,,,,,,,,,,,,,1.8,1.1,1.4,3*3F
$GNGSA,A,3,11,27,29,30,36,39,40,41,,,,,1.8,1.1,1.4,4*3B
$GPGSV,1,1,00,,,,,,,,,,,,,,,,,8*6D
$GAGSV,1,1,00,,,,,,,,,,,,,,,,,1*75
$GAGSV,1,1,00,,,,,,,,,,,,,,,,,2*76
$GAGSV,1,1,00,,,,,,,,,,,,,,,,,3*77
$GBGSV,3,1,10,11,51,252,45,26,36,049,,27,36,049,47,28,28,248,,5*7D
$GBGSV,3,2,10,29,28,248,45,30,76,297,47,36,63,284,50,39,18,317,44,5*7C
$GBGSV,3,3,10,40,48,167,48,41,03,076,42,,,,,,,,,5*76
$GNGGA,115630.86,3724.55092,N,12159.39237,W,1,08,1.1,-26.4,M,-31.6,M,,*59
$GNRMC,115630.86,A,3724.55092,N,12159.39237,W,2.7,47.3,160726,,,A,U*1F
$GNGLL,3724.55092,N,12159.39237,W,115630.86,A,A*60
$GNGNS,115630.86,3724.55092,N,12159.39237,W,A,08,1.1,-26.4,-31.6,,,U*4B
$GNGSA,A,3,,,,,,,,,,,,,1.8,1.1,1.4,1*3D
$GNGSA,A,3,,,,,,,,,,,,,1.8,1.1,1.4,3*3F
$GNGSA,A,3,11,27,29,30,36,39,40,41,,,,,1.8,1.1,1.4,4*3B
$GPGSV,1,1,00,,,,,,,,,,,,,,,,,8*6D
$GAGSV,1,1,00,,,,,,,,,,,,,,,,,1*75
$GAGSV,1,1,00,,,,,,,,,,,,,,,,,2*76
$GAGSV,1,1,00,,,,,,,,,,,,,,,,,3*77
$GBGSV,3,1,10,11,51,252,45,26,36,049,,27,36,049,47,28,28,248,,5*7D
$GBGSV,3,2,10,29,28,248,45,30,76,297,47,36,63,284,50,39,18,317,44,5*7C
$GBGSV,3,3,10,40,48,167,48,41,03,076,41,,,,,,,,,5*75
$GNGGA,115631.86,3724.55081,N,12159.39228,W,1,08,1.1,-27.9,M,-31.6,M,,*58
$GNRMC,115631.86,A,3724.55081,N,12159.39228,W,2.8,47.2,160726,,,A,U*1C
$GNGLL,3724.55081,N,12159.39228,W,115631.86,A,A*6D
$GNGNS,115631.86,3724.55081,N,12159.39228,W,A,08,1.1,-27.9,-31.6,,,U*4A
$GNGSA,A,3,,,,,,,,,,,,,1.8,1.1,1.4,1*3D
$GNGSA,A,3,,,,,,,,,,,,,1.8,1.1,1.4,3*3F
$GNGSA,A,3,11,27,29,30,36,39,40,41,,,,,1.8,1.1,1.4,4*3B
$GPGSV,1,1,00,,,,,,,,,,,,,,,,,8*6D
$GAGSV,1,1,00,,,,,,,,,,,,,,,,,1*75
$GAGSV,1,1,00,,,,,,,,,,,,,,,,,2*76
$GAGSV,1,1,00,,,,,,,,,,,,,,,,,3*77
$GBGSV,3,1,10,11,51,252,45,26,36,049,,27,36,049,47,28,28,248,,5*7D
$GBGSV,3,2,10,29,28,248,45,30,76,297,47,36,63,284,50,39,18,317,44,5*7C
$GBGSV,3,3,10,40,48,167,48,41,03,076,42,,,,,,,,,5*76
$GNGGA,115632.86,3724.55069,N,12159.39219,W,1,08,1.1,-29.2,M,-31.6,M,,*5A
$GNRMC,115632.86,A,3724.55069,N,12159.39219,W,2.8,47.2,160726,,,A,U*1B
$GNGLL,3724.55069,N,12159.39219,W,115632.86,A,A*6A
$GNGNS,115632.86,3724.55069,N,12159.39219,W,A,08,1.1,-29.2,-31.6,,,U*48
$GNGSA,A,3,,,,,,,,,,,,,1.8,1.1,1.4,1*3D
$GNGSA,A,3,,,,,,,,,,,,,1.8,1.1,1.4,3*3F
$GNGSA,A,3,11,27,29,30,36,39,40,41,,,,,1.8,1.1,1.4,4*3B
$GPGSV,1,1,00,,,,,,,,,,,,,,,,,8*6D
$GAGSV,1,1,00,,,,,,,,,,,,,,,,,1*75
$GAGSV,1,1,00,,,,,,,,,,,,,,,,,2*76
$GAGSV,1,1,00,,,,,,,,,,,,,,,,,3*77
$GBGSV,3,1,10,11,51,252,45,26,36,049,,27,36,049,47,28,28,248,,5*7D
$GBGSV,3,2,10,29,28,248,45,30,76,297,47,36,63,284,50,39,18,317,44,5*7C
$GBGSV,3,3,10,40,48,167,48,41,03,076,41,,,,,,,,,5*75
$GNGGA,115633.86,3724.55058,N,12159.39211,W,1,08,1.1,-30.5,M,-31.6,M,,*5E
$GNRMC,115633.86,A,3724.55058,N,12159.39211,W,2.8,47.1,160726,,,A,U*13
$GNGLL,3724.55058,N,12159.39211,W,115633.86,A,A*61
$GNGNS,115633.86,3724.55058,N,12159.39211,W,A,08,1.1,-30.5,-31.6,,,U*4C
$GNGSA,A,3,,,,,,,,,,,,,1.8,1.1,1.4,1*3D
$GNGSA,A,3,,,,,,,,,,,,,1.8,1.1,1.4,3*3F
$GNGSA,A,3,11,27,29,30,36,39,40,41,,,,,1.8,1.1,1.4,4*3B
$GPGSV,1,1,00,,,,,,,,,,,,,,,,,8*6D
$GAGSV,1,1,00,,,,,,,,,,,,,,,,,1*75
$GAGSV,1,1,00,,,,,,,,,,,,,,,,,2*76
$GAGSV,1,1,00,,,,,,,,,,,,,,,,,3*77
$GBGSV,3,1,10,11,51,252,45,26,36,049,,27,36,049,47,28,28,248,,5*7D
$GBGSV,3,2,10,29,28,248,45,30,76,297,47,36,63,284,50,39,18,317,44,5*7C
$GBGSV,3,3,10,40,48,167,48,41,03,076,41,,,,,,,,,5*75
$GNGGA,115634.86,3724.55049,N,12159.39203,W,1,08,1.1,-31.8,M,-31.6,M,,*56
$GNRMC,115634.86,A,3724.55049,N,12159.39203,W,2.8,47.1,160726,,,A,U*17
$GNGLL,3724.55049,N,12159.39203,W,115634.86,A,A*65
$GNGNS,115634.86,3724.55049,N,12159.39203,W,A,08,1.1,-31.8,-31.6,,,U*44
$GNGSA,A,3,,,,,,,,,,,,,1.8,1.1,1.4,1*3D
$GNGSA,A,3,,,,,,,,,,,,,1.8,1.1,1.4,3*3F
$GNGSA,A,3,11,27,29,30,36,39,40,41,,,,,1.8,1.1,1.4,4*3B
$GPGSV,1,1,00,,,,,,,,,,,,,,,,,8*6D
$GAGSV,1,1,00,,,,,,,,,,,,,,,,,1*75
$GAGSV,1,1,00,,,,,,,,,,,,,,,,,2*76
$GAGSV,1,1,00,,,,,,,,,,,,,,,,,3*77
$GBGSV,3,1,10,11,51,252,45,26,36,049,,27,36,049,47,28,28,248,,5*7D
$GBGSV,3,2,10,29,28,248,46,30,76,297,47,36,63,284,50,39,18,317,43,5*78
$GBGSV,3,3,10,40,48,167,48,41,03,076,41,,,,,,,,,5*75
$GNGGA,115635.86,3724.55341,N,12159.39514,W,1,08,1.1,5.6,M,-31.6,M,,*49
$GNRMC,115635.86,A,3724.55341,N,12159.39514,W,0.0,47.1,160726,,,A,U*16
$GNGLL,3724.55341,N,12159.39514,W,115635.86,A,A*6E
$GNGNS,115635.86,3724.55341,N,12159.39514,W,A,08,1.1,5.6,-31.6,,,U*5B
$GNGSA,A,3,,,,,,,,,,,,,1.8,1.1,1.4,1*3D
$GNGSA,A,3,,,,,,,,,,,,,1.8,1.1,1.4,3*3F
$GNGSA,A,3,11,27,29,30,36,39,40,41,,,,,1.8,1.1,1.4,4*3B
$GPGSV,1,1,00,,,,,,,,,,,,,,,,,8*6D
$GAGSV,1,1,00,,,,,,,,,,,,,,,,,1*75
$GAGSV,1,1,00,,,,,,,,,,,,,,,,,2*76
$GAGSV,1,1,00,,,,,,,,,,,,,,,,,3*77
$GBGSV,3,1,10,11,51,252,45,26,36,049,,27,36,049,47,28,28,248,,5*7D
$GBGSV,3,2,10,29,28,248,45,30,76,297,47,36,63,284,50,39,18,317,44,5*7C
$GBGSV,3,3,10,40,48,167,48,41,03,076,41,,,,,,,,,5*75
$GNGGA,115636.86,3724.55311,N,12159.39524,W,1,08,1.1,4.5,M,-31.6,M,,*4E
$GNRMC,115636.86,A,3724.55311,N,12159.39524,W,0.0,47.1,160726,,,A,U*13
$GNGLL,3724.55311,N,12159.39524,W,115636.86,A,A*6B
$GNGNS,115636.86,3724.55311,N,12159.39524,W,A,08,1.1,4.5,-31.6,,,U*5C
$GNGSA,A,3,,,,,,,,,,,,,1.8,1.1,1.4,1*3D
$GNGSA,A,3,,,,,,,,,,,,,1.8,1.1,1.4,3*3F
$GNGSA,A,3,11,27,29,30,36,39,40,41,,,,,1.8,1.1,1.4,4*3B
$GPGSV,1,1,00,,,,,,,,,,,,,,,,,8*6D
$GAGSV,1,1,00,,,,,,,,,,,,,,,,,1*75
$GAGSV,1,1,00,,,,,,,,,,,,,,,,,2*76
$GAGSV,1,1,00,,,,,,,,,,,,,,,,,3*77
$GBGSV,3,1,10,11,51,252,45,26,36,049,,27,36,049,47,28,28,248,,5*7D
$GBGSV,3,2,10,29,28,248,46,30,76,297,47,36,63,284,50,39,18,317,44,5*7F
$GBGSV,3,3,10,40,48,167,48,41,03,076,41,,,,,,,,,5*75
$GNGGA,115637.86,3724.55319,N,12159.39514,W,1,08,1.1,5.2,M,-31.6,M,,*42
$GNRMC,115637.86,A,3724.55319,N,12159.39514,W,0.1,47.1,160726,,,A,U*18
$GNGLL,3724.55319,N,12159.39514,W,115637.86,A,A*61
$GNGNS,115637.86,3724.55319,N,12159.39514,W,A,08,1.1,5.2,-31.6,,,U*50
$GNGSA,A,3,,,,,,,,,,,,,1.8,1.1,1.4,1*3D
$GNGSA,A,3,,,,,,,,,,,,,1.8,1.1,1.4,3*3F
$GNGSA,A,3,11,27,29,30,36,39,40,41,,,,,1.8,1.1,1.4,4*3B
$GPGSV,1,1,00,,,,,,,,,,,,,,,,,8*6D
$GAGSV,1,1,00,,,,,,,,,,,,,,,,,1*75
$GAGSV,1,1,00,,,,,,,,,,,,,,,,,2*76
$GAGSV,1,1,00,,,,,,,,,,,,,,,,,3*77
$GBGSV,3,1,10,11,51,252,45,26,36,049,,27,36,049,47,28,28,248,,5*7D
$GBGSV,3,2,10,29,28,248,45,30,76,297,47,36,63,284,50,39,18,317,43,5*7B
$GBGSV,3,3,10,40,48,167,48,41,03,076,41,,,,,,,,,5*75
$GNGGA,115638.86,3724.55308,N,12159.39516,W,1,08,1.1,5.0,M,-31.6,M,,*4D
$GNRMC,115638.86,A,3724.55308,N,12159.39516,W,0.0,47.1,160726,,,A,U*14
$GNGLL,3724.55308,N,12159.39516,W,115638.86,A,A*6C
$GNGNS,115638.86,3724.55308,N,12159.39516,W,A,08,1.1,5.0,-31.6,,,U*5F
$GNGSA,A,3,,,,,,,,,,,,,1.8,1.1,1.4,1*3D
$GNGSA,A,3,,,,,,,,,,,,,1.8,1.1,1.4,3*3F
$GNGSA,A,3,11,27,29,30,36,39,40,41,,,,,1.8,1.1,1.4,4*3B
$GPGSV,1,1,00,,,,,,,,,,,,,,,,,8*6D
$GAGSV,1,1,00,,,,,,,,,,,,,,,,,1*75
$GAGSV,1,1,00,,,,,,,,,,,,,,,,,2*76
$GAGSV,1,1,00,,,,,,,,,,,,,,,,,3*77
$GBGSV,3,1,10,11,51,252,45,26,36,049,,27,36,049,47,28,28,248,,5*7D
$GBGSV,3,2,10,29,28,248,45,30,76,297,47,36,63,284,50,39,18,317,43,5*7B
$GBGSV,3,3,10,40,48,167,48,41,03,076,41,,,,,,,,,5*75
$GNGGA,115639.86,3724.55310,N,12159.39519,W,1,08,1.1,5.1,M,-31.6,M,,*4B
$GNRMC,115639.86,A,3724.55310,N,12159.39519,W,0.0,47.1,160726,,,A,U*13
$GNGLL,3724.55310,N,12159.39519,W,115639.86,A,A*6B
$GNGNS,115639.86,3724.55310,N,12159.39519,W,A,08,1.1,5.1,-31.6,,,U*59
$GNGSA,A,3,,,,,,,,,,,,,1.8,1.1,1.4,1*3D
$GNGSA,A,3,,,,,,,,,,,,,1.8,1.1,1.4,3*3F
$GNGSA,A,3,11,27,29,30,36,39,40,41,,,,,1.8,1.1,1.4,4*3B
$GPGSV,1,1,00,,,,,,,,,,,,,,,,,8*6D
$GAGSV,1,1,00,,,,,,,,,,,,,,,,,1*75
$GAGSV,1,1,00,,,,,,,,,,,,,,,,,2*76
$GAGSV,1,1,00,,,,,,,,,,,,,,,,,3*77
$GBGSV,3,1,10,11,51,252,45,26,36,049,,27,36,049,47,28,28,248,,5*7D
$GBGSV,3,2,10,29,28,248,46,30,76,298,47,36,63,284,50,39,18,317,44,5*70
$GBGSV,3,3,10,40,48,167,48,41,03,076,41,,,,,,,,,5*75
$GNGGA,115640.86,3724.55313,N,12159.39526,W,1,08,1.1,5.5,M,-31.6,M,,*4E
$GNRMC,115640.86,A,3724.55313,N,12159.39526,W,0.0,47.1,160726,,,A,U*12
$GNGLL,3724.55313,N,12159.39526,W,115640.86,A,A*6A
$GNGNS,115640.86,3724.55313,N,12159.39526,W,A,08,1.1,5.5,-31.6,,,U*5C
$GNGSA,A,3,,,,,,,,,,,,,1.8,1.1,1.4,1*3D
$GNGSA,A,3,,,,,,,,,,,,,1.8,1.1,1.4,3*3F
$GNGSA,A,3,11,27,29,30,36,39,40,41,,,,,1.8,1.1,1.4,4*3B
$GPGSV,1,1,00,,,,,,,,,,,,,,,,,8*6D
$GAGSV,1,1,00,,,,,,,,,,,,,,,,,1*75
$GAGSV,1,1,00,,,,,,,,,,,,,,,,,2*76
$GAGSV,1,1,00,,,,,,,,,,,,,,,,,3*77
$GBGSV,3,1,10,11,51,252,45,26,36,049,,27,36,049,47,28,28,248,,5*7D
$GBGSV,3,2,10,29,28,248,46,30,76,298,47,36,63,284,50,39,18,317,43,5*77
$GBGSV,3,3,10,40,48,167,48,41,03,076,41,,,,,,,,,5*75
$GNGGA,115641.86,3724.55318,N,12159.39531,W,1,08,1.1,5.8,M,-31.6,M,,*4F
$GNRMC,115641.86,A,3724.55318,N,12159.39531,W,0.1,47.1,160726,,,A,U*1F
$GNGLL,3724.55318,N,12159.39531,W,115641.86,A,A*66
$GNGNS,115641.86,3724.55318,N,12159.39531,W,A,08,1.1,5.8,-31.6,,,U*5D
$GNGSA,A,3,,,,,,,,,,,,,1.8,1.1,1.4,1*3D
$GNGSA,A,3,,,,,,,,,,,,,1.8,1.1,1.4,3*3F
$GNGSA,A,3,11,27,29,30,36,39,40,41,,,,,1.8,1.1,1.4,4*3B
$GPGSV,1,1,00,,,,,,,,,,,,,,,,,8*6D
$GAGSV,1,1,00,,,,,,,,,,,,,,,,,1*75
$GAGSV,1,1,00,,,,,,,,,,,,,,,,,2*76
$GAGSV,1,1,00,,,,,,,,,,,,,,,,,3*77
$GBGSV,3,1,10,11,51,252,45,26,36,049,,27,36,049,47,28,28,248,,5*7D
$GBGSV,3,2,10,29,28,248,46,30,76,298,47,36,63,284,50,39,18,317,43,5*77
$GBGSV,3,3,10,40,48,167,48,41,03,076,41,,,,,,,,,5*75
$GNGGA,115642.86,3724.55319,N,12159.39526,W,1,08,1.1,5.8,M,-31.6,M,,*4B
$GNRMC,115642.86,A,3724.55319,N,12159.39526,W,0.2,57.3,160726,,,A,U*1B
$GNGLL,3724.55319,N,12159.39526,W,115642.86,A,A*62
$GNGNS,115642.86,3724.55319,N,12159.39526,W,A,08,1.1,5.8,-31.6,,,U*59
$GNGSA,A,3,,,,,,,,,,,,,1.8,1.1,1.4,1*3D
$GNGSA,A,3,,,,,,,,,,,,,1.8,1.1,1.4,3*3F
$GNGSA,A,3,11,27,29,30,36,39,40,41,,,,,1.8,1.1,1.4,4*3B
$GPGSV,1,1,00,,,,,,,,,,,,,,,,,8*6D
$GAGSV,1,1,00,,,,,,,,,,,,,,,,,1*75
$GAGSV,1,1,00,,,,,,,,,,,,,,,,,2*76
$GAGSV,1,1,00,,,,,,,,,,,,,,,,,3*77
$GBGSV,3,1,10,11,51,252,45,26,36,049,,27,36,049,47,28,28,248,,5*7D
$GBGSV,3,2,10,29,28,248,46,30,76,298,47,36,63,284,50,39,18,317,44,5*70
$GBGSV,3,3,10,40,48,167,48,41,03,076,41,,,,,,,,,5*75
$GNGGA,115643.86,3724.55319,N,12159.39521,W,1,08,1.1,5.6,M,-31.6,M,,*43
$GNRMC,115643.86,A,3724.55319,N,12159.39521,W,0.3,55.2,160726,,,A,U*1F
$GNGLL,3724.55319,N,12159.39521,W,115643.86,A,A*64
$GNGNS,115643.86,3724.55319,N,12159.39521,W,A,08,1.1,5.6,-31.6,,,U*51
$GNGSA,A,3,,,,,,,,,,,,,1.8,1.1,1.4,1*3D
$GNGSA,A,3,,,,,,,,,,,,,1.8,1.1,1.4,3*3F
$GNGSA,A,3,11,27,29,30,36,39,40,41,,,,,1.8,1.1,1.4,4*3B
$GPGSV,1,1,00,,,,,,,,,,,,,,,,,8*6D
$GAGSV,1,1,00,,,,,,,,,,,,,,,,,1*75
$GAGSV,1,1,00,,,,,,,,,,,,,,,,,2*76
$GAGSV,1,1,00,,,,,,,,,,,,,,,,,3*77
$GBGSV,3,1,10,11,51,252,45,26,36,049,,27,36,049,46,28,28,248,,5*7C
$GBGSV,3,2,10,29,28,248,45,30,76,298,47,36,63,284,50,39,18,317,43,5*74
$GBGSV,3,3,10,40,48,168,48,41,03,076,41,,,,,,,,,5*7A
$GNGGA,115644.86,3724.55315,N,12159.39514,W,1,08,1.1,5.3,M,-31.6,M,,*4B
$GNRMC,115644.86,A,3724.55315,N,12159.39514,W,0.4,53.4,160726,,,A,U*15
$GNGLL,3724.55315,N,12159.39514,W,115644.86,A,A*69
$GNGNS,115644.86,3724.55315,N,12159.39514,W,A,08,1.1,5.3,-31.6,,,U*59
$GNGSA,A,3,,,,,,,,,,,,,1.8,1.1,1.4,1*3D
$GNGSA,A,3,,,,,,,,,,,,,1.8,1.1,1.4,3*3F
$GNGSA,A,3,11,27,29,30,36,39,40,41,,,,,1.8,1.1,1.4,4*3B
$GPGSV,1,1,00,,,,,,,,,,,,,,,,,8*6D
$GAGSV,1,1,00,,,,,,,,,,,,,,,,,1*75
$GAGSV,1,1,00,,,,,,,,,,,,,,,,,2*76
$GAGSV,1,1,00,,,,,,,,,,,,,,,,,3*77
$GBGSV,3,1,10,11,51,252,45,26,36,049,,27,36,049,46,28,28,248,,5*7C
$GBGSV,3,2,10,29,28,248,46,30,76,298,47,36,63,284,50,39,18,317,43,5*77
$GBGSV,3,3,10,40,48,168,48,41,03,076,41,,,,,,,,,5*7A
$GNGGA,115645.86,3724.55313,N,12159.39506,W,1,08,1.1,4.7,M,-31.6,M,,*4A
$GNRMC,115645.86,A,3724.55313,N,12159.39506,W,0.5,52.2,160726,,,A,U*17
$GNGLL,3724.55313,N,12159.39506,W,115645.86,A,A*6D
$GNGNS,115645.86,3724.55313,N,12159.39506,W,A,08,1.1,4.7,-31.6,,,U*58
$GNGSA,A,3,,,,,,,,,,,,,1.8,1.1,1.4,1*3D
$GNGSA,A,3,,,,,,,,,,,,,1.8,1.1,1.4,3*3F
$GNGSA,A,3,11,27,29,30,36,39,40,41,,,,,1.8,1.1,1.4,4*3B
$GPGSV,1,1,00,,,,,,,,,,,,,,,,,8*6D
$GAGSV,1,1,00,,,,,,,,,,,,,,,,,1*75
$GAGSV,1,1,00,,,,,,,,,,,,,,,,,2*76
$GAGSV,1,1,00,,,,,,,,,,,,,,,,,3*77
$GBGSV,3,1,10,11,51,252,45,26,36,049,,27,36,049,46,28,28,248,,5*7C
$GBGSV,3,2,10,29,28,248,46,30,76,298,47,36,63,284,50,39,19,317,43,5*76
$GBGSV,3,3,10,40,48,168,48,41,03,076,41,,,,,,,,,5*7A
$GNGGA,115646.86,3724.55311,N,12159.39495,W,1,08,1.1,3.9,M,-31.6,M,,*49
$GNRMC,115646.86,A,3724.55311,N,12159.39495,W,0.6,51.3,160726,,,A,U*1C
$GNGLL,3724.55311,N,12159.39495,W,115646.86,A,A*67
$GNGNS,115646.86,3724.55311,N,12159.39495,W,A,08,1.1,3.9,-31.6,,,U*5B
$GNGSA,A,3,,,,,,,,,,,,,1.8,1.1,1.4,1*3D
$GNGSA,A,3,,,,,,,,,,,,,1.8,1.1,1.4,3*3F
$GNGSA,A,3,11,27,29,30,36,39,40,41,,,,,1.8,1.1,1.4,4*3B
$GPGSV,1,1,00,,,,,,,,,,,,,,,,,8*6D
$GAGSV,1,1,00,,,,,,,,,,,,,,,,,1*75
$GAGSV,1,1,00,,,,,,,,,,,,,,,,,2*76
$GAGSV,1,1,00,,,,,,,,,,,,,,,,,3*77
$GBGSV,3,1,10,11,51,252,45,26,36,049,,27,36,049,47,28,28,248,,5*7D
$GBGSV,3,2,10,29,28,248,46,30,76,298,47,36,63,284,50,39,19,317,43,5*76
$GBGSV,3,3,10,40,48,168,48,41,03,076,41,,,,,,,,,5*7A
$GNGGA,115647.86,3724.55311,N,12159.39482,W,1,08,1.1,3.1,M,-31.6,M,,*46
$GNRMC,115647.86,A,3724.55311,N,12159.39482,W,0.8,50.4,160726,,,A,U*13
$GNGLL,3724.55311,N,12159.39482,W,115647.86,A,A*60
$GNGNS,115647.86,3724.55311,N,12159.39482,W,A,08,1.1,3.1,-31.6,,,U*54
$GNGSA,A,3,,,,,,,,,,,,,1.8,1.1,1.4,1*3D
$GNGSA,A,3,,,,,,,,,,,,,1.8,1.1,1.4,3*3F
$GNGSA,A,3,11,27,29,30,36,39,40,41,,,,,1.8,1.1,1.4,4*3B
$GPGSV,1,1,00,,,,,,,,,,,,,,,,,8*6D
$GAGSV,1,1,00,,,,,,,,,,,,,,,,,1*75
$GAGSV,1,1,00,,,,,,,,,,,,,,,,,2*76
$GAGSV,1,1,00,,,,,,,,,,,,,,,,,3*77
$GBGSV,3,1,10,11,51,252,45,26,36,049,,27,36,049,46,28,28,248,,5*7C
$GBGSV,3,2,10,29,28,248,46,30,76,298,47,36,63,284,50,39,19,317,43,5*76
$GBGSV,3,3,10,40,48,168,48,41,03,076,41,,,,,,,,,5*7A
$GNGGA,115648.86,3724.55308,N,12159.39469,W,1,08,1.1,2.0,M,-31.6,M,,*44
$GNRMC,115648.86,A,3724.55308,N,12159.39469,W,0.9,49.8,160726,,,A,U*14
$GNGLL,3724.55308,N,12159.39469,W,115648.86,A,A*62
$GNGNS,115648.86,3724.55308,N,12159.39469,W,A,08,1.1,2.0,-31.6,,,U*56
$GNGSA,A,3,,,,,,,,,,,,,1.8,1.1,1.4,1*3D
$GNGSA,A,3,,,,,,,,,,,,,1.8,1.1,1.4,3*3F
$GNGSA,A,3,11,27,29,30,36,39,40,41,,,,,1.8,1.1,1.4,4*3B
$GPGSV,1,1,00,,,,,,,,,,,,,,,,,8*6D
$GAGSV,1,1,00,,,,,,,,,,,,,,,,,1*75
$GAGSV,1,1,00,,,,,,,,,,,,,,,,,2*76
$GAGSV,1,1,00,,,,,,,,,,,,,,,,,3*77
$GBGSV,3,1,10,11,51,252,45,26,36,049,,27,36,049,47,28,28,248,,5*7D
$GBGSV,3,2,10,29,28,248,46,30,76,298,47,36,63,284,50,39,19,317,43,5*76
$GBGSV,3,3,10,40,48,168,48,41,03,076,41,,,,,,,,,5*7A
$GNGGA,115649.86,3724.55304,N,12159.39451,W,1,08,1.1,1.0,M,-31.6,M,,*41
$GNRMC,115649.86,A,3724.55304,N,12159.39451,W,1.1,49.4,160726,,,A,U*17
$GNGLL,3724.55304,N,12159.39451,W,115649.86,A,A*64
$GNGNS,115649.86,3724.55304,N,12159.39451,W,A,08,1.1,1.0,-31.6,,,U*53
$GNGSA,A,3,,,,,,,,,,,,,1.8,1.1,1.4,1*3D
$GNGSA,A,3,,,,,,,,,,,,,1.8,1.1,1.4,3*3F
$GNGSA,A,3,11,27,29,30,36,39,40,41,,,,,1.8,1.1,1.4,4*3B
$GPGSV,1,1,00,,,,,,,,,,,,,,,,,8*6D
$GAGSV,1,1,00,,,,,,,,,,,,,,,,,1*75
$GAGSV,1,1,00,,,,,,,,,,,,,,,,,2*76
$GAGSV,1,1,00,,,,,,,,,,,,,,,,,3*77
$GBGSV,3,1,10,11,51,252,45,26,36,049,,27,36,049,47,28,28,248,,5*7D
$GBGSV,3,2,10,29,28,248,46,30,76,298,47,36,63,284,50,39,19,317,43,5*76
$GBGSV,3,3,10,40,48,168,47,41,03,076,41,,,,,,,,,5*75
$GNGGA,115650.86,3724.55297,N,12159.39431,W,1,08,1.1,-0.2,M,-31.6,M,,*6A
$GNRMC,115650.86,A,3724.55297,N,12159.39431,W,1.2,49.0,160726,,,A,U*15
$GNGLL,3724.55297,N,12159.39431,W,115650.86,A,A*61
$GNGNS,115650.86,3724.55297,N,12159.39431,W,A,08,1.1,-0.2,-31.6,,,U*78
$GNGSA,A,3,,,,,,,,,,,,,1.8,1.1,1.4,1*3D
$GNGSA,A,3,,,,,,,,,,,,,1.8,1.1,1.4,3*3F
$GNGSA,A,3,11,27,29,30,36,39,40,41,,,,,1.8,1.1,1.4,4*3B
$GPGSV,1,1,00,,,,,,,,,,,,,,,,,8*6D
$GAGSV,1,1,00,,,,,,,,,,,,,,,,,1*75
$GAGSV,1,1,00,,,,,,,,,,,,,,,,,2*76
$GAGSV,1,1,00,,,,,,,,,,,,,,,,,3*77
$GBGSV,3,1,10,11,51,253,46,26,36,049,,27,36,049,46,28,28,248,,5*7E
$GBGSV,3,2,10,29,28,248,46,30,76,298,47,36,63,284,50,39,19,317,43,5*76
$GBGSV,3,3,10,40,48,168,48,41,03,076,41,,,,,,,,,5*7A
$GNGGA,115651.86,3724.55290,N,12159.39410,W,1,08,1.1,-1.6,M,-31.6,M,,*6A
$GNRMC,115651.86,A,3724.55290,N,12159.39410,W,1.3,48.7,160726,,,A,U*17
$GNGLL,3724.55290,N,12159.39410,W,115651.86,A,A*64
$GNGNS,115651.86,3724.55290,N,12159.39410,W,A,08,1.1,-1.6,-31.6,,,U*78
$GNGSA,A,3,,,,,,,,,,,,,1.8,1.1,1.4,1*3D
$GNGSA,A,3,,,,,,,,,,,,,1.8,1.1,1.4,3*3F
$GNGSA,A,3,11,27,29,30,36,39,40,41,,,,,1.8,1.1,1.4,4*3B
$GPGSV,1,1,00,,,,,,,,,,,,,,,,,8*6D
$GAGSV,1,1,00,,,,,,,,,,,,,,,,,1*75
$GAGSV,1,1,00,,,,,,,,,,,,,,,,,2*76
$GAGSV,1,1,00,,,,,,,,,,,,,,,,,3*77
$GBGSV,3,1,10,11,51,253,46,26,36,049,,27,36,049,46,28,28,248,,5*7E
$GBGSV,3,2,10,29,28,248,46,30,76,298,47,36,63,284,50,39,19,317,43,5*76
$GBGSV,3,3,10,40,48,168,48,41,03,076,40,,,,,,,,,5*7B
$GNGGA,115652.86,3724.55280,N,12159.39396,W,1,08,1.1,-3.1,M,-31.6,M,,*64
$GNRMC,115652.86,A,3724.55280,N,12159.39396,W,1.5,48.5,160726,,,A,U*18
$GNGLL,3724.55280,N,12159.39396,W,115652.86,A,A*6F
$GNGNS,115652.86,3724.55280,N,12159.39396,W,A,08,1.1,-3.1,-31.6,,,U*76
$GNGSA,A,3,,,,,,,,,,,,,1.8,1.1,1.4,1*3D
$GNGSA,A,3,,,,,,,,,,,,,1.8,1.1,1.4,3*3F
$GNGSA,A,3,11,27,29,30,36,39,40,41,,,,,1.8,1.1,1.4,4*3B
$GPGSV,1,1,00,,,,,,,,,,,,,,,,,8*6D
$GAGSV,1,1,00,,,,,,,,,,,,,,,,,1*75
$GAGSV,1,1,00,,,,,,,,,,,,,,,,,2*76
$GAGSV,1,1,00,,,,,,,,,,,,,,,,,3*77
$GBGSV,3,1,10,11,51,253,45,26,36,049,,27,36,050,47,28,28,248,,5*74
$GBGSV,3,2,10,29,28,248,46,30,76,298,47,36,63,284,50,39,19,317,43,5*76
$GBGSV,3,3,10,40,48,168,47,41,03,076,41,,,,,,,,,5*75
$GNGGA,115653.86,3724.55271,N,12159.39380,W,1,08,1.1,-4.8,M,-31.6,M,,*62
$GNRMC,115653.86,A,3724.55271,N,12159.39380,W,1.6,48.2,160726,,,A,U*14
$GNGLL,3724.55271,N,12159.39380,W,115653.86,A,A*67
$GNGNS,115653.86,3724.55271,N,12159.39380,W,A,08,1.1,-4.8,-31.6,,,U*70
$GNGSA,A,3,,,,,,,,,,,,,1.8,1.1,1.4,1*3D
$GNGSA,A,3,,,,,,,,,,,,,1.8,1.1,1.4,3*3F
$GNGSA,A,3,11,27,29,30,36,39,40,41,,,,,1.8,1.1,1.4,4*3B
$GPGSV,1,1,00,,,,,,,,,,,,,,,,,8*6D
$GAGSV,1,1,00,,,,,,,,,,,,,,,,,1*75
$GAGSV,1,1,00,,,,,,,,,,,,,,,,,2*76
$GAGSV,1,1,00,,,,,,,,,,,,,,,,,3*77
$GBGSV,3,1,10,11,51,253,46,26,36,050,,27,36,050,47,28,28,248,,5*7F
$GBGSV,3,2,10,29,28,248,46,30,76,298,47,36,63,284,50,39,19,317,43,5*76
$GBGSV,3,3,10,40,48,168,48,41,03,076,40,,,,,,,,,5*7B
$GNGGA,115654.86,3724.55262,N,12159.39365,W,1,08,1.1,-6.5,M,-31.6,M,,*63
$GNRMC,115654.86,A,3724.55262,N,12159.39365,W,1.7,48.1,160726,,,A,U*18
$GNGLL,3724.55262,N,12159.39365,W,115654.86,A,A*69
$GNGNS,115654.86,3724.55262,N,12159.39365,W,A,08,1.1,-6.5,-31.6,,,U*71
$GNGSA,A,3,,,,,,,,,,,,,1.8,1.1,1.4,1*3D
$GNGSA,A,3,,,,,,,,,,,,,1.8,1.1,1.4,3*3F
$GNGSA,A,3,11,27,29,30,36,39,40,41,,,,,1.8,1.1,1.4,4*3B
$GPGSV,1,1,00,,,,,,,,,,,,,,,,,8*6D
$GAGSV,1,1,00,,,,,,,,,,,,,,,,,1*75
$GAGSV,1,1,00,,,,,,,,,,,,,,,,,2*76
$GAGSV,1,1,00,,,,,,,,,,,,,,,,,3*77
$GBGSV,3,1,10,11,51,253,46,26,36,050,,27,36,050,46,28,28,248,,5*7E
$GBGSV,3,2,10,29,28,248,45,30,76,298,47,36,63,284,50,39,19,317,43,5*75
$GBGSV,3,3,10,40,48,168,47,41,03,076,40,,,,,,,,,5*74
$GNGGA,115655.86,3724.55252,N,12159.39352,W,1,08,1.1,-8.2,M,-31.6,M,,*6C
$GNRMC,115655.86,A,3724.55252,N,12159.39352,W,1.8,47.9,160726,,,A,U*16
$GNGLL,3724.55252,N,12159.39352,W,115655.86,A,A*6F
$GNGNS,115655.86,3724.55252,N,12159.39352,W,A,08,1.1,-8.2,-31.6,,,U*7E
$GNGSA,A,3,,,,,,,,,,,,,1.8,1.1,1.4,1*3D
$GNGSA,A,3,,,,,,,,,,,,,1.8,1.1,1.4,3*3F
$GNGSA,A,3,11,27,29,30,36,39,40,41,,,,,1.8,1.1,1.4,4*3B
$GPGSV,1,1,00,,,,,,,,,,,,,,,,,8*6D
$GAGSV,1,1,00,,,,,,,,,,,,,,,,,1*75
$GAGSV,1,1,00,,,,,,,,,,,,,,,,,2*76
$GAGSV,1,1,00,,,,,,,,,,,,,,,,,3*77
$GBGSV,3,1,11,11,51,253,46,26,36,050,,27,36,050,47,28,28,248,,5*7E
$GBGSV,3,2,11,29,28,248,46,30,76,298,47,35,63,284,,36,63,284,50,5*7A
$GBGSV,3,3,11,39,19,317,43,40,48,168,47,41,03,076,40,,,,,5*45
$GNGGA,115656.86,3724.55240,N,12159.39336,W,1,08,1.1,-9.9,M,-31.6,M,,*64
$GNRMC,115656.86,A,3724.55240,N,12159.39336,W,1.9,47.8,160726,,,A,U*14
$GNGLL,3724.55240,N,12159.39336,W,115656.86,A,A*6D
$GNGNS,115656.86,3724.55240,N,12159.39336,W,A,08,1.1,-9.9,-31.6,,,U*76
$GNGSA,A,3,,,,,,,,,,,,,1.8,1.1,1.4,1*3D
$GNGSA,A,3,,,,,,,,,,,,,1.8,1.1,1.4,3*3F
$GNGSA,A,3,11,27,29,30,36,39,40,41,,,,,1.8,1.1,1.4,4*3B
$GPGSV,1,1,00,,,,,,,,,,,,,,,,,8*6D
$GAGSV,1,1,00,,,,,,,,,,,,,,,,,1*75
$GAGSV,1,1,00,,,,,,,,,,,,,,,,,2*76
$GAGSV,1,1,00,,,,,,,,,,,,,,,,,3*77
$GBGSV,3,1,11,11,51,253,46,26,36,050,,27,36,050,46,28,28,248,,5*7F
$GBGSV,3,2,11,29,28,248,46,30,76,298,47,35,63,284,,36,63,284,50,5*7A
$GBGSV,3,3,11,39,19,317,43,40,48,168,48,41,03,076,40,,,,,5*4A
$GNGGA,115657.86,3724.55227,N,12159.39323,W,1,08,1.1,-11.7,M,-31.6,M,,*57
$GNRMC,115657.86,A,3724.55227,N,12159.39323,W,2.0,47.7,160726,,,A,U*15
$GNGLL,3724.55227,N,12159.39323,W,115657.86,A,A*69
$GNGNS,115657.86,3724.55227,N,12159.39323,W,A,08,1.1,-11.7,-31.6,,,U*45
$GNGSA,A,3,,,,,,,,,,,,,1.8,1.1,1.4,1*3D
$GNGSA,A,3,,,,,,,,,,,,,1.8,1.1,1.4,3*3F
$GNGSA,A,3,11,27,29,30,36,39,40,41,,,,,1.8,1.1,1.4,4*3B
$GPGSV,1,1,00,,,,,,,,,,,,,,,,,8*6D
$GAGSV,1,1,00,,,,,,,,,,,,,,,,,1*75
$GAGSV,1,1,00,,,,,,,,,,,,,,,,,2*76
$GAGSV,1,1,00,,,,,,,,,,,,,,,,,3*77
$GBGSV,3,1,11,11,51,253,46,26,36,050,,27,36,050,46,28,28,248,,5*7F
$GBGSV,3,2,11,29,28,248,46,30,76,298,47,35,63,284,,36,63,284,50,5*7A
$GBGSV,3,3,11,39,19,317,43,40,48,168,48,41,03,076,40,,,,,5*4A
$GNGGA,115658.86,3724.55210,N,12159.39308,W,1,08,1.1,-13.4,M,-31.6,M,,*54
$GNRMC,115658.86,A,3724.55210,N,12159.39308,W,2.1,47.6,160726,,,A,U*17
$GNGLL,3724.55210,N,12159.39308,W,115658.86,A,A*6B
$GNGNS,115658.86,3724.55210,N,12159.39308,W,A,08,1.1,-13.4,-31.6,,,U*46
$GNGSA,A,3,,,,,,,,,,,,,1.8,1.1,1.4,1*3D
$GNGSA,A,3,,,,,,,,,,,,,1.8,1.1,1.4,3*3F
$GNGSA,A,3,11,27,29,30,36,39,40,41,,,,,1.8,1.1,1.4,4*3B
$GPGSV,1,1,00,,,,,,,,,,,,,,,,,8*6D
$GAGSV,1,1,00,,,,,,,,,,,,,,,,,1*75
$GAGSV,1,1,00,,,,,,,,,,,,,,,,,2*76
$GAGSV,1,1,00,,,,,,,,,,,,,,,,,3*77
$GBGSV,3,1,11,11,51,253,46,26,36,050,,27,36,050,46,28,28,248,,5*7F
$GBGSV,3,2,11,29,28,248,46,30,76,298,47,35,63,284,,36,63,284,50,5*7A
$GBGSV,3,3,11,39,19,317,43,40,48,168,47,41,03,076,40,,,,,5*45
$GNGGA,115659.86,3724.55198,N,12159.39293,W,1,08,1.1,-15.0,M,-31.6,M,,*57
$GNRMC,115659.86,A,3724.55198,N,12159.39293,W,2.2,47.5,160726,,,A,U*16
$GNGLL,3724.55198,N,12159.39293,W,115659.86,A,A*6A
$GNGNS,115659.86,3724.55198,N,12159.39293,W,A,08,1.1,-15.0,-31.6,,,U*45
$GNGSA,A,3,,,,,,,,,,,,,1.8,1.1,1.4,1*3D
$GNGSA,A,3,,,,,,,,,,,,,1.8,1.1,1.4,3*3F
$GNGSA,A,3,11,27,29,30,36,39,40,41,,,,,1.8,1.1,1.4,4*3B
$GPGSV,1,1,00,,,,,,,,,,,,,,,,,8*6D
$GAGSV,1,1,00,,,,,,,,,,,,,,,,,1*75
$GAGSV,1,1,00,,,,,,,,,,,,,,,,,2*76
$GAGSV,1,1,00,,,,,,,,,,,,,,,,,3*77
$GBGSV,3,1,11,11,51,253,46,26,36,050,,27,36,050,46,28,28,248,,5*7F
$GBGSV,3,2,11,29,28,248,46,30,76,298,47,35,63,284,,36,63,284,50,5*7A
$GBGSV,3,3,11,39,19,317,43,40,48,168,48,41,03,076,40,,,,,5*4A
$GNGGA,115700.86,3724.55184,N,12159.39284,W,1,08,1.1,-16.7,M,-31.6,M,,*55
$GNRMC,115700.86,A,3724.55184,N,12159.39284,W,2.2,47.4,160726,,,A,U*11
$GNGLL,3724.55184,N,12159.39284,W,115700.86,A,A*6C
$GNGNS,115700.86,3724.55184,N,12159.39284,W,A,08,1.1,-16.7,-31.6,,,U*47
$GNGSA,A,3,,,,,,,,,,,,,1.8,1.1,1.4,1*3D
$GNGSA,A,3,,,,,,,,,,,,,1.8,1.1,1.4,3*3F
$GNGSA,A,3,11,27,29,30,36,39,40,41,,,,,1.8,1.1,1.4,4*3B
$GPGSV,1,1,00,,,,,,,,,,,,,,,,,8*6D
$GAGSV,1,1,00,,,,,,,,,,,,,,,,,1*75
$GAGSV,1,1,00,,,,,,,,,,,,,,,,,2*76
$GAGSV,1,1,00,,,,,,,,,,,,,,,,,3*77
$GBGSV,3,1,11,11,51,253,46,26,36,050,,27,36,050,46,28,28,248,,5*7F
$GBGSV,3,2,11,29,28,248,46,30,76,298,47,35,63,284,,36,63,284,50,5*7A
$GBGSV,3,3,11,39,19,317,43,40,48,168,47,41,03,076,40,,,,,5*45
$GNGGA,115701.86,3724.55170,N,12159.39273,W,1,08,1.1,-18.3,M,-31.6,M,,*5D
$GNRMC,115701.86,A,3724.55170,N,12159.39273,W,2.3,47.2,160726,,,A,U*14
$GNGLL,3724.55170,N,12159.39273,W,115701.86,A,A*6E
$GNGNS,115701.86,3724.55170,N,12159.39273,W,A,08,1.1,-18.3,-31.6,,,U*4F
$GNGSA,A,3,,,,,,,,,,,,,1.8,1.1,1.4,1*3D
$GNGSA,A,3,,,,,,,,,,,,,1.8,1.1,1.4,3*3F
$GNGSA,A,3,11,27,29,30,36,39,40,41,,,,,1.8,1.1,1.4,4*3B
$GPGSV,1,1,00,,,,,,,,,,,,,,,,,8*6D
$GAGSV,1,1,00,,,,,,,,,,,,,,,,,1*75
$GAGSV,1,1,00,,,,,,,,,,,,,,,,,2*76
$GAGSV,1,1,00,,,,,,,,,,,,,,,,,3*77
$GBGSV,3,1,11,11,51,253,46,26,36,050,,27,36,050,46,28,28,248,,5*7F
$GBGSV,3,2,11,29,28,248,46,30,76,298,47,35,63,284,,36,63,284,50,5*7A
$GBGSV,3,3,11,39,19,317,43,40,48,168,48,41,03,076,39,,,,,5*44
$GNGGA,115702.86,3724.55158,N,12159.39262,W,1,08,1.1,-19.8,M,-31.6,M,,*5E
$GNRMC,115702.86,A,3724.55158,N,12159.39262,W,2.3,47.1,160726,,,A,U*1E
$GNGLL,3724.55158,N,12159.39262,W,115702.86,A,A*67
$GNGNS,115702.86,3724.55158,N,12159.39262,W,A,08,1.1,-19.8,-31.6,,,U*4C
$GNGSA,A,3,,,,,,,,,,,,,1.8,1.1,1.4,1*3D
$GNGSA,A,3,,,,,,,,,,,,,1.8,1.1,1.4,3*3F
$GNGSA,A,3,11,27,29,30,36,39,40,41,,,,,1.8,1.1,1.4,4*3B
$GPGSV,1,1,00,,,,,,,,,,,,,,,,,8*6D
$GAGSV,1,1,00,,,,,,,,,,,,,,,,,1*75
$GAGSV,1,1,00,,,,,,,,,,,,,,,,,2*76
$GAGSV,1,1,00,,,,,,,,,,,,,,,,,3*77
$GBGSV,3,1,11,11,51,253,46,26,36,050,,27,36,050,46,28,28,248,,5*7F
$GBGSV,3,2,11,29,28,248,46,30,76,298,47,35,63,284,,36,63,284,50,5*7A
$GBGSV,3,3,11,39,19,317,43,40,48,168,47,41,03,076,39,,,,,5*4B
$GNGGA,115703.86,3724.55144,N,12159.39253,W,1,08,1.1,-21.3,M,-31.6,M,,*50
$GNRMC,115703.86,A,3724.55144,N,12159.39253,W,2.3,47.0,160726,,,A,U*11
$GNGLL,3724.55144,N,12159.39253,W,115703.86,A,A*69
$GNGNS,115703.86,3724.55144,N,12159.39253,W,A,08,1.1,-21.3,-31.6,,,U*42
$GNGSA,A,3,,,,,,,,,,,,,1.8,1.1,1.4,1*3D
$GNGSA,A,3,,,,,,,,,,,,,1.8,1.1,1.4,3*3F
$GNGSA,A,3,11,27,29,30,36,39,40,41,,,,,1.8,1.1,1.4,4*3B
$GPGSV,1,1,00,,,,,,,,,,,,,,,,,8*6D
$GAGSV,1,1,00,,,,,,,,,,,,,,,,,1*75
$GAGSV,1,1,00,,,,,,,,,,,,,,,,,2*76
$GAGSV,1,1,00,,,,,,,,,,,,,,,,,3*77
$GBGSV,3,1,11,11,51,253,46,26,36,050,,27,36,050,46,28,28,248,,5*7F
$GBGSV,3,2,11,29,28,248,46,30,76,298,47,35,63,284,,36,63,284,50,5*7A
$GBGSV,3,3,11,39,19,317,43,40,48,168,47,41,03,076,39,,,,,5*4B
$GNGGA,115704.86,3724.55134,N,12159.39244,W,1,08,1.1,-22.7,M,-31.6,M,,*51
$GNRMC,115704.86,A,3724.55134,N,12159.39244,W,2.4,47.0,160726,,,A,U*10
$GNGLL,3724.55134,N,12159.39244,W,115704.86,A,A*6F
$GNGNS,115704.86,3724.55134,N,12159.39244,W,A,08,1.1,-22.7,-31.6,,,U*43
$GNGSA,A,3,,,,,,,,,,,,,1.8,1.1,1.4,1*3D
$GNGSA,A,3,,,,,,,,,,,,,1.8,1.1,1.4,3*3F
$GNGSA,A,3,11,27,29,30,36,39,40,41,,,,,1.8,1.1,1.4,4*3B
$GPGSV,1,1,00,,,,,,,,,,,,,,,,,8*6D
$GAGSV,1,1,00,,,,,,,,,,,,,,,,,1*75
$GAGSV,1,1,00,,,,,,,,,,,,,,,,,2*76
$GAGSV,1,1,00,,,,,,,,,,,,,,,,,3*77
$GBGSV,3,1,11,11,51,253,46,26,36,050,,27,36,050,46,28,28,248,,5*7F
$GBGSV,3,2,11,29,28,248,46,30,76,298,47,35,63,284,,36,63,283,50,5*7D
$GBGSV,3,3,11,39,19,317,43,40,48,168,47,41,03,076,39,,,,,5*4B
$GNGGA,115705.86,3724.55122,N,12159.39239,W,1,08,1.1,-24.0,M,-31.6,M,,*5C
$GNRMC,115705.86,A,3724.55122,N,12159.39239,W,2.4,47.0,160726,,,A,U*1C
$GNGLL,3724.55122,N,12159.39239,W,115705.86,A,A*63
$GNGNS,115705.86,3724.55122,N,12159.39239,W,A,08,1.1,-24.0,-31.6,,,U*4E
$GNGSA,A,3,,,,,,,,,,,,,1.8,1.1,1.4,1*3D
$GNGSA,A,3,,,,,,,,,,,,,1.8,1.1,1.4,3*3F
$GNGSA,A,3,11,27,29,30,36,39,40,41,,,,,1.8,1.1,1.4,4*3B
$GPGSV,1,1,00,,,,,,,,,,,,,,,,,8*6D
$GAGSV,1,1,00,,,,,,,,,,,,,,,,,1*75
$GAGSV,1,1,00,,,,,,,,,,,,,,,,,2*76
$GAGSV,1,1,00,,,,,,,,,,,,,,,,,3*77
$GBGSV,3,1,11,11,51,253,46,26,36,050,,27,36,050,46,28,28,248,,5*7F
$GBGSV,3,2,11,29,28,248,46,30,76,298,47,35,63,284,,36,63,283,50,5*7D
$GBGSV,3,3,11,39,19,317,43,40,48,168,47,41,03,076,39,,,,,5*4B
$GNGGA,115706.86,3724.55108,N,12159.39229,W,1,08,1.1,-25.2,M,-31.6,M,,*55
$GNRMC,115706.86,A,3724.55108,N,12159.39229,W,2.4,47.0,160726,,,A,U*16
$GNGLL,3724.55108,N,12159.39229,W,115706.86,A,A*69
$GNGNS,115706.86,3724.55108,N,12159.39229,W,A,08,1.1,-25.2,-31.6,,,U*47
$GNGSA,A,3,,,,,,,,,,,,,1.8,1.1,1.4,1*3D
$GNGSA,A,3,,,,,,,,,,,,,1.8,1.1,1.4,3*3F
$GNGSA,A,3,11,27,29,30,36,39,40,41,,,,,1.8,1.1,1.4,4*3B
$GPGSV,1,1,00,,,,,,,,,,,,,,,,,8*6D
$GAGSV,1,1,00,,,,,,,,,,,,,,,,,1*75
$GAGSV,1,1,00,,,,,,,,,,,,,,,,,2*76
$GAGSV,1,1,00,,,,,,,,,,,,,,,,,3*77
$GBGSV,3,1,11,11,51,253,46,26,36,050,,27,36,050,46,28,28,248,,5*7F
$GBGSV,3,2,11,29,28,248,46,30,76,298,47,35,63,284,,36,63,283,50,5*7D
$GBGSV,3,3,11,39,19,317,43,40,48,168,47,41,03,076,39,,,,,5*4B
$GNGGA,115707.86,3724.55096,N,12159.39225,W,1,08,1.1,-26.3,M,-31.6,M,,*5C
$GNRMC,115707.86,A,3724.55096,N,12159.39225,W,2.4,46.9,160726,,,A,U*15
$GNGLL,3724.55096,N,12159.39225,W,115707.86,A,A*62
$GNGNS,115707.86,3724.55096,N,12159.39225,W,A,08,1.1,-26.3,-31.6,,,U*4E
$GNGSA,A,3,,,,,,,,,,,,,1.8,1.1,1.4,1*3D
$GNGSA,A,3,,,,,,,,,,,,,1.8,1.1,1.4,3*3F
$GNGSA,A,3,11,27,29,30,36,39,40,41,,,,,1.8,1.1,1.4,4*3B
$GPGSV,1,1,00,,,,,,,,,,,,,,,,,8*6D
$GAGSV,1,1,00,,,,,,,,,,,,,,,,,1*75
$GAGSV,1,1,00,,,,,,,,,,,,,,,,,2*76
$GAGSV,1,1,00,,,,,,,,,,,,,,,,,3*77
$GBGSV,3,1,11,11,51,253,46,26,36,050,,27,36,050,46,28,28,248,,5*7F
$GBGSV,3,2,11,29,28,248,46,30,76,298,47,35,63,284,,36,63,283,50,5*7D
$GBGSV,3,3,11,39,19,317,43,40,48,168,47,41,03,076,39,,,,,5*4B
$GNGGA,115708.86,3724.55088,N,12159.39220,W,1,08,1.1,-27.2,M,-31.6,M,,*59
$GNRMC,115708.86,A,3724.55088,N,12159.39220,W,2.4,46.9,160726,,,A,U*10
$GNGLL,3724.55088,N,12159.39220,W,115708.86,A,A*67
$GNGNS,115708.86,3724.55088,N,12159.39220,W,A,08,1.1,-27.2,-31.6,,,U*4B
$GNGSA,A,3,,,,,,,,,,,,,1.8,1.1,1.4,1*3D
$GNGSA,A,3,,,,,,,,,,,,,1.8,1.1,1.4,3*3F
$GNGSA,A,3,11,27,29,30,36,39,40,41,,,,,1.8,1.1,1.4,4*3B
$GPGSV,1,1,00,,,,,,,,,,,,,,,,,8*6D
$GAGSV,1,1,00,,,,,,,,,,,,,,,,,1*75
$GAGSV,1,1,00,,,,,,,,,,,,,,,,,2*76
$GAGSV,1,1,00,,,,,,,,,,,,,,,,,3*77
$GBGSV,3,1,11,11,51,253,46,26,36,050,,27,36,050,46,28,28,248,,5*7F
$GBGSV,3,2,11,29,28,248,46,30,76,298,47,35,63,283,,36,63,283,50,5*7A
$GBGSV,3,3,11,39,19,317,43,40,48,168,48,41,03,076,39,,,,,5*44
$GNGGA,115709.86,3724.55079,N,12159.39213,W,1,08,1.1,-28.1,M,-31.6,M,,*5A
$GNRMC,115709.86,A,3724.55079,N,12159.39213,W,2.4,46.9,160726,,,A,U*1F
$GNGLL,3724.55079,N,12159.39213,W,115709.86,A,A*68
$GNGNS,115709.86,3724.55079,N,12159.39213,W,A,08,1.1,-28.1,-31.6,,,U*48
$GNGSA,A,3,,,,,,,,,,,,,1.8,1.1,1.4,1*3D
$GNGSA,A,3,,,,,,,,,,,,,1.8,1.1,1.4,3*3F
$GNGSA,A,3,11,27,29,30,36,39,40,41,,,,,1.8,1.1,1.4,4*3B
$GPGSV,1,1,00,,,,,,,,,,,,,,,,,8*6D
$GAGSV,1,1,00,,,,,,,,,,,,,,,,,1*75
$GAGSV,1,1,00,,,,,,,,,,,,,,,,,2*76
$GAGSV,1,1,00,,,,,,,,,,,,,,,,,3*77
$GBGSV,3,1,11,11,51,253,46,26,36,050,,27,36,050,46,28,28,248,,5*7F
$GBGSV,3,2,11,29,28,248,46,30,76,298,47,35,63,283,,36,63,283,50,5*7A
$GBGSV,3,3,11,39,19,317,43,40,48,168,47,41,03,076,39,,,,,5*4B
$GNGGA,115710.86,3724.55067,N,12159.39211,W,1,08,1.1,-28.9,M,-31.6,M,,*57
$GNRMC,115710.86,A,3724.55067,N,12159.39211,W,2.4,46.9,160726,,,A,U*1A
$GNGLL,3724.55067,N,12159.39211,W,115710.86,A,A*6D
$GNGNS,115710.86,3724.55067,N,12159.39211,W,A,08,1.1,-28.9,-31.6,,,U*45
$GNGSA,A,3,,,,,,,,,,,,,1.8,1.1,1.4,1*3D
$GNGSA,A,3,,,,,,,,,,,,,1.8,1.1,1.4,3*3F
$GNGSA,A,3,11,27,29,30,36,39,40,41,,,,,1.8,1.1,1.4,4*3B
$GPGSV,1,1,00,,,,,,,,,,,,,,,,,8*6D
$GAGSV,1,1,00,,,,,,,,,,,,,,,,,1*75
$GAGSV,1,1,00,,,,,,,,,,,,,,,,,2*76
$GAGSV,1,1,00,,,,,,,,,,,,,,,,,3*77
$GBGSV,3,1,11,11,51,253,46,26,36,050,,27,36,050,46,28,28,248,,5*7F
$GBGSV,3,2,11,29,28,248,46,30,76,298,47,35,63,283,,36,63,283,50,5*7A
$GBGSV,3,3,11,39,19,317,43,40,48,168,47,41,03,076,39,,,,,5*4B
$GNGGA,115711.86,3724.55316,N,12159.39503,W,1,08,1.1,5.6,M,-31.6,M,,*4A
$GNRMC,115711.86,A,3724.55316,N,12159.39503,W,0.0,46.9,160726,,,A,U*1C
$GNGLL,3724.55316,N,12159.39503,W,115711.86,A,A*6D
$GNGNS,115711.86,3724.55316,N,12159.39503,W,A,08,1.1,5.6,-31.6,,,U*58
$GNGSA,A,3,,,,,,,,,,,,,1.8,1.1,1.4,1*3D
$GNGSA,A,3,,,,,,,,,,,,,1.8,1.1,1.4,3*3F
$GNGSA,A,3,11,27,29,30,36,39,40,41,,,,,1.8,1.1,1.4,4*3B
$GPGSV,1,1,00,,,,,,,,,,,,,,,,,8*6D
$GAGSV,1,1,00,,,,,,,,,,,,,,,,,1*75
$GAGSV,1,1,00,,,,,,,,,,,,,,,,,2*76
$GAGSV,1,1,00,,,,,,,,,,,,,,,,,3*77
$GBGSV,3,1,11,11,51,253,46,26,36,050,,27,36,050,46,28,28,248,,5*7F
$GBGSV,3,2,11,29,28,248,46,30,76,298,47,35,63,283,,36,63,283,50,5*7A
$GBGSV,3,3,11,39,19,317,43,40,48,168,48,41,03,076,39,,,,,5*44
$GNGGA,115712.86,3724.55295,N,12159.39487,W,1,08,1.1,5.9,M,-31.6,M,,*41
$GNRMC,115712.86,A,3724.55295,N,12159.39487,W,0.0,46.9,160726,,,A,U*18
$GNGLL,3724.55295,N,12159.39487,W,115712.86,A,A*69
$GNGNS,115712.86,3724.55295,N,12159.39487,W,A,08,1.1,5.9,-31.6,,,U*53
$GNGSA,A,3,,,,,,,,,,,,,1.8,1.1,1.4,1*3D
$GNGSA,A,3,,,,,,,,,,,,,1.8,1.1,1.4,3*3F
$GNGSA,A,3,11,27,29,30,36,39,40,41,,,,,1.8,1.1,1.4,4*3B
$GPGSV,1,1,00,,,,,,,,,,,,,,,,,8*6D
$GAGSV,1,1,00,,,,,,,,,,,,,,,,,1*75
$GAGSV,1,1,00,,,,,,,,,,,,,,,,,2*76
$GAGSV,1,1,00,,,,,,,,,,,,,,,,,3*77
$GBGSV,3,1,11,11,51,253,46,26,36,050,,27,36,050,46,28,28,248,,5*7F
$GBGSV,3,2,11,29,28,248,46,30,76,299,47,35,63,283,,36,63,283,50,5*7B
$GBGSV,3,3,11,39,19,317,43,40,48,168,47,41,03,076,39,,,,,5*4B
$GNGGA,115713.86,3724.55314,N,12159.39493,W,1,08,1.1,5.7,M,-31.6,M,,*43
$GNRMC,115713.86,A,3724.55314,N,12159.39493,W,0.1,46.9,160726,,,A,U*15
$GNGLL,3724.55314,N,12159.39493,W,115713.86,A,A*65
$GNGNS,115713.86,3724.55314,N,12159.39493,W,A,08,1.1,5.7,-31.6,,,U*51
$GNGSA,A,3,,,,,,,,,,,,,1.8,1.1,1.4,1*3D
$GNGSA,A,3,,,,,,,,,,,,,1.8,1.1,1.4,3*3F
$GNGSA,A,3,11,27,29,30,36,39,40,41,,,,,1.8,1.1,1.4,4*3B
$GPGSV,1,1,00,,,,,,,,,,,,,,,,,8*6D
$GAGSV,1,1,00,,,,,,,,,,,,,,,,,1*75
$GAGSV,1,1,00,,,,,,,,,,,,,,,,,2*76
$GAGSV,1,1,00,,,,,,,,,,,,,,,,,3*77
$GBGSV,3,1,11,11,51,253,46,26,36,050,,27,36,050,46,28,28,248,,5*7F
$GBGSV,3,2,11,29,28,248,46,30,76,299,47,35,63,283,,36,63,283,50,5*7B
$GBGSV,3,3,11,39,19,317,43,40,48,168,47,41,03,076,39,,,,,5*4B
$GNGGA,115714.86,3724.55309,N,12159.39489,W,1,08,1.1,5.6,M,-31.6,M,,*42
$GNRMC,115714.86,A,3724.55309,N,12159.39489,W,0.0,46.9,160726,,,A,U*14
$GNGLL,3724.55309,N,12159.39489,W,115714.86,A,A*65
$GNGNS,115714.86,3724.55309,N,12159.39489,W,A,08,1.1,5.6,-31.6,,,U*50
$GNGSA,A,3,,,,,,,,,,,,,1.8,1.1,1.4,1*3D
$GNGSA,A,3,,,,,,,,,,,,,1.8,1.1,1.4,3*3F
$GNGSA,A,3,11,27,29,30,36,39,40,41,,,,,1.8,1.1,1.4,4*3B
$GPGSV,1,1,00,,,,,,,,,,,,,,,,,8*6D
$GAGSV,1,1,00,,,,,,,,,,,,,,,,,1*75
$GAGSV,1,1,00,,,,,,,,,,,,,,,,,2*76
$GAGSV,1,1,00,,,,,,,,,,,,,,,,,3*77
$GBGSV,3,1,11,11,51,253,46,26,36,050,,27,36,050,46,28,28,248,,5*7F
$GBGSV,3,2,11,29,28,248,46,30,76,299,47,35,63,283,,36,63,283,50,5*7B
$GBGSV,3,3,11,39,19,317,43,40,48,168,47,41,03,076,39,,,,,5*4B
$GNGGA,115715.86,3724.55313,N,12159.39490,W,1,08,1.1,5.7,M,-31.6,M,,*41
$GNRMC,115715.86,A,3724.55313,N,12159.39490,W,0.0,46.9,160726,,,A,U*16
$GNGLL,3724.55313,N,12159.39490,W,115715.86,A,A*67
$GNGNS,115715.86,3724.55313,N,12159.39490,W,A,08,1.1,5.7,-31.6,,,U*53
$GNGSA,A,3,,,,,,,,,,,,,1.8,1.1,1.4,1*3D
$GNGSA,A,3,,,,,,,,,,,,,1.8,1.1,1.4,3*3F
$GNGSA,A,3,11,27,29,30,36,39,40,41,,,,,1.8,1.1,1.4,4*3B
$GPGSV,1,1,00,,,,,,,,,,,,,,,,,8*6D
$GAGSV,1,1,00,,,,,,,,,,,,,,,,,1*75
$GAGSV,1,1,00,,,,,,,,,,,,,,,,,2*76
$GAGSV,1,1,00,,,,,,,,,,,,,,,,,3*77
$GBGSV,3,1,11,11,51,253,46,26,36,050,,27,36,050,46,28,28,248,,5*7F
$GBGSV,3,2,11,29,28,248,46,30,76,299,47,35,63,283,,36,63,283,50,5*7B
$GBGSV,3,3,11,39,19,317,43,40,48,168,47,41,03,076,39,,,,,5*4B
$GNGGA,115716.86,3724.55312,N,12159.39490,W,1,08,1.1,5.6,M,-31.6,M,,*42
$GNRMC,115716.86,A,3724.55312,N,12159.39490,W,0.1,46.9,160726,,,A,U*15
$GNGLL,3724.55312,N,12159.39490,W,115716.86,A,A*65
$GNGNS,115716.86,3724.55312,N,12159.39490,W,A,08,1.1,5.6,-31.6,,,U*50
$GNGSA,A,3,,,,,,,,,,,,,1.8,1.1,1.4,1*3D
$GNGSA,A,3,,,,,,,,,,,,,1.8,1.1,1.4,3*3F
$GNGSA,A,3,11,27,29,30,36,39,40,41,,,,,1.8,1.1,1.4,4*3B
$GPGSV,1,1,00,,,,,,,,,,,,,,,,,8*6D
$GAGSV,1,1,00,,,,,,,,,,,,,,,,,1*75
$GAGSV,1,1,00,,,,,,,,,,,,,,,,,2*76
$GAGSV,1,1,00,,,,,,,,,,,,,,,,,3*77
$GBGSV,3,1,11,11,51,253,46,26,36,050,,27,36,050,46,28,28,248,,5*7F
$GBGSV,3,2,11,29,28,248,46,30,76,299,47,35,63,283,,36,63,283,50,5*7B
$GBGSV,3,3,11,39,19,317,43,40,48,168,48,41,03,076,38,,,,,5*45
$GNGGA,115717.86,3724.55310,N,12159.39491,W,1,08,1.1,5.4,M,-31.6,M,,*42
$GNRMC,115717.86,A,3724.55310,N,12159.39491,W,0.1,46.9,160726,,,A,U*17
$GNGLL,3724.55310,N,12159.39491,W,115717.86,A,A*67
$GNGNS,115717.86,3724.55310,N,12159.39491,W,A,08,1.1,5.4,-31.6,,,U*50
$GNGSA,A,3,,,,,,,,,,,,,1.8,1.1,1.4,1*3D
$GNGSA,A,3,,,,,,,,,,,,,1.8,1.1,1.4,3*3F
$GNGSA,A,3,11,27,29,30,36,39,40,41,,,,,1.8,1.1,1.4,4*3B
$GPGSV,1,1,00,,,,,,,,,,,,,,,,,8*6D
$GAGSV,1,1,00,,,,,,,,,,,,,,,,,1*75
$GAGSV,1,1,00,,,,,,,,,,,,,,,,,2*76
$GAGSV,1,1,00,,,,,,,,,,,,,,,,,3*77
$GBGSV,3,1,11,11,51,253,46,26,36,050,,27,36,050,47,28,28,248,,5*7E
$GBGSV,3,2,11,29,28,248,46,30,76,299,47,35,63,283,,36,63,283,50,5*7B
$GBGSV,3,3,11,39,19,317,43,40,48,168,47,41,03,076,38,,,,,5*4A
$GNGGA,115718.86,3724.55311,N,12159.39486,W,1,08,1.1,5.2,M,-31.6,M,,*4C
$GNRMC,115718.86,A,3724.55311,N,12159.39486,W,0.1,46.9,160726,,,A,U*1F
$GNGLL,3724.55311,N,12159.39486,W,115718.86,A,A*6F
$GNGNS,115718.86,3724.55311,N,12159.39486,W,A,08,1.1,5.2,-31.6,,,U*5E
$GNGSA,A,3,,,,,,,,,,,,,1.8,1.1,1.4,1*3D
$GNGSA,A,3,,,,,,,,,,,,,1.8,1.1,1.4,3*3F
$GNGSA,A,3,11,27,29,30,36,39,40,41,,,,,1.8,1.1,1.4,4*3B
$GPGSV,1,1,00,,,,,,,,,,,,,,,,,8*6D
$GAGSV,1,1,00,,,,,,,,,,,,,,,,,1*75
$GAGSV,1,1,00,,,,,,,,,,,,,,,,,2*76
$GAGSV,1,1,00,,,,,,,,,,,,,,,,,3*77
$GBGSV,3,1,11,11,51,253,46,26,36,050,,27,36,050,46,28,28,248,,5*7F
$GBGSV,3,2,11,29,28,248,46,30,76,299,47,35,63,283,,36,63,283,50,5*7B
$GBGSV,3,3,11,39,19,317,43,40,48,168,47,41,03,076,38,,,,,5*4A
$GNGGA,115719.86,3724.55307,N,12159.39484,W,1,08,1.1,4.8,M,-31.6,M,,*43
$GNRMC,115719.86,A,3724.55307,N,12159.39484,W,0.2,55.6,160726,,,A,U*15
$GNGLL,3724.55307,N,12159.39484,W,115719.86,A,A*6B
$GNGNS,115719.86,3724.55307,N,12159.39484,W,A,08,1.1,4.8,-31.6,,,U*51
$GNGSA,A,3,,,,,,,,,,,,,1.8,1.1,1.4,1*3D
$GNGSA,A,3,,,,,,,,,,,,,1.8,1.1,1.4,3*3F
$GNGSA,A,3,11,27,29,30,36,39,40,41,,,,,1.8,1.1,1.4,4*3B
$GPGSV,1,1,00,,,,,,,,,,,,,,,,,8*6D
$GAGSV,1,1,00,,,,,,,,,,,,,,,,,1*75
$GAGSV,1,1,00,,,,,,,,,,,,,,,,,2*76
$GAGSV,1,1,00,,,,,,,,,,,,,,,,,3*77
$GBGSV,3,1,11,11,51,253,46,26,36,050,,27,36,050,46,28,28,248,,5*7F
$GBGSV,3,2,11,29,28,248,46,30,76,299,47,35,63,283,,36,63,283,50,5*7B
$GBGSV,3,3,11,39,19,317,43,40,48,168,48,41,03,076,38,,,,,5*45
$GNGGA,115720.86,3724.55301,N,12159.39481,W,1,08,1.1,4.5,M,-31.6,M,,*47
$GNRMC,115720.86,A,3724.55301,N,12159.39481,W,0.3,53.5,160726,,,A,U*18
$GNGLL,3724.55301,N,12159.39481,W,115720.86,A,A*62
$GNGNS,115720.86,3724.55301,N,12159.39481,W,A,08,1.1,4.5,-31.6,,,U*55
$GNGSA,A,3,,,,,,,,,,,,,1.8,1.1,1.4,1*3D
$GNGSA,A,3,,,,,,,,,,,,,1.8,1.1,1.4,3*3F
$GNGSA,A,3,11,27,29,30,36,39,40,41,,,,,1.8,1.1,1.4,4*3B
$GPGSV,1,1,00,,,,,,,,,,,,,,,,,8*6D
$GAGSV,1,1,00,,,,,,,,,,,,,,,,,1*75
$GAGSV,1,1,00,,,,,,,,,,,,,,,,,2*76
$GAGSV,1,1,00,,,,,,,,,,,,,,,,,3*77
$GBGSV,3,1,11,11,51,253,46,26,36,050,,27,36,050,47,28,28,248,,5*7E
$GBGSV,3,2,11,29,28,248,46,30,76,299,47,35,63,283,,36,63,283,50,5*7B
$GBGSV,3,3,11,39,19,317,43,40,48,168,47,41,03,076,38,,,,,5*4A
$GNGGA,115721.86,3724.55302,N,12159.39475,W,1,08,1.1,4.1,M,-31.6,M,,*4A
$GNRMC,115721.86,A,3724.55302,N,12159.39475,W,0.3,52.3,160726,,,A,U*16
$GNGLL,3724.55302,N,12159.39475,W,115721.86,A,A*6B
$GNGNS,115721.86,3724.55302,N,12159.39475,W,A,08,1.1,4.1,-31.6,,,U*58
$GNGSA,A,3,,,,,,,,,,,,,1.8,1.1,1.4,1*3D
$GNGSA,A,3,,,,,,,,,,,,,1.8,1.1,1.4,3*3F
$GNGSA,A,3,11,27,29,30,36,39,40,41,,,,,1.8,1.1,1.4,4*3B
$GPGSV,1,1,00,,,,,,,,,,,,,,,,,8*6D
$GAGSV,1,1,00,,,,,,,,,,,,,,,,,1*75
$GAGSV,1,1,00,,,,,,,,,,,,,,,,,2*76
$GAGSV,1,1,00,,,,,,,,,,,,,,,,,3*77
$GBGSV,3,1,11,11,51,253,46,26,36,050,,27,36,050,46,28,28,248,,5*7F
$GBGSV,3,2,11,29,28,248,46,30,76,299,47,35,63,283,,36,63,283,50,5*7B
$GBGSV,3,3,11,39,19,317,43,40,48,168,48,41,03,076,37,,,,,5*4A
$GNGGA,115722.86,3724.55301,N,12159.39470,W,1,08,1.1,3.5,M,-31.6,M,,*4C
$GNRMC,115722.86,A,3724.55301,N,12159.39470,W,0.4,51.2,160726,,,A,U*16
$GNGLL,3724.55301,N,12159.39470,W,115722.86,A,A*6E
$GNGNS,115722.86,3724.55301,N,12159.39470,W,A,08,1.1,3.5,-31.6,,,U*5E
$GNGSA,A,3,,,,,,,,,,,,,1.8,1.1,1.4,1*3D
$GNGSA,A,3,,,,,,,,,,,,,1.8,1.1,1.4,3*3F
$GNGSA,A,3,11,27,29,30,36,39,40,41,,,,,1.8,1.1,1.4,4*3B
$GPGSV,1,1,00,,,,,,,,,,,,,,,,,8*6D
$GAGSV,1,1,00,,,,,,,,,,,,,,,,,1*75
$GAGSV,1,1,00,,,,,,,,,,,,,,,,,2*76
$GAGSV,1,1,00,,,,,,,,,,,,,,,,,3*77
$GBGSV,3,1,11,11,51,253,46,26,36,050,,27,36,050,47,28,28,248,,5*7E
$GBGSV,3,2,11,29,28,248,46,30,76,299,47,35,63,283,,36,63,283,50,5*7B
$GBGSV,3,3,11,39,19,317,43,40,48,168,47,41,03,076,37,,,,,5*45
$GNGGA,115723.86,3724.55299,N,12159.39461,W,1,08,1.1,2.8,M,-31.6,M,,*41
$GNRMC,115723.86,A,3724.55299,N,12159.39461,W,0.5,50.5,160726,,,A,U*10
$GNGLL,3724.55299,N,12159.39461,W,115723.86,A,A*6F
$GNGNS,115723.86,3724.55299,N,12159.39461,W,A,08,1.1,2.8,-31.6,,,U*53
$GNGSA,A,3,,,,,,,,,,,,,1.8,1.1,1.4,1*3D
$GNGSA,A,3,,,,,,,,,,,,,1.8,1.1,1.4,3*3F
$GNGSA,A,3,11,27,29,30,36,39,40,41,,,,,1.8,1.1,1.4,4*3B
$GPGSV,1,1,00,,,,,,,,,,,,,,,,,8*6D
$GAGSV,1,1,00,,,,,,,,,,,,,,,,,1*75
$GAGSV,1,1,00,,,,,,,,,,,,,,,,,2*76
$GAGSV,1,1,00,,,,,,,,,,,,,,,,,3*77
$GBGSV,3,1,11,11,51,253,46,26,36,050,,27,36,050,47,28,28,248,,5*7E
$GBGSV,3,2,11,29,28,248,46,30,76,299,47,35,63,283,,36,63,283,50,5*7B
$GBGSV,3,3,11,39,19,317,43,40,48,168,48,41,03,076,38,,,,,5*45
$GNGGA,115724.86,3724.55294,N,12159.39453,W,1,08,1.1,2.1,M,-31.6,M,,*43
$GNRMC,115724.86,A,3724.55294,N,12159.39453,W,0.6,49.9,160726,,,A,U*1C
$GNGLL,3724.55294,N,12159.39453,W,115724.86,A,A*64
$GNGNS,115724.86,3724.55294,N,12159.39453,W,A,08,1.1,2.1,-31.6,,,U*51
$GNGSA,A,3,,,,,,,,,,,,,1.8,1.1,1.4,1*3D
$GNGSA,A,3,,,,,,,,,,,,,1.8,1.1,1.4,3*3F
$GNGSA,A,3,11,27,29,30,36,39,40,41,,,,,1.8,1.1,1.4,4*3B
$GPGSV,1,1,00,,,,,,,,,,,,,,,,,8*6D
$GAGSV,1,1,00,,,,,,,,,,,,,,,,,1*75
$GAGSV,1,1,00,,,,,,,,,,,,,,,,,2*76
$GAGSV,1,1,00,,,,,,,,,,,,,,,,,3*77
$GBGSV,3,1,11,11,51,253,46,26,36,050,,27,36,050,46,28,28,248,,5*7F
$GBGSV,3,2,11,29,28,248,46,30,76,299,47,35,63,283,,36,63,283,50,5*7B
$GBGSV,3,3,11,39,19,317,43,40,48,168,47,41,03,076,37,,,,,5*45
$GNGGA,115725.86,3724.55291,N,12159.39442,W,1,08,1.1,1.3,M,-31.6,M,,*46
$GNRMC,115725.86,A,3724.55291,N,12159.39442,W,0.7,49.7,160726,,,A,U*17
$GNGLL,3724.55291,N,12159.39442,W,115725.86,A,A*60
$GNGNS,115725.86,3724.55291,N,12159.39442,W,A,08,1.1,1.3,-31.6,,,U*54
$GNGSA,A,3,,,,,,,,,,,,,1.8,1.1,1.4,1*3D
$GNGSA,A,3,,,,,,,,,,,,,1.8,1.1,1.4,3*3F
$GNGSA,A,3,11,27,29,30,36,39,40,41,,,,,1.8,1.1,1.4,4*3B
$GPGSV,1,1,00,,,,,,,,,,,,,,,,,8*6D
$GAGSV,1,1,00,,,,,,,,,,,,,,,,,1*75
$GAGSV,1,1,00,,,,,,,,,,,,,,,,,2*76
$GAGSV,1,1,00,,,,,,,,,,,,,,,,,3*77
$GBGSV,3,1,11,11,51,253,46,26,36,050,,27,36,050,47,28,28,248,,5*7E
$GBGSV,3,2,11,29,28,248,46,30,76,299,47,35,63,283,,36,63,283,50,5*7B
$GBGSV,3,3,11,39,19,317,43,40,48,168,47,41,03,076,37,,,,,5*45
$GNGGA,115726.86,3724.55289,N,12159.39431,W,1,08,1.1,0.5,M,-31.6,M,,*4F
$GNRMC,115726.86,A,3724.55289,N,12159.39431,W,0.8,49.3,160726,,,A,U*12
$GNGLL,3724.55289,N,12159.39431,W,115726.86,A,A*6E
$GNGNS,115726.86,3724.55289,N,12159.39431,W,A,08,1.1,0.5,-31.6,,,U*5D
$GNGSA,A,3,,,,,,,,,,,,,1.8,1.1,1.4,1*3D
$GNGSA,A,3,,,,,,,,,,,,,1.8,1.1,1.4,3*3F
$GNGSA,A,3,11,27,29,30,36,39,40,41,,,,,1.8,1.1,1.4,4*3B
$GPGSV,1,1,00,,,,,,,,,,,,,,,,,8*6D
$GAGSV,1,1,00,,,,,,,,,,,,,,,,,1*75
$GAGSV,1,1,00,,,,,,,,,,,,,,,,,2*76
$GAGSV,1,1,00,,,,,,,,,,,,,,,,,3*77
$GBGSV,3,1,11,11,51,253,46,26,36,050,,27,36,050,46,28,28,248,,5*7F
$GBGSV,3,2,11,29,28,248,46,30,76,299,47,35,63,283,,36,63,283,50,5*7B
$GBGSV,3,3,11,39,19,317,43,40,48,168,47,41,03,076,37,,,,,5*45
$GNGGA,115727.86,3724.55286,N,12159.39419,W,1,08,1.1,-0.5,M,-31.6,M,,*66
$GNRMC,115727.86,A,3724.55286,N,12159.39419,W,0.9,49.0,160726,,,A,U*14
$GNGLL,3724.55286,N,12159.39419,W,115727.86,A,A*6A
$GNGNS,115727.86,3724.55286,N,12159.39419,W,A,08,1.1,-0.5,-31.6,,,U*74
$GNGSA,A,3,,,,,,,,,,,,,1.8,1.1,1.4,1*3D
$GNGSA,A,3,,,,,,,,,,,,,1.8,1.1,1.4,3*3F
$GNGSA,A,3,11,27,29,30,36,39,40,41,,,,,1.8,1.1,1.4,4*3B
$GPGSV,1,1,00,,,,,,,,,,,,,,,,,8*6D
$GAGSV,1,1,00,,,,,,,,,,,,,,,,,1*75
$GAGSV,1,1,00,,,,,,,,,,,,,,,,,2*76
$GAGSV,1,1,00,,,,,,,,,,,,,,,,,3*77
$GBGSV,3,1,11,11,51,253,46,26,36,050,,27,36,050,47,28,28,248,,5*7E
$GBGSV,3,2,11,29,28,248,46,30,76,299,47,35,63,283,,36,63,283,50,5*7B
$GBGSV,3,3,11,39,19,317,42,40,48,168,47,41,03,076,37,,,,,5*44
$GNGGA,115728.86,3724.55280,N,12159.39405,W,1,08,1.1,-1.6,M,-31.6,M,,*60
$GNRMC,115728.86,A,3724.55280,N,12159.39405,W,1.1,48.8,160726,,,A,U*10
$GNGLL,3724.55280,N,12159.39405,W,115728.86,A,A*6E
$GNGNS,115728.86,3724.55280,N,12159.39405,W,A,08,1.1,-1.6,-31.6,,,U*72
$GNGSA,A,3,,,,,,,,,,,,,1.8,1.1,1.4,1*3D
$GNGSA,A,3,,,,,,,,,,,,,1.8,1.1,1.4,3*3F
$GNGSA,A,3,11,27,29,30,36,39,40,41,,,,,1.8,1.1,1.4,4*3B
$GPGSV,1,1,00,,,,,,,,,,,,,,,,,8*6D
$GAGSV,1,1,00,,,,,,,,,,,,,,,,,1*75
$GAGSV,1,1,00,,,,,,,,,,,,,,,,,2*76
$GAGSV,1,1,00,,,,,,,,,,,,,,,,,3*77
$GBGSV,3,1,11,11,51,253,46,26,36,050,,27,36,050,46,28,28,248,,5*7F
$GBGSV,3,2,11,29,28,248,46,30,76,299,47,35,63,283,,36,63,283,50,5*7B
$GBGSV,3,3,11,39,19,317,43,40,48,168,48,41,03,076,37,,,,,5*4A
$GNGGA,115729.86,3724.55272,N,12159.39391,W,1,08,1.1,-2.7,M,-31.6,M,,*64
$GNRMC,115729.86,A,3724.55272,N,12159.39391,W,1.1,48.5,160726,,,A,U*1B
$GNGLL,3724.55272,N,12159.39391,W,115729.86,A,A*68
$GNGNS,115729.86,3724.55272,N,12159.39391,W,A,08,1.1,-2.7,-31.6,,,U*76
$GNGSA,A,3,,,,,,,,,,,,,1.8,1.1,1.4,1*3D
$GNGSA,A,3,,,,,,,,,,,,,1.8,1.1,1.4,3*3F
$GNGSA,A,3,11,27,29,30,36,39,40,41,,,,,1.8,1.1,1.4,4*3B
$GPGSV,1,1,00,,,,,,,,,,,,,,,,,8*6D
$GAGSV,1,1,00,,,,,,,,,,,,,,,,,1*75
$GAGSV,1,1,00,,,,,,,,,,,,,,,,,2*76
$GAGSV,1,1,00,,,,,,,,,,,,,,,,,3*77
$GBGSV,3,1,11,11,51,253,46,26,36,050,,27,36,050,47,28,28,248,,5*7E
$GBGSV,3,2,11,29,28,248,46,30,76,299,47,35,63,283,,36,63,283,50,5*7B
$GBGSV,3,3,11,39,19,317,42,40,48,168,48,41,03,076,37,,,,,5*4B
$GNGGA,115730.86,3724.55265,N,12159.39379,W,1,08,1.1,-3.8,M,-31.6,M,,*62
$GNRMC,115730.86,A,3724.55265,N,12159.39379,W,1.3,48.3,160726,,,A,U*17
$GNGLL,3724.55265,N,12159.39379,W,115730.86,A,A*60
$GNGNS,115730.86,3724.55265,N,12159.39379,W,A,08,1.1,-3.8,-31.6,,,U*70
$GNGSA,A,3,,,,,,,,,,,,,1.8,1.1,1.4,1*3D
$GNGSA,A,3,,,,,,,,,,,,,1.8,1.1,1.4,3*3F
$GNGSA,A,3,11,27,29,30,36,39,40,41,,,,,1.8,1.1,1.4,4*3B
$GPGSV,1,1,00,,,,,,,,,,,,,,,,,8*6D
$GAGSV,1,1,00,,,,,,,,,,,,,,,,,1*75
$GAGSV,1,1,00,,,,,,,,,,,,,,,,,2*76
$GAGSV,1,1,00,,,,,,,,,,,,,,,,,3*77
$GBGSV,3,1,11,11,51,253,46,26,36,050,,27,36,050,47,28,28,248,,5*7E
$GBGSV,3,2,11,29,28,248,46,30,76,299,47,35,63,283,,36,63,283,50,5*7B
$GBGSV,3,3,11,39,19,317,42,40,48,168,47,41,03,076,37,,,,,5*44
$GNGGA,115731.86,3724.55256,N,12159.39375,W,1,08,1.1,-5.1,M,-31.6,M,,*60
$GNRMC,115731.86,A,3724.55256,N,12159.39375,W,1.3,48.2,160726,,,A,U*1B
$GNGLL,3724.55256,N,12159.39375,W,115731.86,A,A*6D
$GNGNS,115731.86,3724.55256,N,12159.39375,W,A,08,1.1,-5.1,-31.6,,,U*72
$GNGSA,A,3,,,,,,,,,,,,,1.8,1.1,1.4,1*3D
$GNGSA,A,3,,,,,,,,,,,,,1.8,1.1,1.4,3*3F
$GNGSA,A,3,11,27,29,30,36,39,40,41,,,,,1.8,1.1,1.4,4*3B
$GPGSV,1,1,00,,,,,,,,,,,,,,,,,8*6D
$GAGSV,1,1,00,,,,,,,,,,,,,,,,,1*75
$GAGSV,1,1,00,,,,,,,,,,,,,,,,,2*76
$GAGSV,1,1,00,,,,,,,,,,,,,,,,,3*77
$GBGSV,3,1,12,11,51,253,46,26,36,050,,27,36,050,46,28,28,248,,5*7C
$GBGSV,3,2,12,29,28,248,46,30,76,299,47,35,63,283,,36,63,283,50,5*78
$GBGSV,3,3,12,38,19,317,,39,19,317,43,40,48,168,47,41,03,076,37,5*70
$GNGGA,115732.86,3724.55247,N,12159.39375,W,1,08,1.1,-6.5,M,-31.6,M,,*64
$GNRMC,115732.86,A,3724.55247,N,12159.39375,W,1.4,48.0,160726,,,A,U*1D
$GNGLL,3724.55247,N,12159.39375,W,115732.86,A,A*6E
$GNGNS,115732.86,3724.55247,N,12159.39375,W,A,08,1.1,-6.5,-31.6,,,U*76
$GNGSA,A,3,,,,,,,,,,,,,1.8,1.1,1.4,1*3D
$GNGSA,A,3,,,,,,,,,,,,,1.8,1.1,1.4,3*3F
$GNGSA,A,3,11,27,29,30,36,39,40,41,,,,,1.8,1.1,1.4,4*3B
$GPGSV,1,1,00,,,,,,,,,,,,,,,,,8*6D
$GAGSV,1,1,00,,,,,,,,,,,,,,,,,1*75
$GAGSV,1,1,00,,,,,,,,,,,,,,,,,2*76
$GAGSV,1,1,00,,,,,,,,,,,,,,,,,3*77
$GBGSV,3,1,12,11,51,253,46,26,36,050,,27,36,050,47,28,28,248,,5*7D
$GBGSV,3,2,12,29,28,248,46,30,76,299,47,35,63,283,,36,63,283,50,5*78
$GBGSV,3,3,12,38,19,317,,39,19,317,43,40,48,168,47,41,03,076,37,5*70
$GNGGA,115733.86,3724.55238,N,12159.39369,W,1,08,1.1,-7.8,M,-31.6,M,,*6C
$GNRMC,115733.86,A,3724.55238,N,12159.39369,W,1.5,47.8,160726,,,A,U*1F
$GNGLL,3724.55238,N,12159.39369,W,115733.86,A,A*6A
$GNGNS,115733.86,3724.55238,N,12159.39369,W,A,08,1.1,-7.8,-31.6,,,U*7E
$GNGSA,A,3,,,,,,,,,,,,,1.8,1.1,1.4,1*3D
$GNGSA,A,3,,,,,,,,,,,,,1.8,1.1,1.4,3*3F
$GNGSA,A,3,11,27,29,30,36,39,40,41,,,,,1.8,1.1,1.4,4*3B
$GPGSV,1,1,00,,,,,,,,,,,,,,,,,8*6D
$GAGSV,1,1,00,,,,,,,,,,,,,,,,,1*75
$GAGSV,1,1,00,,,,,,,,,,,,,,,,,2*76
$GAGSV,1,1,00,,,,,,,,,,,,,,,,,3*77
$GBGSV,3,1,12,11,51,253,46,26,36,050,,27,36,050,47,28,28,248,,5*7D
$GBGSV,3,2,12,29,28,248,46,30,76,299,47,35,63,283,,36,63,283,50,5*78
$GBGSV,3,3,12,38,19,317,,39,19,317,42,40,48,168,47,41,03,076,37,5*71
$GNGGA,115734.86,3724.55227,N,12159.39363,W,1,08,1.1,-9.1,M,-31.6,M,,*68
$GNRMC,115734.86,A,3724.55227,N,12159.39363,W,1.6,47.6,160726,,,A,U*11
$GNGLL,3724.55227,N,12159.39363,W,115734.86,A,A*69
$GNGNS,115734.86,3724.55227,N,12159.39363,W,A,08,1.1,-9.1,-31.6,,,U*7A
$GNGSA,A,3,,,,,,,,,,,,,1.8,1.1,1.4,1*3D
$GNGSA,A,3,,,,,,,,,,,,,1.8,1.1,1.4,3*3F
$GNGSA,A,3,11,27,29,30,36,39,40,41,,,,,1.8,1.1,1.4,4*3B
$GPGSV,1,1,00,,,,,,,,,,,,,,,,,8*6D
$GAGSV,1,1,00,,,,,,,,,,,,,,,,,1*75
$GAGSV,1,1,00,,,,,,,,,,,,,,,,,2*76
$GAGSV,1,1,00,,,,,,,,,,,,,,,,,3*77
$GBGSV,3,1,12,11,51,253,46,26,36,050,,27,36,050,46,28,28,248,,5*7C
$GBGSV,3,2,12,29,28,248,46,30,76,299,47,35,63,283,,36,63,283,50,5*78
$GBGSV,3,3,12,38,19,317,,39,19,317,42,40,48,168,47,41,03,076,37,5*71
$GNGGA,115735.86,3724.55213,N,12159.39359,W,1,08,1.1,-10.4,M,-31.6,M,,*5A
$GNRMC,115735.86,A,3724.55213,N,12159.39359,W,1.6,47.5,160726,,,A,U*1D
$GNGLL,3724.55213,N,12159.39359,W,115735.86,A,A*66
$GNGNS,115735.86,3724.55213,N,12159.39359,W,A,08,1.1,-10.4,-31.6,,,U*48
$GNGSA,A,3,,,,,,,,,,,,,1.8,1.1,1.4,1*3D
$GNGSA,A,3,,,,,,,,,,,,,1.8,1.1,1.4,3*3F
$GNGSA,A,3,11,27,29,30,36,39,40,41,,,,,1.8,1.1,1.4,4*3B
$GPGSV,1,1,00,,,,,,,,,,,,,,,,,8*6D
$GAGSV,1,1,00,,,,,,,,,,,,,,,,,1*75
$GAGSV,1,1,00,,,,,,,,,,,,,,,,,2*76
$GAGSV,1,1,00,,,,,,,,,,,,,,,,,3*77
$GBGSV,3,1,12,11,51,253,46,26,36,050,,27,36,050,46,28,28,248,,5*7C
$GBGSV,3,2,12,29,28,248,46,30,76,299,47,35,63,283,,36,63,283,50,5*78
$GBGSV,3,3,12,38,19,317,,39,19,317,42,40,48,168,47,41,03,076,37,5*71
$GNGGA,115736.86,3724.55209,N,12159.39354,W,1,08,1.1,-11.6,M,-31.6,M,,*5C
$GNRMC,115736.86,A,3724.55209,N,12159.39354,W,1.7,47.3,160726,,,A,U*1F
$GNGLL,3724.55209,N,12159.39354,W,115736.86,A,A*63
$GNGNS,115736.86,3724.55209,N,12159.39354,W,A,08,1.1,-11.6,-31.6,,,U*4E
$GNGSA,A,3,,,,,,,,,,,,,1.8,1.1,1.4,1*3D
$GNGSA,A,3,,,,,,,,,,,,,1.8,1.1,1.4,3*3F
$GNGSA,A,3,11,27,29,30,36,39,40,41,,,,,1.8,1.1,1.4,4*3B
$GPGSV,1,1,00,,,,,,,,,,,,,,,,,8*6D
$GAGSV,1,1,00,,,,,,,,,,,,,,,,,1*75
$GAGSV,1,1,00,,,,,,,,,,,,,,,,,2*76
$GAGSV,1,1,00,,,,,,,,,,,,,,,,,3*77
$GBGSV,3,1,12,11,51,253,46,26,36,050,,27,36,050,47,28,28,248,,5*7D
$GBGSV,3,2,12,29,28,248,46,30,76,299,46,35,63,283,,36,63,283,50,5*79
$GBGSV,3,3,12,38,19,317,,39,19,317,42,40,48,168,47,41,03,076,37,5*71
$GNGGA,115737.86,3724.55195,N,12159.39350,W,1,08,1.1,-12.7,M,-31.6,M,,*5D
$GNRMC,115737.86,A,3724.55195,N,12159.39350,W,1.7,47.1,160726,,,A,U*1E
$GNGLL,3724.55195,N,12159.39350,W,115737.86,A,A*60
$GNGNS,115737.86,3724.55195,N,12159.39350,W,A,08,1.1,-12.7,-31.6,,,U*4F
$GNGSA,A,3,,,,,,,,,,,,,1.8,1.1,1.4,1*3D
$GNGSA,A,3,,,,,,,,,,,,,1.8,1.1,1.4,3*3F
$GNGSA,A,3,11,27,29,30,36,39,40,41,,,,,1.8,1.1,1.4,4*3B
$GPGSV,1,1,00,,,,,,,,,,,,,,,,,8*6D
$GAGSV,1,1,00,,,,,,,,,,,,,,,,,1*75
$GAGSV,1,1,00,,,,,,,,,,,,,,,,,2*76
$GAGSV,1,1,00,,,,,,,,,,,,,,,,,3*77
$GBGSV,3,1,12,11,51,253,46,26,36,050,,27,36,050,47,28,28,248,,5*7D
$GBGSV,3,2,12,29,28,248,46,30,76,299,47,35,63,283,,36,63,283,50,5*78
$GBGSV,3,3,12,38,19,317,,39,19,317,42,40,48,168,47,41,03,076,37,5*71
$GNGGA,115738.86,3724.55188,N,12159.39349,W,1,08,1.1,-13.9,M,-31.6,M,,*59
$GNRMC,115738.86,A,3724.55188,N,12159.39349,W,1.7,47.0,160726,,,A,U*14
$GNGLL,3724.55188,N,12159.39349,W,115738.86,A,A*6B
$GNGNS,115738.86,3724.55188,N,12159.39349,W,A,08,1.1,-13.9,-31.6,,,U*4B
$GNGSA,A,3,,,,,,,,,,,,,1.8,1.1,1.4,1*3D
$GNGSA,A,3,,,,,,,,,,,,,1.8,1.1,1.4,3*3F
$GNGSA,A,3,11,27,29,30,36,39,40,41,,,,,1.8,1.1,1.4,4*3B
$GPGSV,1,1,00,,,,,,,,,,,,,,,,,8*6D
$GAGSV,1,1,00,,,,,,,,,,,,,,,,,1*75
$GAGSV,1,1,00,,,,,,,,,,,,,,,,,2*76
$GAGSV,1,1,00,,,,,,,,,,,,,,,,,3*77
$GBGSV,3,1,12,11,51,253,46,26,36,050,,27,36,050,46,28,28,248,,5*7C
$GBGSV,3,2,12,29,28,248,46,30,76,299,47,35,63,283,,36,63,283,50,5*78
$GBGSV,3,3,12,38,19,317,,39,19,317,42,40,47,168,47,41,03,076,37,5*7E
$GNGGA,115739.86,3724.55178,N,12159.39341,W,1,08,1.1,-14.9,M,-31.6,M,,*58
$GNRMC,115739.86,A,3724.55178,N,12159.39341,W,1.7,47.0,160726,,,A,U*12
$GNGLL,3724.55178,N,12159.39341,W,115739.86,A,A*6D
$GNGNS,115739.86,3724.55178,N,12159.39341,W,A,08,1.1,-14.9,-31.6,,,U*4A
$GNGSA,A,3,,,,,,,,,,,,,1.8,1.1,1.4,1*3D
$GNGSA,A,3,,,,,,,,,,,,,1.8,1.1,1.4,3*3F
$GNGSA,A,3,11,27,29,30,36,39,40,41,,,,,1.8,1.1,1.4,4*3B
$GPGSV,1,1,00,,,,,,,,,,,,,,,,,8*6D
$GAGSV,1,1,00,,,,,,,,,,,,,,,,,1*75
$GAGSV,1,1,00,,,,,,,,,,,,,,,,,2*76
$GAGSV,1,1,00,,,,,,,,,,,,,,,,,3*77
$GBGSV,3,1,12,11,51,253,46,26,36,050,,27,36,050,46,28,28,248,,5*7C
$GBGSV,3,2,12,29,28,248,46,30,76,299,47,35,63,283,,36,63,283,50,5*78
$GBGSV,3,3,12,38,19,317,,39,19,317,42,40,47,168,47,41,03,076,37,5*7E
$GNGGA,115740.86,3724.55170,N,12159.39340,W,1,08,1.1,-15.9,M,-31.6,M,,*5E
$GNRMC,115740.86,A,3724.55170,N,12159.39340,W,1.8,47.0,160726,,,A,U*1A
$GNGLL,3724.55170,N,12159.39340,W,115740.86,A,A*6A
$GNGNS,115740.86,3724.55170,N,12159.39340,W,A,08,1.1,-15.9,-31.6,,,U*4C
$GNGSA,A,3,,,,,,,,,,,,,1.8,1.1,1.4,1*3D
$GNGSA,A,3,,,,,,,,,,,,,1.8,1.1,1.4,3*3F
$GNGSA,A,3,11,27,29,30,36,39,40,41,,,,,1.8,1.1,1.4,4*3B
$GPGSV,1,1,00,,,,,,,,,,,,,,,,,8*6D
$GAGSV,1,1,00,,,,,,,,,,,,,,,,,1*75
$GAGSV,1,1,00,,,,,,,,,,,,,,,,,2*76
$GAGSV,1,1,00,,,,,,,,,,,,,,,,,3*77
$GBGSV,3,1,12,11,51,253,46,26,36,050,,27,36,050,46,28,28,248,,5*7C
$GBGSV,3,2,12,29,28,248,46,30,76,299,47,35,63,283,,36,63,283,50,5*78
$GBGSV,3,3,12,38,19,317,,39,19,317,42,40,47,168,48,41,03,076,37,5*71
$GNGGA,115741.86,3724.55162,N,12159.39336,W,1,08,1.1,-16.8,M,-31.6,M,,*5F
$GNRMC,115741.86,A,3724.55162,N,12159.39336,W,1.8,47.0,160726,,,A,U*19
$GNGLL,3724.55162,N,12159.39336,W,115741.86,A,A*69
$GNGNS,115741.86,3724.55162,N,12159.39336,W,A,08,1.1,-16.8,-31.6,,,U*4D
$GNGSA,A,3,,,,,,,,,,,,,1.8,1.1,1.4,1*3D
$GNGSA,A,3,,,,,,,,,,,,,1.8,1.1,1.4,3*3F
$GNGSA,A,3,11,27,29,30,36,39,40,41,,,,,1.8,1.1,1.4,4*3B
$GPGSV,1,1,00,,,,,,,,,,,,,,,,,8*6D
$GAGSV,1,1,00,,,,,,,,,,,,,,,,,1*75
$GAGSV,1,1,00,,,,,,,,,,,,,,,,,2*76
$GAGSV,1,1,00,,,,,,,,,,,,,,,,,3*77
$GBGSV,3,1,12,11,51,253,46,26,36,050,,27,36,050,46,28,28,248,,5*7C
$GBGSV,3,2,12,29,28,248,46,30,76,299,47,35,63,283,,36,63,283,50,5*78
$GBGSV,3,3,12,38,19,317,,39,19,317,42,40,47,168,47,41,03,076,38,5*71
$GNGGA,115742.86,3724.55149,N,12159.39333,W,1,08,1.1,-17.6,M,-31.6,M,,*5F
$GNRMC,115742.86,A,3724.55149,N,12159.39333,W,1.8,47.0,160726,,,A,U*16
$GNGLL,3724.55149,N,12159.39333,W,115742.86,A,A*66
$GNGNS,115742.86,3724.55149,N,12159.39333,W,A,08,1.1,-17.6,-31.6,,,U*4D
$GNGSA,A,3,,,,,,,,,,,,,1.8,1.1,1.4,1*3D
$GNGSA,A,3,,,,,,,,,,,,,1.8,1.1,1.4,3*3F
$GNGSA,A,3,11,27,29,30,36,39,40,41,,,,,1.8,1.1,1.4,4*3B
$GPGSV,1,1,00,,,,,,,,,,,,,,,,,8*6D
$GAGSV,1,1,00,,,,,,,,,,,,,,,,,1*75
$GAGSV,1,1,00,,,,,,,,,,,,,,,,,2*76
$GAGSV,1,1,00,,,,,,,,,,,,,,,,,3*77
$GBGSV,3,1,12,11,51,253,46,26,36,050,,27,36,050,46,28,28,248,,5*7C
$GBGSV,3,2,12,29,28,248,46,30,76,299,47,35,63,283,,36,63,283,50,5*78
$GBGSV,3,3,12,38,19,317,,39,19,317,42,40,47,168,47,41,03,076,37,5*7E
$GNGGA,115743.86,3724.55143,N,12159.39334,W,1,08,1.1,-18.4,M,-31.6,M,,*5E
$GNRMC,115743.86,A,3724.55143,N,12159.39334,W,1.8,46.9,160726,,,A,U*12
$GNGLL,3724.55143,N,12159.39334,W,115743.86,A,A*6A
$GNGNS,115743.86,3724.55143,N,12159.39334,W,A,08,1.1,-18.4,-31.6,,,U*4C
$GNGSA,A,3,,,,,,,,,,,,,1.8,1.1,1.4,1*3D
$GNGSA,A,3,,,,,,,,,,,,,1.8,1.1,1.4,3*3F
$GNGSA,A,3,11,27,29,30,36,39,40,41,,,,,1.8,1.1,1.4,4*3B
$GPGSV,1,1,00,,,,,,,,,,,,,,,,,8*6D
$GAGSV,1,1,00,,,,,,,,,,,,,,,,,1*75
$GAGSV,1,1,00,,,,,,,,,,,,,,,,,2*76
$GAGSV,1,1,00,,,,,,,,,,,,,,,,,3*77
$GBGSV,3,1,12,11,51,253,46,26,36,050,,27,36,050,46,28,28,248,,5*7C
$GBGSV,3,2,12,29,28,248,46,30,76,299,47,35,63,283,,36,63,283,50,5*78
$GBGSV,3,3,12,38,19,317,,39,19,317,42,40,47,168,47,41,03,076,37,5*7E
$GNGGA,115744.86,3724.55140,N,12159.39332,W,1,08,1.1,-19.1,M,-31.6,M,,*58
$GNRMC,115744.86,A,3724.55140,N,12159.39332,W,1.8,46.8,160726,,,A,U*11
$GNGLL,3724.55140,N,12159.39332,W,115744.86,A,A*68
$GNGNS,115744.86,3724.55140,N,12159.39332,W,A,08,1.1,-19.1,-31.6,,,U*4A
$GNGSA,A,3,,,,,,,,,,,,,1.8,1.1,1.4,1*3D
$GNGSA,A,3,,,,,,,,,,,,,1.8,1.1,1.4,3*3F
$GNGSA,A,3,11,27,29,30,36,39,40,41,,,,,1.8,1.1,1.4,4*3B
$GPGSV,1,1,00,,,,,,,,,,,,,,,,,8*6D
$GAGSV,1,1,00,,,,,,,,,,,,,,,,,1*75
$GAGSV,1,1,00,,,,,,,,,,,,,,,,,2*76
$GAGSV,1,1,00,,,,,,,,,,,,,,,,,3*77
$GBGSV,3,1,12,11,51,253,46,26,36,050,,27,36,050,47,28,28,248,,5*7D
$GBGSV,3,2,12,29,28,248,46,30,76,299,47,35,63,283,,36,63,283,50,5*78
$GBGSV,3,3,12,38,19,317,,39,19,317,42,40,47,168,48,41,03,076,37,5*71
$GNGGA,115745.86,3724.55134,N,12159.39329,W,1,08,1.1,-19.7,M,-31.6,M,,*56
$GNRMC,115745.86,A,3724.55134,N,12159.39329,W,1.7,46.8,160726,,,A,U*16
$GNGLL,3724.55134,N,12159.39329,W,115745.86,A,A*60
$GNGNS,115745.86,3724.55134,N,12159.39329,W,A,08,1.1,-19.7,-31.6,,,U*44
$GNGSA,A,3,,,,,,,,,,,,,1.8,1.1,1.4,1*3D
$GNGSA,A,3,,,,,,,,,,,,,1.8,1.1,1.4,3*3F
$GNGSA,A,3,11,27,29,30,36,39,40,41,,,,,1.8,1.1,1.4,4*3B
$GPGSV,1,1,00,,,,,,,,,,,,,,,,,8*6D
$GAGSV,1,1,00,,,,,,,,,,,,,,,,,1*75
$GAGSV,1,1,00,,,,,,,,,,,,,,,,,2*76
$GAGSV,1,1,00,,,,,,,,,,,,,,,,,3*77
$GBGSV,3,1,12,11,51,253,46,26,36,050,,27,36,050,46,28,28,248,,5*7C
$GBGSV,3,2,12,29,28,248,46,30,76,300,47,35,63,283,,36,63,283,50,5*79
$GBGSV,3,3,12,38,19,317,,39,19,317,42,40,47,168,47,41,03,076,37,5*7E
$GNGGA,115746.86,3724.55129,N,12159.39326,W,1,08,1.1,-20.2,M,-31.6,M,,*59
$GNRMC,115746.86,A,3724.55129,N,12159.39326,W,1.7,46.7,160726,,,A,U*19
$GNGLL,3724.55129,N,12159.39326,W,115746.86,A,A*60
$GNGNS,115746.86,3724.55129,N,12159.39326,W,A,08,1.1,-20.2,-31.6,,,U*4B
$GNGSA,A,3,,,,,,,,,,,,,1.8,1.1,1.4,1*3D
$GNGSA,A,3,,,,,,,,,,,,,1.8,1.1,1.4,3*3F
$GNGSA,A,3,11,27,29,30,36,39,40,41,,,,,1.8,1.1,1.4,4*3B
$GPGSV,1,1,00,,,,,,,,,,,,,,,,,8*6D
$GAGSV,1,1,00,,,,,,,,,,,,,,,,,1*75
$GAGSV,1,1,00,,,,,,,,,,,,,,,,,2*76
$GAGSV,1,1,00,,,,,,,,,,,,,,,,,3*77
$GBGSV,3,1,12,11,51,253,46,26,36,050,,27,36,050,46,28,28,248,,5*7C
$GBGSV,3,2,12,29,28,248,46,30,76,300,47,35,63,283,,36,63,283,50,5*79
$GBGSV,3,3,12,38,19,317,,39,19,317,42,40,47,168,47,41,03,076,38,5*71
$GNGGA,115747.86,3724.55127,N,12159.39322,W,1,08,1.1,-20.6,M,-31.6,M,,*56
$GNRMC,115747.86,A,3724.55127,N,12159.39322,W,1.7,46.7,160726,,,A,U*12
$GNGLL,3724.55127,N,12159.39322,W,115747.86,A,A*6B
$GNGNS,115747.86,3724.55127,N,12159.39322,W,A,08,1.1,-20.6,-31.6,,,U*44
$GNGSA,A,3,,,,,,,,,,,,,1.8,1.1,1.4,1*3D
$GNGSA,A,3,,,,,,,,,,,,,1.8,1.1,1.4,3*3F
$GNGSA,A,3,11,27,29,30,36,39,40,41,,,,,1.8,1.1,1.4,4*3B
$GPGSV,1,1,00,,,,,,,,,,,,,,,,,8*6D
$GAGSV,1,1,00,,,,,,,,,,,,,,,,,1*75
$GAGSV,1,1,00,,,,,,,,,,,,,,,,,2*76
$GAGSV,1,1,00,,,,,,,,,,,,,,,,,3*77
$GBGSV,3,1,12,11,51,253,46,26,36,050,,27,36,050,46,28,28,248,,5*7C
$GBGSV,3,2,12,29,28,248,46,30,76,300,47,35,63,283,,36,63,283,50,5*79
$GBGSV,3,3,12,38,19,317,,39,19,317,42,40,47,168,48,41,03,076,38,5*7E
$GNGGA,115748.86,3724.55317,N,12159.39535,W,1,08,1.1,4.4,M,-31.6,M,,*41
$GNRMC,115748.86,A,3724.55317,N,12159.39535,W,0.1,46.7,160726,,,A,U*1B
$GNGLL,3724.55317,N,12159.39535,W,115748.86,A,A*65
$GNGNS,115748.86,3724.55317,N,12159.39535,W,A,08,1.1,4.4,-31.6,,,U*53
$GNGSA,A,3,,,,,,,,,,,,,1.8,1.1,1.4,1*3D
$GNGSA,A,3,,,,,,,,,,,,,1.8,1.1,1.4,3*3F
$GNGSA,A,3,11,27,29,30,36,39,40,41,,,,,1.8,1.1,1.4,4*3B
$GPGSV,1,1,00,,,,,,,,,,,,,,,,,8*6D
$GAGSV,1,1,00,,,,,,,,,,,,,,,,,1*75
$GAGSV,1,1,00,,,,,,,,,,,,,,,,,2*76
$GAGSV,1,1,00,,,,,,,,,,,,,,,,,3*77
$GBGSV,3,1,12,11,51,253,46,26,36,050,,27,36,050,46,28,28,248,,5*7C
$GBGSV,3,2,12,29,28,248,46,30,76,300,47,35,63,283,,36,63,283,50,5*79
$GBGSV,3,3,12,38,19,317,,39,19,317,42,40,47,168,47,41,03,076,38,5*71
$GNGGA,115749.86,3724.55327,N,12159.39519,W,1,08,1.1,5.0,M,-31.6,M,,*48
$GNRMC,115749.86,A,3724.55327,N,12159.39519,W,0.0,46.7,160726,,,A,U*16
$GNGLL,3724.55327,N,12159.39519,W,115749.86,A,A*69
$GNGNS,115749.86,3724.55327,N,12159.39519,W,A,08,1.1,5.0,-31.6,,,U*5A
$GNGSA,A,3,,,,,,,,,,,,,1.8,1.1,1.4,1*3D
$GNGSA,A,3,,,,,,,,,,,,,1.8,1.1,1.4,3*3F
$GNGSA,A,3,11,27,29,30,36,39,40,41,,,,,1.8,1.1,1.4,4*3B
$GPGSV,1,1,00,,,,,,,,,,,,,,,,,8*6D
$GAGSV,1,1,00,,,,,,,,,,,,,,,,,1*75
$GAGSV,1,1,00,,,,,,,,,,,,,,,,,2*76
$GAGSV,1,1,00,,,,,,,,,,,,,,,,,3*77
$GBGSV,3,1,12,11,51,253,46,26,36,050,,27,36,050,46,28,28,248,,5*7C
$GBGSV,3,2,12,29,28,248,46,30,76,300,47,35,63,283,,36,63,283,50,5*79
$GBGSV,3,3,12,38,19,317,,39,19,317,42,40,47,168,47,41,03,076,38,5*71
$GNGGA,115750.86,3724.55332,N,12159.39506,W,1,08,1.1,5.3,M,-31.6,M,,*49
$GNRMC,115750.86,A,3724.55332,N,12159.39506,W,0.0,46.7,160726,,,A,U*14
$GNGLL,3724.55332,N,12159.39506,W,115750.86,A,A*6B
$GNGNS,115750.86,3724.55332,N,12159.39506,W,A,08,1.1,5.3,-31.6,,,U*5B
$GNGSA,A,3,,,,,,,,,,,,,1.8,1.1,1.4,1*3D
$GNGSA,A,3,,,,,,,,,,,,,1.8,1.1,1.4,3*3F
$GNGSA,A,3,11,27,29,30,36,39,40,41,,,,,1.8,1.1,1.4,4*3B
$GPGSV,1,1,00,,,,,,,,,,,,,,,,,8*6D
$GAGSV,1,1,00,,,,,,,,,,,,,,,,,1*75
$GAGSV,1,1,00,,,,,,,,,,,,,,,,,2*76
$GAGSV,1,1,00,,,,,,,,,,,,,,,,,3*77
$GBGSV,3,1,12,11,51,253,47,26,36,050,,27,36,050,46,28,28,248,,5*7D
$GBGSV,3,2,12,29,28,248,46,30,76,300,47,35,63,283,,36,63,283,50,5*79
$GBGSV,3,3,12,38,19,317,,39,19,317,42,40,47,168,47,41,03,076,38,5*71
$GNGGA,115751.86,3724.55330,N,12159.39500,W,1,08,1.1,6.4,M,-31.6,M,,*48
$GNRMC,115751.86,A,3724.55330,N,12159.39500,W,0.1,46.7,160726,,,A,U*10
$GNGLL,3724.55330,N,12159.39500,W,115751.86,A,A*6E
$GNGNS,115751.86,3724.55330,N,12159.39500,W,A,08,1.1,6.4,-31.6,,,U*5A
$GNGSA,A,3,,,,,,,,,,,,,1.8,1.1,1.4,1*3D
$GNGSA,A,3,,,,,,,,,,,,,1.8,1.1,1.4,3*3F
$GNGSA,A,3,11,27,29,30,36,39,40,41,,,,,1.8,1.1,1.4,4*3B
$GPGSV,1,1,00,,,,,,,,,,,,,,,,,8*6D
$GAGSV,1,1,00,,,,,,,,,,,,,,,,,1*75
$GAGSV,1,1,00,,,,,,,,,,,,,,,,,2*76
$GAGSV,1,1,00,,,,,,,,,,,,,,,,,3*77
$GBGSV,3,1,12,11,51,253,46,26,36,050,,27,36,050,46,28,28,248,,5*7C
$GBGSV,3,2,12,29,28,248,46,30,76,300,47,35,63,283,,36,63,283,50,5*79
$GBGSV,3,3,12,38,19,317,,39,19,317,42,40,47,168,47,41,03,076,38,5*71
$GNGGA,115752.86,3724.55330,N,12159.39503,W,1,08,1.1,6.2,M,-31.6,M,,*4E
$GNRMC,115752.86,A,3724.55330,N,12159.39503,W,0.1,46.7,160726,,,A,U*10
$GNGLL,3724.55330,N,12159.39503,W,115752.86,A,A*6E
$GNGNS,115752.86,3724.55330,N,12159.39503,W,A,08,1.1,6.2,-31.6,,,U*5C
$GNGSA,A,3,,,,,,,,,,,,,1.8,1.1,1.4,1*3D
$GNGSA,A,3,,,,,,,,,,,,,1.8,1.1,1.4,3*3F
$GNGSA,A,3,11,27,29,30,36,39,40,41,,,,,1.8,1.1,1.4,4*3B
$GPGSV,1,1,00,,,,,,,,,,,,,,,,,8*6D
$GAGSV,1,1,00,,,,,,,,,,,,,,,,,1*75
$GAGSV,1,1,00,,,,,,,,,,,,,,,,,2*76
$GAGSV,1,1,00,,,,,,,,,,,,,,,,,3*77
$GBGSV,3,1,12,11,51,253,47,26,36,050,,27,36,050,46,28,28,248,,5*7D
$GBGSV,3,2,12,29,28,248,46,30,76,300,47,35,63,283,,36,63,283,50,5*79
$GBGSV,3,3,12,38,19,317,,39,19,317,42,40,47,168,48,41,03,076,38,5*7E
$GNGGA,115753.86,3724.55329,N,12159.39501,W,1,08,1.1,6.0,M,-31.6,M,,*47
$GNRMC,115753.86,A,3724.55329,N,12159.39501,W,0.1,46.7,160726,,,A,U*1B
$GNGLL,3724.55329,N,12159.39501,W,115753.86,A,A*65
$GNGNS,115753.86,3724.55329,N,12159.39501,W,A,08,1.1,6.0,-31.6,,,U*55
$GNGSA,A,3,,,,,,,,,,,,,1.8,1.1,1.4,1*3D
$GNGSA,A,3,,,,,,,,,,,,,1.8,1.1,1.4,3*3F
$GNGSA,A,3,11,27,29,30,36,39,40,41,,,,,1.8,1.1,1.4,4*3B
$GPGSV,1,1,00,,,,,,,,,,,,,,,,,8*6D
$GAGSV,1,1,00,,,,,,,,,,,,,,,,,1*75
$GAGSV,1,1,00,,,,,,,,,,,,,,,,,2*76
$GAGSV,1,1,00,,,,,,,,,,,,,,,,,3*77
$GBGSV,3,1,12,11,51,253,46,26,36,050,,27,36,050,46,28,28,248,,5*7C
$GBGSV,3,2,12,29,28,248,46,30,76,300,47,35,63,283,,36,63,283,50,5*79
$GBGSV,3,3,12,38,19,317,,39,19,317,42,40,47,168,47,41,03,076,38,5*71
$GNGGA,115754.86,3724.55332,N,12159.39502,W,1,08,1.1,5.8,M,-31.6,M,,*42
$GNRMC,115754.86,A,3724.55332,N,12159.39502,W,0.1,46.7,160726,,,A,U*15
$GNGLL,3724.55332,N,12159.39502,W,115754.86,A,A*6B
$GNGNS,115754.86,3724.55332,N,12159.39502,W,A,08,1.1,5.8,-31.6,,,U*50
$GNGSA,A,3,,,,,,,,,,,,,1.8,1.1,1.4,1*3D
$GNGSA,A,3,,,,,,,,,,,,,1.8,1.1,1.4,3*3F
$GNGSA,A,3,11,27,29,30,36,39,40,41,,,,,1.8,1.1,1.4,4*3B
$GPGSV,1,1,00,,,,,,,,,,,,,,,,,8*6D
$GAGSV,1,1,00,,,,,,,,,,,,,,,,,1*75
$GAGSV,1,1,00,,,,,,,,,,,,,,,,,2*76
$GAGSV,1,1,00,,,,,,,,,,,,,,,,,3*77
$GBGSV,3,1,12,11,51,253,47,26,36,050,,27,36,050,46,28,28,248,,5*7D
$GBGSV,3,2,12,29,28,248,46,30,76,300,47,35,63,283,,36,63,283,50,5*79
$GBGSV,3,3,12,38,19,317,,39,19,317,42,40,47,168,47,41,03,076,38,5*71
$GNGGA,115755.86,3724.55331,N,12159.39501,W,1,08,1.1,5.5,M,-31.6,M,,*4E
$GNRMC,115755.86,A,3724.55331,N,12159.39501,W,0.2,46.7,160726,,,A,U*17
$GNGLL,3724.55331,N,12159.39501,W,115755.86,A,A*6A
$GNGNS,115755.86,3724.55331,N,12159.39501,W,A,08,1.1,5.5,-31.6,,,U*5C
$GNGSA,A,3,,,,,,,,,,,,,1.8,1.1,1.4,1*3D
$GNGSA,A,3,,,,,,,,,,,,,1.8,1.1,1.4,3*3F
$GNGSA,A,3,11,27,29,30,36,39,40,41,,,,,1.8,1.1,1.4,4*3B
$GPGSV,1,1,00,,,,,,,,,,,,,,,,,8*6D
$GAGSV,1,1,00,,,,,,,,,,,,,,,,,1*75
$GAGSV,1,1,00,,,,,,,,,,,,,,,,,2*76
$GAGSV,1,1,00,,,,,,,,,,,,,,,,,3*77
$GBGSV,3,1,12,11,51,253,47,26,36,050,,27,36,050,46,28,28,248,,5*7D
$GBGSV,3,2,12,29,28,248,46,30,76,300,47,35,63,283,,36,63,283,50,5*79
$GBGSV,3,3,12,38,19,317,,39,19,317,42,40,47,168,47,41,03,076,38,5*71
$GNGGA,115756.86,3724.55331,N,12159.39498,W,1,08,1.1,5.1,M,-31.6,M,,*48
$GNRMC,115756.86,A,3724.55331,N,12159.39498,W,0.2,55.7,160726,,,A,U*17
$GNGLL,3724.55331,N,12159.39498,W,115756.86,A,A*68
$GNGNS,115756.86,3724.55331,N,12159.39498,W,A,08,1.1,5.1,-31.6,,,U*5A
$GNGSA,A,3,,,,,,,,,,,,,1.8,1.1,1.4,1*3D
$GNGSA,A,3,,,,,,,,,,,,,1.8,1.1,1.4,3*3F
$GNGSA,A,3,11,27,29,30,36,39,40,41,,,,,1.8,1.1,1.4,4*3B
$GPGSV,1,1,00,,,,,,,,,,,,,,,,,8*6D
$GAGSV,1,1,00,,,,,,,,,,,,,,,,,1*75
$GAGSV,1,1,00,,,,,,,,,,,,,,,,,2*76
$GAGSV,1,1,00,,,,,,,,,,,,,,,,,3*77
$GBGSV,3,1,12,11,51,253,46,26,36,050,,27,36,050,46,28,28,248,,5*7C
$GBGSV,3,2,12,29,28,248,46,30,76,300,47,35,63,283,,36,63,283,50,5*79
$GBGSV,3,3,12,38,19,317,,39,19,317,42,40,47,168,47,41,03,076,38,5*71
$GNGGA,115757.86,3724.55328,N,12159.39497,W,1,08,1.1,4.7,M,-31.6,M,,*49
$GNRMC,115757.86,A,3724.55328,N,12159.39497,W,0.3,53.6,160726,,,A,U*17
$GNGLL,3724.55328,N,12159.39497,W,115757.86,A,A*6E
$GNGNS,115757.86,3724.55328,N,12159.39497,W,A,08,1.1,4.7,-31.6,,,U*5B
$GNGSA,A,3,,,,,,,,,,,,,1.8,1.1,1.4,1*3D
$GNGSA,A,3,,,,,,,,,,,,,1.8,1.1,1.4,3*3F
$GNGSA,A,3,11,27,29,30,36,39,40,41,,,,,1.8,1.1,1.4,4*3B
$GPGSV,1,1,00,,,,,,,,,,,,,,,,,8*6D
$GAGSV,1,1,00,,,,,,,,,,,,,,,,,1*75
$GAGSV,1,1,00,,,,,,,,,,,,,,,,,2*76
$GAGSV,1,1,00,,,,,,,,,,,,,,,,,3*77
$GBGSV,3,1,12,11,51,253,47,26,36,050,,27,36,050,46,28,28,248,,5*7D
$GBGSV,3,2,12,29,28,248,46,30,76,300,47,35,63,283,,36,63,283,50,5*79
$GBGSV,3,3,12,38,19,317,,39,19,317,42,40,47,168,47,41,03,076,37,5*7E
$GNGGA,115758.86,3724.55331,N,12159.39491,W,1,08,1.1,4.3,M,-31.6,M,,*4C
$GNRMC,115758.86,A,3724.55331,N,12159.39491,W,0.3,52.3,160726,,,A,U*12
$GNGLL,3724.55331,N,12159.39491,W,115758.86,A,A*6F
$GNGNS,115758.86,3724.55331,N,12159.39491,W,A,08,1.1,4.3,-31.6,,,U*5E
$GNGSA,A,3,,,,,,,,,,,,,1.8,1.1,1.4,1*3D
$GNGSA,A,3,,,,,,,,,,,,,1.8,1.1,1.4,3*3F
$GNGSA,A,3,11,27,29,30,36,39,40,41,,,,,1.8,1.1,1.4,4*3B
$GPGSV,1,1,00,,,,,,,,,,,,,,,,,8*6D
$GAGSV,1,1,00,,,,,,,,,,,,,,,,,1*75
$GAGSV,1,1,00,,,,,,,,,,,,,,,,,2*76
$GAGSV,1,1,00,,,,,,,,,,,,,,,,,3*77
$GBGSV,3,1,12,11,51,253,47,26,36,050,,27,36,050,46,28,28,248,,5*7D
$GBGSV,3,2,12,29,28,248,46,30,76,300,47,35,63,283,,36,63,283,50,5*79
$GBGSV,3,3,12,38,19,317,,39,19,317,42,40,47,168,47,41,03,076,37,5*7E
$GNGGA,115759.86,3724.55327,N,12159.39484,W,1,08,1.1,3.8,M,-31.6,M,,*42
$GNRMC,115759.86,A,3724.55327,N,12159.39484,W,0.4,51.5,160726,,,A,U*12
$GNGLL,3724.55327,N,12159.39484,W,115759.86,A,A*6D
$GNGNS,115759.86,3724.55327,N,12159.39484,W,A,08,1.1,3.8,-31.6,,,U*50
$GNGSA,A,3,,,,,,,,,,,,,1.8,1.1,1.4,1*3D
$GNGSA,A,3,,,,,,,,,,,,,1.8,1.1,1.4,3*3F
$GNGSA,A,3,11,27,29,30,36,39,40,41,,,,,1.8,1.1,1.4,4*3B
$GPGSV,1,1,00,,,,,,,,,,,,,,,,,8*6D
$GAGSV,1,1,00,,,,,,,,,,,,,,,,,1*75
$GAGSV,1,1,00,,,,,,,,,,,,,,,,,2*76
$GAGSV,1,1,00,,,,,,,,,,,,,,,,,3*77
$GBGSV,3,1,12,11,51,253,47,26,36,050,,27,36,050,46,28,28,248,,5*7D
$GBGSV,3,2,12,29,28,248,46,30,76,300,47,35,63,283,,36,63,283,50,5*79
$GBGSV,3,3,12,38,19,317,,39,19,317,42,40,47,168,47,41,03,076,38,5*71
$GNGGA,115800.86,3724.55322,N,12159.39479,W,1,08,1.1,3.3,M,-31.6,M,,*4D
$GNRMC,115800.86,A,3724.55322,N,12159.39479,W,0.5,50.8,160726,,,A,U*1B
$GNGLL,3724.55322,N,12159.39479,W,115800.86,A,A*69
$GNGNS,115800.86,3724.55322,N,12159.39479,W,A,08,1.1,3.3,-31.6,,,U*5F
$GNGSA,A,3,,,,,,,,,,,,,1.8,1.1,1.4,1*3D
$GNGSA,A,3,,,,,,,,,,,,,1.8,1.1,1.4,3*3F
$GNGSA,A,3,11,27,29,30,36,39,40,41,,,,,1.8,1.1,1.4,4*3B
$GPGSV,1,1,00,,,,,,,,,,,,,,,,,8*6D
$GAGSV,1,1,00,,,,,,,,,,,,,,,,,1*75
$GAGSV,1,1,00,,,,,,,,,,,,,,,,,2*76
$GAGSV,1,1,00,,,,,,,,,,,,,,,,,3*77
$GBGSV,3,1,12,11,51,253,47,26,36,050,,27,36,050,46,28,28,248,,5*7D
$GBGSV,3,2,12,29,28,248,46,30,76,300,47,35,63,283,,36,63,283,50,5*79
$GBGSV,3,3,12,38,19,317,,39,19,317,42,40,47,168,47,41,03,076,38,5*71
$GNGGA,115801.86,3724.55320,N,12159.39473,W,1,08,1.1,2.7,M,-31.6,M,,*41
$GNRMC,115801.86,A,3724.55320,N,12159.39473,W,0.6,50.0,160726,,,A,U*19
$GNGLL,3724.55320,N,12159.39473,W,115801.86,A,A*60
$GNGNS,115801.86,3724.55320,N,12159.39473,W,A,08,1.1,2.7,-31.6,,,U*53
$GNGSA,A,3,,,,,,,,,,,,,1.8,1.1,1.4,1*3D
$GNGSA,A,3,,,,,,,,,,,,,1.8,1.1,1.4,3*3F
$GNGSA,A,3,11,27,29,30,36,39,40,41,,,,,1.8,1.1,1.4,4*3B
$GPGSV,1,1,00,,,,,,,,,,,,,,,,,8*6D
$GAGSV,1,1,00,,,,,,,,,,,,,,,,,1*75
$GAGSV,1,1,00,,,,,,,,,,,,,,,,,2*76
$GAGSV,1,1,00,,,,,,,,,,,,,,,,,3*77
$GBGSV,3,1,12,11,51,253,46,26,36,050,,27,36,050,46,28,28,248,,5*7C
$GBGSV,3,2,12,29,28,248,46,30,76,300,47,35,63,283,,36,63,283,50,5*79
$GBGSV,3,3,12,38,19,317,,39,19,317,42,40,47,168,47,41,03,076,37,5*7E
$GNGGA,115802.86,3724.55316,N,12159.39466,W,1,08,1.1,1.9,M,-31.6,M,,*4E
$GNRMC,115802.86,A,3724.55316,N,12159.39466,W,0.6,49.3,160726,,,A,U*10
$GNGLL,3724.55316,N,12159.39466,W,115802.86,A,A*62
$GNGNS,115802.86,3724.55316,N,12159.39466,W,A,08,1.1,1.9,-31.6,,,U*5C
$GNGSA,A,3,,,,,,,,,,,,,1.8,1.1,1.4,1*3D
$GNGSA,A,3,,,,,,,,,,,,,1.8,1.1,1.4,3*3F
$GNGSA,A,3,11,27,29,30,36,39,40,41,,,,,1.8,1.1,1.4,4*3B
$GPGSV,1,1,00,,,,,,,,,,,,,,,,,8*6D
$GAGSV,1,1,00,,,,,,,,,,,,,,,,,1*75
$GAGSV,1,1,00,,,,,,,,,,,,,,,,,2*76
$GAGSV,1,1,00,,,,,,,,,,,,,,,,,3*77
$GBGSV,3,1,12,11,51,253,47,26,36,050,,27,36,050,46,28,28,248,,5*7D
$GBGSV,3,2,12,29,28,248,46,30,76,300,47,35,63,283,,36,63,283,50,5*79
$GBGSV,3,3,12,38,19,317,,39,19,317,42,40,47,168,48,41,03,076,38,5*7E
$GNGGA,115803.86,3724.55306,N,12159.39456,W,1,08,1.1,1.1,M,-31.6,M,,*45
$GNRMC,115803.86,A,3724.55306,N,12159.39456,W,0.7,48.8,160726,,,A,U*18
$GNGLL,3724.55306,N,12159.39456,W,115803.86,A,A*61
$GNGNS,115803.86,3724.55306,N,12159.39456,W,A,08,1.1,1.1,-31.6,,,U*57
$GNGSA,A,3,,,,,,,,,,,,,1.8,1.1,1.4,1*3D
$GNGSA,A,3,,,,,,,,,,,,,1.8,1.1,1.4,3*3F
$GNGSA,A,3,11,27,29,30,36,39,40,41,,,,,1.8,1.1,1.4,4*3B
$GPGSV,1,1,00,,,,,,,,,,,,,,,,,8*6D
$GAGSV,1,1,00,,,,,,,,,,,,,,,,,1*75
$GAGSV,1,1,00,,,,,,,,,,,,,,,,,2*76
$GAGSV,1,1,00,,,,,,,,,,,,,,,,,3*77
$GBGSV,3,1,12,11,51,253,47,26,36,050,,27,36,050,46,28,28,248,,5*7D
$GBGSV,3,2,12,29,28,248,46,30,76,300,47,35,63,283,,36,63,283,50,5*79
$GBGSV,3,3,12,38,19,317,,39,19,317,42,40,47,168,47,41,03,076,37,5*7E
$GNGGA,115804.86,3724.55301,N,12159.39448,W,1,08,1.1,0.3,M,-31.6,M,,*49
$GNRMC,115804.86,A,3724.55301,N,12159.39448,W,0.8,48.4,160726,,,A,U*14
$GNGLL,3724.55301,N,12159.39448,W,115804.86,A,A*6E
$GNGNS,115804.86,3724.55301,N,12159.39448,W,A,08,1.1,0.3,-31.6,,,U*5B
$GNGSA,A,3,,,,,,,,,,,,,1.8,1.1,1.4,1*3D
$GNGSA,A,3,,,,,,,,,,,,,1.8,1.1,1.4,3*3F
$GNGSA,A,3,11,27,29,30,36,39,40,41,,,,,1.8,1.1,1.4,4*3B
$GPGSV,1,1,00,,,,,,,,,,,,,,,,,8*6D
$GAGSV,1,1,00,,,,,,,,,,,,,,,,,1*75
$GAGSV,1,1,00,,,,,,,,,,,,,,,,,2*76
$GAGSV,1,1,00,,,,,,,,,,,,,,,,,3*77
$GBGSV,3,1,12,11,51,253,47,26,36,050,,27,36,050,46,28,28,248,,5*7D
$GBGSV,3,2,12,29,28,248,46,30,76,300,47,35,63,283,,36,63,283,50,5*79
$GBGSV,3,3,12,38,19,317,,39,19,317,42,40,47,168,47,41,03,076,38,5*71
$GNGGA,115805.86,3724.55296,N,12159.39440,W,1,08,1.1,-0.5,M,-31.6,M,,*64
$GNRMC,115805.86,A,3724.55296,N,12159.39440,W,0.8,48.3,160726,,,A,U*15
$GNGLL,3724.55296,N,12159.39440,W,115805.86,A,A*68
$GNGNS,115805.86,3724.55296,N,12159.39440,W,A,08,1.1,-0.5,-31.6,,,U*76
$GNGSA,A,3,,,,,,,,,,,,,1.8,1.1,1.4,1*3D
$GNGSA,A,3,,,,,,,,,,,,,1.8,1.1,1.4,3*3F
$GNGSA,A,3,11,27,29,30,36,39,40,41,,,,,1.8,1.1,1.4,4*3B
$GPGSV,1,1,00,,,,,,,,,,,,,,,,,8*6D
$GAGSV,1,1,00,,,,,,,,,,,,,,,,,1*75
$GAGSV,1,1,00,,,,,,,,,,,,,,,,,2*76
$GAGSV,1,1,00,,,,,,,,,,,,,,,,,3*77
$GBGSV,3,1,12,11,51,253,47,26,36,050,,27,36,050,46,28,28,248,,5*7D
$GBGSV,3,2,12,29,28,248,46,30,76,300,47,35,63,283,,36,63,283,50,5*79
$GBGSV,3,3,12,38,19,317,,39,19,317,43,40,47,168,47,41,03,076,37,5*7F
$GNGGA,115806.86,3724.55291,N,12159.39429,W,1,08,1.1,-1.3,M,-31.6,M,,*68
$GNRMC,115806.86,A,3724.55291,N,12159.39429,W,0.9,48.0,160726,,,A,U*1C
$GNGLL,3724.55291,N,12159.39429,W,115806.86,A,A*63
$GNGNS,115806.86,3724.55291,N,12159.39429,W,A,08,1.1,-1.3,-31.6,,,U*7A
$GNGSA,A,3,,,,,,,,,,,,,1.8,1.1,1.4,1*3D
$GNGSA,A,3,,,,,,,,,,,,,1.8,1.1,1.4,3*3F
$GNGSA,A,3,11,27,29,30,36,39,40,41,,,,,1.8,1.1,1.4,4*3B
$GPGSV,1,1,00,,,,,,,,,,,,,,,,,8*6D
$GAGSV,1,1,00,,,,,,,,,,,,,,,,,1*75
$GAGSV,1,1,00,,,,,,,,,,,,,,,,,2*76
$GAGSV,1,1,00,,,,,,,,,,,,,,,,,3*77
$GBGSV,3,1,12,11,51,253,47,26,36,050,,27,36,050,46,28,28,248,,5*7D
$GBGSV,3,2,12,29,28,248,46,30,76,300,47,35,63,283,,36,63,283,50,5*79
$GBGSV,3,3,12,38,19,317,,39,19,317,43,40,47,168,47,41,03,076,37,5*7F
$GNGGA,115807.86,3724.55283,N,12159.39416,W,1,08,1.1,-2.1,M,-31.6,M,,*67
$GNRMC,115807.86,A,3724.55283,N,12159.39416,W,1.0,47.9,160726,,,A,U*1C
$GNGLL,3724.55283,N,12159.39416,W,115807.86,A,A*6D
$GNGNS,115807.86,3724.55283,N,12159.39416,W,A,08,1.1,-2.1,-31.6,,,U*75
$GNGSA,A,3,,,,,,,,,,,,,1.8,1.1,1.4,1*3D
$GNGSA,A,3,,,,,,,,,,,,,1.8,1.1,1.4,3*3F
$GNGSA,A,3,11,27,29,30,36,39,40,41,,,,,1.8,1.1,1.4,4*3B
$GPGSV,1,1,00,,,,,,,,,,,,,,,,,8*6D
$GAGSV,1,1,00,,,,,,,,,,,,,,,,,1*75
$GAGSV,1,1,00,,,,,,,,,,,,,,,,,2*76
$GAGSV,1,1,00,,,,,,,,,,,,,,,,,3*77
$GBGSV,3,1,12,11,51,253,47,26,36,050,,27,36,050,46,28,28,248,,5*7D
$GBGSV,3,2,12,29,28,248,46,30,76,300,47,35,63,283,,36,63,283,50,5*79
$GBGSV,3,3,12,38,19,317,,39,19,317,43,40,47,168,47,41,03,076,37,5*7F
$GNGGA,115808.86,3724.55277,N,12159.39405,W,1,08,1.1,-3.1,M,-31.6,M,,*60
$GNRMC,115808.86,A,3724.55277,N,12159.39405,W,1.0,47.7,160726,,,A,U*14
$GNGLL,3724.55277,N,12159.39405,W,115808.86,A,A*6B
$GNGNS,115808.86,3724.55277,N,12159.39405,W,A,08,1.1,-3.1,-31.6,,,U*72
$GNGSA,A,3,,,,,,,,,,,,,1.8,1.1,1.4,1*3D
$GNGSA,A,3,,,,,,,,,,,,,1.8,1.1,1.4,3*3F
$GNGSA,A,3,11,27,29,30,36,39,40,41,,,,,1.8,1.1,1.4,4*3B
$GPGSV,1,1,00,,,,,,,,,,,,,,,,,8*6D
$GAGSV,1,1,00,,,,,,,,,,,,,,,,,1*75
$GAGSV,1,1,00,,,,,,,,,,,,,,,,,2*76
$GAGSV,1,1,00,,,,,,,,,,,,,,,,,3*77
$GBGSV,3,1,12,11,51,253,46,26,36,050,,27,36,050,46,28,28,248,,5*7C
$GBGSV,3,2,12,29,28,248,46,30,76,300,47,35,63,283,,36,63,283,50,5*79
$GBGSV,3,3,12,38,19,317,,39,19,317,43,40,47,168,48,41,03,075,38,5*7C
$GNGGA,115809.86,3724.55272,N,12159.39395,W,1,08,1.1,-4.0,M,-31.6,M,,*6C
$GNRMC,115809.86,A,3724.55272,N,12159.39395,W,1.1,47.7,160726,,,A,U*1F
$GNGLL,3724.55272,N,12159.39395,W,115809.86,A,A*61
$GNGNS,115809.86,3724.55272,N,12159.39395,W,A,08,1.1,-4.0,-31.6,,,U*7E
$GNGSA,A,3,,,,,,,,,,,,,1.8,1.1,1.4,1*3D
$GNGSA,A,3,,,,,,,,,,,,,1.8,1.1,1.4,3*3F
$GNGSA,A,3,11,27,29,30,36,39,40,41,,,,,1.8,1.1,1.4,4*3B
$GPGSV,1,1,00,,,,,,,,,,,,,,,,,8*6D
$GAGSV,1,1,00,,,,,,,,,,,,,,,,,1*75
$GAGSV,1,1,00,,,,,,,,,,,,,,,,,2*76
$GAGSV,1,1,00,,,,,,,,,,,,,,,,,3*77
$GBGSV,3,1,12,11,51,253,47,26,36,050,,27,36,050,46,28,28,248,,5*7D
$GBGSV,3,2,12,29,28,248,46,30,76,300,47,35,63,283,,36,63,283,50,5*79
$GBGSV,3,3,12,38,19,317,,39,19,317,43,40,47,168,47,41,04,075,38,5*74
$GNGGA,115810.86,3724.55266,N,12159.39386,W,1,08,1.1,-4.9,M,-31.6,M,,*6A
$GNRMC,115810.86,A,3724.55266,N,12159.39386,W,1.1,47.6,160726,,,A,U*11
$GNGLL,3724.55266,N,12159.39386,W,115810.86,A,A*6E
$GNGNS,115810.86,3724.55266,N,12159.39386,W,A,08,1.1,-4.9,-31.6,,,U*78
$GNGSA,A,3,,,,,,,,,,,,,1.8,1.1,1.4,1*3D
$GNGSA,A,3,,,,,,,,,,,,,1.8,1.1,1.4,3*3F
$GNGSA,A,3,11,27,29,30,36,39,40,41,,,,,1.8,1.1,1.4,4*3B
$GPGSV,1,1,00,,,,,,,,,,,,,,,,,8*6D
$GAGSV,1,1,00,,,,,,,,,,,,,,,,,1*75
$GAGSV,1,1,00,,,,,,,,,,,,,,,,,2*76
$GAGSV,1,1,00,,,,,,,,,,,,,,,,,3*77
$GBGSV,3,1,12,11,51,253,47,26,36,050,,27,36,050,46,28,28,248,,5*7D
$GBGSV,3,2,12,29,28,248,46,30,76,300,47,35,63,283,,36,63,283,50,5*79
$GBGSV,3,3,12,38,19,317,,39,19,317,43,40,47,168,47,41,04,075,37,5*7B
$GNGGA,115811.86,3724.55260,N,12159.39376,W,1,08,1.1,-5.7,M,-31.6,M,,*6D
$GNRMC,115811.86,A,3724.55260,N,12159.39376,W,1.1,47.5,160726,,,A,U*1A
$GNGLL,3724.55260,N,12159.39376,W,115811.86,A,A*66
$GNGNS,115811.86,3724.55260,N,12159.39376,W,A,08,1.1,-5.7,-31.6,,,U*7F
$GNGSA,A,3,,,,,,,,,,,,,1.8,1.1,1.4,1*3D
$GNGSA,A,3,,,,,,,,,,,,,1.8,1.1,1.4,3*3F
$GNGSA,A,3,11,27,29,30,36,39,40,41,,,,,1.8,1.1,1.4,4*3B
$GPGSV,1,1,00,,,,,,,,,,,,,,,,,8*6D
$GAGSV,1,1,00,,,,,,,,,,,,,,,,,1*75
$GAGSV,1,1,00,,,,,,,,,,,,,,,,,2*76
$GAGSV,1,1,00,,,,,,,,,,,,,,,,,3*77
$GBGSV,3,1,12,11,51,253,47,26,36,050,,27,36,050,46,28,28,248,,5*7D
$GBGSV,3,2,12,29,28,248,46,30,76,300,47,35,63,283,,36,63,282,50,5*78
$GBGSV,3,3,12,38,19,317,,39,19,317,43,40,47,168,47,41,04,075,38,5*74
$GNGGA,115812.86,3724.55253,N,12159.39369,W,1,08,1.1,-6.5,M,-31.6,M,,*61
$GNRMC,115812.86,A,3724.55253,N,12159.39369,W,1.2,47.3,160726,,,A,U*12
$GNGLL,3724.55253,N,12159.39369,W,115812.86,A,A*6B
$GNGNS,115812.86,3724.55253,N,12159.39369,W,A,08,1.1,-6.5,-31.6,,,U*73
$GNGSA,A,3,,,,,,,,,,,,,1.8,1.1,1.4,1*3D
$GNGSA,A,3,,,,,,,,,,,,,1.8,1.1,1.4,3*3F
$GNGSA,A,3,11,27,29,30,36,39,40,41,,,,,1.8,1.1,1.4,4*3B
$GPGSV,1,1,00,,,,,,,,,,,,,,,,,8*6D
$GAGSV,1,1,00,,,,,,,,,,,,,,,,,1*75
$GAGSV,1,1,00,,,,,,,,,,,,,,,,,2*76
$GAGSV,1,1,00,,,,,,,,,,,,,,,,,3*77
$GBGSV,3,1,12,11,51,253,47,26,36,050,,27,36,050,46,28,28,248,,5*7D
$GBGSV,3,2,12,29,28,248,46,30,76,300,47,35,63,283,,36,63,282,50,5*78
$GBGSV,3,3,12,38,19,317,,39,19,317,43,40,47,168,47,41,04,075,37,5*7B
$GNGGA,115813.86,3724.55242,N,12159.39363,W,1,08,1.1,-7.4,M,-31.6,M,,*6A
$GNRMC,115813.86,A,3724.55242,N,12159.39363,W,1.2,47.3,160726,,,A,U*19
$GNGLL,3724.55242,N,12159.39363,W,115813.86,A,A*60
$GNGNS,115813.86,3724.55242,N,12159.39363,W,A,08,1.1,-7.4,-31.6,,,U*78
$GNGSA,A,3,,,,,,,,,,,,,1.8,1.1,1.4,1*3D
$GNGSA,A,3,,,,,,,,,,,,,1.8,1.1,1.4,3*3F
$GNGSA,A,3,11,27,29,30,36,39,40,41,,,,,1.8,1.1,1.4,4*3B
$GPGSV,1,1,00,,,,,,,,,,,,,,,,,8*6D
$GAGSV,1,1,00,,,,,,,,,,,,,,,,,1*75
$GAGSV,1,1,00,,,,,,,,,,,,,,,,,2*76
$GAGSV,1,1,00,,,,,,,,,,,,,,,,,3*77
$GBGSV,3,1,12,11,51,253,47,26,36,050,,27,36,050,46,28,28,248,,5*7D
$GBGSV,3,2,12,29,28,248,46,30,76,300,47,35,63,283,,36,63,282,50,5*78
$GBGSV,3,3,12,38,19,317,,39,19,317,43,40,47,168,47,41,04,075,38,5*74
$GNGGA,115814.86,3724.55234,N,12159.39360,W,1,08,1.1,-8.2,M,-31.6,M,,*66
$GNRMC,115814.86,A,3724.55234,N,12159.39360,W,1.3,47.3,160726,,,A,U*1D
$GNGLL,3724.55234,N,12159.39360,W,115814.86,A,A*65
$GNGNS,115814.86,3724.55234,N,12159.39360,W,A,08,1.1,-8.2,-31.6,,,U*74
$GNGSA,A,3,,,,,,,,,,,,,1.8,1.1,1.4,1*3D
$GNGSA,A,3,,,,,,,,,,,,,1.8,1.1,1.4,3*3F
$GNGSA,A,3,11,27,29,30,36,39,40,41,,,,,1.8,1.1,1.4,4*3B
$GPGSV,1,1,00,,,,,,,,,,,,,,,,,8*6D
$GAGSV,1,1,00,,,,,,,,,,,,,,,,,1*75
$GAGSV,1,1,00,,,,,,,,,,,,,,,,,2*76
$GAGSV,1,1,00,,,,,,,,,,,,,,,,,3*77
$GBGSV,3,1,12,11,51,253,47,26,36,050,,27,36,050,46,28,28,248,,5*7D
$GBGSV,3,2,12,29,28,248,46,30,76,300,47,35,63,283,,36,63,282,50,5*78
$GBGSV,3,3,12,38,19,317,,39,19,317,43,40,47,168,47,41,04,075,37,5*7B
$GNGGA,115815.86,3724.55223,N,12159.39352,W,1,08,1.1,-9.0,M,-31.6,M,,*63
$GNRMC,115815.86,A,3724.55223,N,12159.39352,W,1.3,47.2,160726,,,A,U*1A
$GNGLL,3724.55223,N,12159.39352,W,115815.86,A,A*63
$GNGNS,115815.86,3724.55223,N,12159.39352,W,A,08,1.1,-9.0,-31.6,,,U*71
$GNGSA,A,3,,,,,,,,,,,,,1.8,1.1,1.4,1*3D
$GNGSA,A,3,,,,,,,,,,,,,1.8,1.1,1.4,3*3F
$GNGSA,A,3,11,27,29,30,36,39,40,41,,,,,1.8,1.1,1.4,4*3B
$GPGSV,1,1,00,,,,,,,,,,,,,,,,,8*6D
$GAGSV,1,1,00,,,,,,,,,,,,,,,,,1*75
$GAGSV,1,1,00,,,,,,,,,,,,,,,,,2*76
$GAGSV,1,1,00,,,,,,,,,,,,,,,,,3*77
$GBGSV,3,1,12,11,51,253,47,26,36,050,,27,36,050,46,28,28,248,,5*7D
$GBGSV,3,2,12,29,28,248,46,30,76,300,47,35,63,283,,36,63,282,50,5*78
$GBGSV,3,3,12,38,19,317,,39,19,317,43,40,47,168,47,41,04,075,38,5*74
$GNGGA,115816.86,3724.55214,N,12159.39349,W,1,08,1.1,-9.8,M,-31.6,M,,*66
$GNRMC,115816.86,A,3724.55214,N,12159.39349,W,1.3,47.3,160726,,,A,U*16
$GNGLL,3724.55214,N,12159.39349,W,115816.86,A,A*6E
$GNGNS,115816.86,3724.55214,N,12159.39349,W,A,08,1.1,-9.8,-31.6,,,U*74
$GNGSA,A,3,,,,,,,,,,,,,1.8,1.1,1.4,1*3D
$GNGSA,A,3,,,,,,,,,,,,,1.8,1.1,1.4,3*3F
$GNGSA,A,3,11,27,29,30,36,39,40,41,,,,,1.8,1.1,1.4,4*3B
$GPGSV,1,1,00,,,,,,,,,,,,,,,,,8*6D
$GAGSV,1,1,00,,,,,,,,,,,,,,,,,1*75
$GAGSV,1,1,00,,,,,,,,,,,,,,,,,2*76
$GAGSV,1,1,00,,,,,,,,,,,,,,,,,3*77
$GBGSV,3,1,12,11,51,253,47,26,36,050,,27,36,050,46,28,28,248,,5*7D
$GBGSV,3,2,12,29,28,248,46,30,76,300,47,35,63,282,,36,63,282,50,5*79
$GBGSV,3,3,12,38,19,317,,39,19,317,43,40,47,168,48,41,04,075,37,5*74
$GNGGA,115817.86,3724.55206,N,12159.39347,W,1,08,1.1,-10.6,M,-31.6,M,,*5C
$GNRMC,115817.86,A,3724.55206,N,12159.39347,W,1.3,47.4,160726,,,A,U*1D
$GNGLL,3724.55206,N,12159.39347,W,115817.86,A,A*62
$GNGNS,115817.86,3724.55206,N,12159.39347,W,A,08,1.1,-10.6,-31.6,,,U*4E
$GNGSA,A,3,,,,,,,,,,,,,1.8,1.1,1.4,1*3D
$GNGSA,A,3,,,,,,,,,,,,,1.8,1.1,1.4,3*3F
$GNGSA,A,3,11,27,29,30,36,39,40,41,,,,,1.8,1.1,1.4,4*3B
$GPGSV,1,1,00,,,,,,,,,,,,,,,,,8*6D
$GAGSV,1,1,00,,,,,,,,,,,,,,,,,1*75
$GAGSV,1,1,00,,,,,,,,,,,,,,,,,2*76
$GAGSV,1,1,00,,,,,,,,,,,,,,,,,3*77
$GBGSV,3,1,12,11,51,253,47,26,36,050,,27,36,050,46,28,28,248,,5*7D
$GBGSV,3,2,12,29,28,248,46,30,76,300,47,35,63,282,,36,63,282,50,5*79
$GBGSV,3,3,12,38,19,317,,39,19,317,43,40,47,168,47,41,04,075,37,5*7B
$GNGGA,115818.86,3724.55202,N,12159.39343,W,1,08,1.1,-11.3,M,-31.6,M,,*57
$GNRMC,115818.86,A,3724.55202,N,12159.39343,W,1.4,47.4,160726,,,A,U*15
$GNGLL,3724.55202,N,12159.39343,W,115818.86,A,A*6D
$GNGNS,115818.86,3724.55202,N,12159.39343,W,A,08,1.1,-11.3,-31.6,,,U*45
$GNGSA,A,3,,,,,,,,,,,,,1.8,1.1,1.4,1*3D
$GNGSA,A,3,,,,,,,,,,,,,1.8,1.1,1.4,3*3F
$GNGSA,A,3,11,27,29,30,36,39,40,41,,,,,1.8,1.1,1.4,4*3B
$GPGSV,1,1,00,,,,,,,,,,,,,,,,,8*6D
$GAGSV,1,1,00,,,,,,,,,,,,,,,,,1*75
$GAGSV,1,1,00,,,,,,,,,,,,,,,,,2*76
$GAGSV,1,1,00,,,,,,,,,,,,,,,,,3*77
$GBGSV,3,1,12,11,51,253,47,26,36,050,,27,36,050,46,28,28,248,,5*7D
$GBGSV,3,2,12,29,28,248,46,30,76,301,47,35,63,282,,36,63,282,50,5*78
$GBGSV,3,3,12,38,19,317,,39,19,317,43,40,47,168,47,41,04,075,37,5*7B
$GNGGA,115819.86,3724.55195,N,12159.39334,W,1,08,1.1,-12.0,M,-31.6,M,,*5B
$GNRMC,115819.86,A,3724.55195,N,12159.39334,W,1.4,47.4,160726,,,A,U*19
$GNGLL,3724.55195,N,12159.39334,W,115819.86,A,A*61
$GNGNS,115819.86,3724.55195,N,12159.39334,W,A,08,1.1,-12.0,-31.6,,,U*49
$GNGSA,A,3,,,,,,,,,,,,,1.8,1.1,1.4,1*3D
$GNGSA,A,3,,,,,,,,,,,,,1.8,1.1,1.4,3*3F
$GNGSA,A,3,11,27,29,30,36,39,40,41,,,,,1.8,1.1,1.4,4*3B
$GPGSV,1,1,00,,,,,,,,,,,,,,,,,8*6D
$GAGSV,1,1,00,,,,,,,,,,,,,,,,,1*75
$GAGSV,1,1,00,,,,,,,,,,,,,,,,,2*76
$GAGSV,1,1,00,,,,,,,,,,,,,,,,,3*77
$GBGSV,3,1,12,11,51,253,47,26,36,050,,27,36,050,46,28,28,248,,5*7D
$GBGSV,3,2,12,29,28,248,46,30,76,301,47,35,63,282,,36,63,282,50,5*78
$GBGSV,3,3,12,38,19,317,,39,19,317,43,40,47,168,47,41,04,075,37,5*7B
$GNGGA,115820.86,3724.55190,N,12159.39329,W,1,08,1.1,-12.7,M,-31.6,M,,*5F
$GNRMC,115820.86,A,3724.55190,N,12159.39329,W,1.4,47.3,160726,,,A,U*1D
$GNGLL,3724.55190,N,12159.39329,W,115820.86,A,A*62
$GNGNS,115820.86,3724.55190,N,12159.39329,W,A,08,1.1,-12.7,-31.6,,,U*4D
$GNGSA,A,3,,,,,,,,,,,,,1.8,1.1,1.4,1*3D
$GNGSA,A,3,,,,,,,,,,,,,1.8,1.1,1.4,3*3F
$GNGSA,A,3,11,27,29,30,36,39,40,41,,,,,1.8,1.1,1.4,4*3B
$GPGSV,1,1,00,,,,,,,,,,,,,,,,,8*6D
$GAGSV,1,1,00,,,,,,,,,,,,,,,,,1*75
$GAGSV,1,1,00,,,,,,,,,,,,,,,,,2*76
$GAGSV,1,1,00,,,,,,,,,,,,,,,,,3*77
$GBGSV,3,1,12,11,51,253,47,26,36,050,,27,36,050,46,28,28,248,,5*7D
$GBGSV,3,2,12,29,28,248,46,30,76,301,47,35,63,282,,36,63,282,50,5*78
$GBGSV,3,3,12,38,19,317,,39,19,317,43,40,47,168,47,41,04,075,37,5*7B
$GNGGA,115821.86,3724.55183,N,12159.39326,W,1,08,1.1,-13.3,M,-31.6,M,,*56
$GNRMC,115821.86,A,3724.55183,N,12159.39326,W,1.5,47.2,160726,,,A,U*11
$GNGLL,3724.55183,N,12159.39326,W,115821.86,A,A*6E
$GNGNS,115821.86,3724.55183,N,12159.39326,W,A,08,1.1,-13.3,-31.6,,,U*44
$GNGSA,A,3,,,,,,,,,,,,,1.8,1.1,1.4,1*3D
$GNGSA,A,3,,,,,,,,,,,,,1.8,1.1,1.4,3*3F
$GNGSA,A,3,11,27,29,30,36,39,40,41,,,,,1.8,1.1,1.4,4*3B
$GPGSV,1,1,00,,,,,,,,,,,,,,,,,8*6D
$GAGSV,1,1,00,,,,,,,,,,,,,,,,,1*75
$GAGSV,1,1,00,,,,,,,,,,,,,,,,,2*76
$GAGSV,1,1,00,,,,,,,,,,,,,,,,,3*77
$GBGSV,3,1,12,11,51,253,47,26,36,050,,27,36,050,46,28,28,248,,5*7D
$GBGSV,3,2,12,29,28,248,46,30,76,301,47,35,63,282,,36,63,282,50,5*78
$GBGSV,3,3,12,38,19,317,,39,19,317,43,40,47,168,47,41,04,075,37,5*7B
$GNGGA,115822.86,3724.55174,N,12159.39327,W,1,08,1.1,-13.9,M,-31.6,M,,*56
$GNRMC,115822.86,A,3724.55174,N,12159.39327,W,1.5,47.1,160726,,,A,U*18
$GNGLL,3724.55174,N,12159.39327,W,115822.86,A,A*64
$GNGNS,115822.86,3724.55174,N,12159.39327,W,A,08,1.1,-13.9,-31.6,,,U*44
$GNGSA,A,3,,,,,,,,,,,,,1.8,1.1,1.4,1*3D
$GNGSA,A,3,,,,,,,,,,,,,1.8,1.1,1.4,3*3F
$GNGSA,A,3,11,27,29,30,36,39,40,41,,,,,1.8,1.1,1.4,4*3B
$GPGSV,1,1,00,,,,,,,,,,,,,,,,,8*6D
$GAGSV,1,1,00,,,,,,,,,,,,,,,,,1*75
$GAGSV,1,1,00,,,,,,,,,,,,,,,,,2*76
$GAGSV,1,1,00,,,,,,,,,,,,,,,,,3*77
$GBGSV,3,1,12,11,51,253,47,26,36,050,,27,36,050,46,28,28,248,,5*7D
$GBGSV,3,2,12,29,28,248,46,30,76,301,47,35,63,282,,36,63,282,50,5*78
$GBGSV,3,3,12,38,19,317,,39,19,317,43,40,47,168,47,41,04,075,37,5*7B
$GNGGA,115823.86,3724.55170,N,12159.39325,W,1,08,1.1,-14.4,M,-31.6,M,,*5B
$GNRMC,115823.86,A,3724.55170,N,12159.39325,W,1.5,47.0,160726,,,A,U*1E
$GNGLL,3724.55170,N,12159.39325,W,115823.86,A,A*63
$GNGNS,115823.86,3724.55170,N,12159.39325,W,A,08,1.1,-14.4,-31.6,,,U*49
$GNGSA,A,3,,,,,,,,,,,,,1.8,1.1,1.4,1*3D
$GNGSA,A,3,,,,,,,,,,,,,1.8,1.1,1.4,3*3F
$GNGSA,A,3,11,27,29,30,36,39,40,41,,,,,1.8,1.1,1.4,4*3B
$GPGSV,1,1,00,,,,,,,,,,,,,,,,,8*6D
$GAGSV,1,1,00,,,,,,,,,,,,,,,,,1*75
$GAGSV,1,1,00,,,,,,,,,,,,,,,,,2*76
$GAGSV,1,1,00,,,,,,,,,,,,,,,,,3*77
$GBGSV,3,1,12,11,51,253,47,26,36,050,,27,36,050,46,28,28,248,,5*7D
$GBGSV,3,2,12,29,28,248,46,30,76,301,47,35,63,282,,36,63,282,50,5*78
$GBGSV,3,3,12,38,19,317,,39,19,317,43,40,47,168,47,41,04,075,37,5*7B
$GNGGA,115824.86,3724.55294,N,12159.39473,W,1,08,1.1,4.6,M,-31.6,M,,*4F
$GNRMC,115824.86,A,3724.55294,N,12159.39473,W,0.0,47.0,160726,,,A,U*10
$GNGLL,3724.55294,N,12159.39473,W,115824.86,A,A*69
$GNGNS,115824.86,3724.55294,N,12159.39473,W,A,08,1.1,4.6,-31.6,,,U*5D
$GNGSA,A,3,,,,,,,,,,,,,1.8,1.1,1.4,1*3D
$GNGSA,A,3,,,,,,,,,,,,,1.8,1.1,1.4,3*3F
$GNGSA,A,3,11,27,29,30,36,39,40,41,,,,,1.8,1.1,1.4,4*3B
$GPGSV,1,1,00,,,,,,,,,,,,,,,,,8*6D
$GAGSV,1,1,00,,,,,,,,,,,,,,,,,1*75
$GAGSV,1,1,00,,,,,,,,,,,,,,,,,2*76
$GAGSV,1,1,00,,,,,,,,,,,,,,,,,3*77
$GBGSV,3,1,12,11,51,253,47,26,36,050,,27,36,050,46,28,28,248,,5*7D
$GBGSV,3,2,12,29,28,248,46,30,76,301,47,35,63,282,,36,63,282,50,5*78
$GBGSV,3,3,12,38,19,317,,39,19,317,43,40,47,168,47,41,04,075,37,5*7B
$GNGGA,115825.86,3724.55288,N,12159.39456,W,1,08,1.1,5.1,M,-31.6,M,,*42
$GNRMC,115825.86,A,3724.55288,N,12159.39456,W,0.0,47.0,160726,,,A,U*1B
$GNGLL,3724.55288,N,12159.39456,W,115825.86,A,A*62
$GNGNS,115825.86,3724.55288,N,12159.39456,W,A,08,1.1,5.1,-31.6,,,U*50
$GNGSA,A,3,,,,,,,,,,,,,1.8,1.1,1.4,1*3D
$GNGSA,A,3,,,,,,,,,,,,,1.8,1.1,1.4,3*3F
$GNGSA,A,3,11,27,29,30,36,39,40,41,,,,,1.8,1.1,1.4,4*3B
$GPGSV,1,1,00,,,,,,,,,,,,,,,,,8*6D
$GAGSV,1,1,00,,,,,,,,,,,,,,,,,1*75
$GAGSV,1,1,00,,,,,,,,,,,,,,,,,2*76
$GAGSV,1,1,00,,,,,,,,,,,,,,,,,3*77
$GBGSV,3,1,12,11,51,253,47,26,36,050,,27,36,050,46,28,28,248,,5*7D
$GBGSV,3,2,12,29,28,248,46,30,76,301,47,35,63,282,,36,63,282,50,5*78
$GBGSV,3,3,12,38,19,317,,39,19,317,43,40,47,168,47,41,04,075,37,5*7B
$GNGGA,115826.86,3724.55289,N,12159.39467,W,1,08,1.1,5.3,M,-31.6,M,,*40
$GNRMC,115826.86,A,3724.55289,N,12159.39467,W,0.0,47.0,160726,,,A,U*1B
$GNGLL,3724.55289,N,12159.39467,W,115826.86,A,A*62
$GNGNS,115826.86,3724.55289,N,12159.39467,W,A,08,1.1,5.3,-31.6,,,U*52
$GNGSA,A,3,,,,,,,,,,,,,1.8,1.1,1.4,1*3D
$GNGSA,A,3,,,,,,,,,,,,,1.8,1.1,1.4,3*3F
$GNGSA,A,3,11,27,29,30,36,39,40,41,,,,,1.8,1.1,1.4,4*3B
$GPGSV,1,1,00,,,,,,,,,,,,,,,,,8*6D
$GAGSV,1,1,00,,,,,,,,,,,,,,,,,1*75
$GAGSV,1,1,00,,,,,,,,,,,,,,,,,2*76
$GAGSV,1,1,00,,,,,,,,,,,,,,,,,3*77
$GBGSV,3,1,12,11,51,253,47,26,36,050,,27,36,050,46,28,28,248,,5*7D
$GBGSV,3,2,12,29,28,248,46,30,76,301,47,35,63,282,,36,64,282,50,5*7F
$GBGSV,3,3,12,38,19,317,,39,19,317,43,40,47,168,47,41,04,075,38,5*74
$GNGGA,115827.86,3724.55300,N,12159.39472,W,1,08,1.1,4.6,M,-31.6,M,,*41
$GNRMC,115827.86,A,3724.55300,N,12159.39472,W,0.0,47.0,160726,,,A,U*1E
$GNGLL,3724.55300,N,12159.39472,W,115827.86,A,A*67
$GNGNS,115827.86,3724.55300,N,12159.39472,W,A,08,1.1,4.6,-31.6,,,U*53
$GNGSA,A,3,,,,,,,,,,,,,1.8,1.1,1.4,1*3D
$GNGSA,A,3,,,,,,,,,,,,,1.8,1.1,1.4,3*3F
$GNGSA,A,3,11,27,29,30,36,39,40,41,,,,,1.8,1.1,1.4,4*3B
$GPGSV,1,1,00,,,,,,,,,,,,,,,,,8*6D
$GAGSV,1,1,00,,,,,,,,,,,,,,,,,1*75
$GAGSV,1,1,00,,,,,,,,,,,,,,,,,2*76
$GAGSV,1,1,00,,,,,,,,,,,,,,,,,3*77
$GBGSV,3,1,12,11,51,253,47,26,36,050,,27,36,050,46,28,28,248,,5*7D
$GBGSV,3,2,12,29,28,248,46,30,76,301,47,35,63,282,,36,64,282,50,5*7F
$GBGSV,3,3,12,38,19,317,,39,19,317,43,40,47,168,48,41,04,075,38,5*7B
$GNGGA,115828.86,3724.55298,N,12159.39470,W,1,08,1.1,4.7,M,-31.6,M,,*4D
$GNRMC,115828.86,A,3724.55298,N,12159.39470,W,0.0,47.0,160726,,,A,U*13
$GNGLL,3724.55298,N,12159.39470,W,115828.86,A,A*6A
$GNGNS,115828.86,3724.55298,N,12159.39470,W,A,08,1.1,4.7,-31.6,,,U*5F
$GNGSA,A,3,,,,,,,,,,,,,1.8,1.1,1.4,1*3D
$GNGSA,A,3,,,,,,,,,,,,,1.8,1.1,1.4,3*3F
$GNGSA,A,3,11,27,29,30,36,39,40,41,,,,,1.8,1.1,1.4,4*3B
$GPGSV,1,1,00,,,,,,,,,,,,,,,,,8*6D
$GAGSV,1,1,00,,,,,,,,,,,,,,,,,1*75
$GAGSV,1,1,00,,,,,,,,,,,,,,,,,2*76
$GAGSV,1,1,00,,,,,,,,,,,,,,,,,3*77
$GBGSV,3,1,12,11,51,253,47,26,36,050,,27,36,050,46,28,28,248,,5*7D
$GBGSV,3,2,12,29,28,248,46,30,76,301,47,35,63,282,,36,64,282,50,5*7F
$GBGSV,3,3,12,38,19,317,,39,19,317,43,40,47,168,47,41,04,075,37,5*7B
$GNGGA,115829.86,3724.55299,N,12159.39468,W,1,08,1.1,4.7,M,-31.6,M,,*44
$GNRMC,115829.86,A,3724.55299,N,12159.39468,W,0.0,47.0,160726,,,A,U*1A
$GNGLL,3724.55299,N,12159.39468,W,115829.86,A,A*63
$GNGNS,115829.86,3724.55299,N,12159.39468,W,A,08,1.1,4.7,-31.6,,,U*56
$GNGSA,A,3,,,,,,,,,,,,,1.8,1.1,1.4,1*3D
$GNGSA,A,3,,,,,,,,,,,,,1.8,1.1,1.4,3*3F
$GNGSA,A,3,11,27,29,30,36,39,40,41,,,,,1.8,1.1,1.4,4*3B
$GPGSV,1,1,00,,,,,,,,,,,,,,,,,8*6D
$GAGSV,1,1,00,,,,,,,,,,,,,,,,,1*75
$GAGSV,1,1,00,,,,,,,,,,,,,,,,,2*76
$GAGSV,1,1,00,,,,,,,,,,,,,,,,,3*77
$GBGSV,3,1,12,11,51,253,47,26,36,050,,27,36,050,46,28,28,248,,5*7D
$GBGSV,3,2,12,29,28,248,46,30,76,301,47,35,63,282,,36,64,282,50,5*7F
$GBGSV,3,3,12,38,19,317,,39,19,317,43,40,47,168,47,41,04,075,37,5*7B
$GNGGA,115830.86,3724.55298,N,12159.39468,W,1,08,1.1,4.7,M,-31.6,M,,*4D
$GNRMC,115830.86,A,3724.55298,N,12159.39468,W,0.1,47.0,160726,,,A,U*12
$GNGLL,3724.55298,N,12159.39468,W,115830.86,A,A*6A
$GNGNS,115830.86,3724.55298,N,12159.39468,W,A,08,1.1,4.7,-31.6,,,U*5F
$GNGSA,A,3,,,,,,,,,,,,,1.8,1.1,1.4,1*3D
$GNGSA,A,3,,,,,,,,,,,,,1.8,1.1,1.4,3*3F
$GNGSA,A,3,11,27,29,30,36,39,40,41,,,,,1.8,1.1,1.4,4*3B
$GPGSV,1,1,00,,,,,,,,,,,,,,,,,8*6D
$GAGSV,1,1,00,,,,,,,,,,,,,,,,,1*75
$GAGSV,1,1,00,,,,,,,,,,,,,,,,,2*76
$GAGSV,1,1,00,,,,,,,,,,,,,,,,,3*77
$GBGSV,3,1,12,11,51,253,47,26,36,050,,27,36,050,46,28,28,248,,5*7D
$GBGSV,3,2,12,29,28,248,46,30,76,301,47,35,63,282,,36,64,282,50,5*7F
$GBGSV,3,3,12,38,19,317,,39,19,317,44,40,47,168,47,41,04,075,37,5*7C
$GNGGA,115831.86,3724.55299,N,12159.39467,W,1,08,1.1,4.5,M,-31.6,M,,*40
$GNRMC,115831.86,A,3724.55299,N,12159.39467,W,0.1,47.0,160726,,,A,U*1D
$GNGLL,3724.55299,N,12159.39467,W,115831.86,A,A*65
$GNGNS,115831.86,3724.55299,N,12159.39467,W,A,08,1.1,4.5,-31.6,,,U*52
$GNGSA,A,3,,,,,,,,,,,,,1.8,1.1,1.4,1*3D
$GNGSA,A,3,,,,,,,,,,,,,1.8,1.1,1.4,3*3F
$GNGSA,A,3,11,27,29,30,36,39,40,41,,,,,1.8,1.1,1.4,4*3B
$GPGSV,1,1,00,,,,,,,,,,,,,,,,,8*6D
$GAGSV,1,1,00,,,,,,,,,,,,,,,,,1*75
$GAGSV,1,1,00,,,,,,,,,,,,,,,,,2*76
$GAGSV,1,1,00,,,,,,,,,,,,,,,,,3*77
$GBGSV,4,1,13,06,01,332,,11,51,253,47,26,36,050,,27,36,050,46,5*70
$GBGSV,4,2,13,28,28,248,,29,28,248,46,30,76,301,47,35,63,282,,5*7D
$GBGSV,4,3,13,36,64,282,50,38,19,317,,39,19,317,43,40,47,168,47,5*70
$GBGSV,4,4,13,41,04,075,38,,,,,,,,,,,,,5*48
$GNGGA,115832.86,3724.55298,N,12159.39468,W,1,08,1.1,4.2,M,-31.6,M,,*4A
$GNRMC,115832.86,A,3724.55298,N,12159.39468,W,0.1,47.0,160726,,,A,U*10
$GNGLL,3724.55298,N,12159.39468,W,115832.86,A,A*68
$GNGNS,115832.86,3724.55298,N,12159.39468,W,A,08,1.1,4.2,-31.6,,,U*58
$GNGSA,A,3,,,,,,,,,,,,,1.8,1.1,1.4,1*3D
$GNGSA,A,3,,,,,,,,,,,,,1.8,1.1,1.4,3*3F
$GNGSA,A,3,11,27,29,30,36,39,40,41,,,,,1.8,1.1,1.4,4*3B
$GPGSV,1,1,00,,,,,,,,,,,,,,,,,8*6D
$GAGSV,1,1,00,,,,,,,,,,,,,,,,,1*75
$GAGSV,1,1,00,,,,,,,,,,,,,,,,,2*76
$GAGSV,1,1,00,,,,,,,,,,,,,,,,,3*77
$GBGSV,4,1,13,06,01,332,,11,51,253,47,26,36,050,,27,36,050,46,5*70
$GBGSV,4,2,13,28,28,248,,29,28,248,46,30,76,301,47,35,63,282,,5*7D
$GBGSV,4,3,13,36,64,282,50,38,19,317,,39,19,317,44,40,47,168,48,5*78
$GBGSV,4,4,13,41,04,075,38,,,,,,,,,,,,,5*48
$GNGGA,115833.86,3724.55293,N,12159.39465,W,1,08,1.1,3.9,M,-31.6,M,,*41
$GNRMC,115833.86,A,3724.55293,N,12159.39465,W,0.2,53.1,160726,,,A,U*10
$GNGLL,3724.55293,N,12159.39465,W,115833.86,A,A*6F
$GNGNS,115833.86,3724.55293,N,12159.39465,W,A,08,1.1,3.9,-31.6,,,U*53
$GNGSA,A,3,,,,,,,,,,,,,1.8,1.1,1.4,1*3D
$GNGSA,A,3,,,,,,,,,,,,,1.8,1.1,1.4,3*3F
$GNGSA,A,3,11,27,29,30,36,39,40,41,,,,,1.8,1.1,1.4,4*3B
$GPGSV,1,1,00,,,,,,,,,,,,,,,,,8*6D
$GAGSV,1,1,00,,,,,,,,,,,,,,,,,1*75
$GAGSV,1,1,00,,,,,,,,,,,,,,,,,2*76
$GAGSV,1,1,00,,,,,,,,,,,,,,,,,3*77
$GBGSV,4,1,13,06,01,332,,11,51,253,47,26,36,050,,27,36,050,46,5*70
$GBGSV,4,2,13,28,28,248,,29,28,248,46,30,76,301,47,35,63,282,,5*7D
$GBGSV,4,3,13,36,64,282,50,38,19,317,,39,19,317,43,40,47,168,47,5*70
$GBGSV,4,4,13,41,04,075,38,,,,,,,,,,,,,5*48
$GNGGA,115834.86,3724.55291,N,12159.39461,W,1,08,1.1,3.5,M,-31.6,M,,*4C
$GNRMC,115834.86,A,3724.55291,N,12159.39461,W,0.3,51.8,160726,,,A,U*1B
$GNGLL,3724.55291,N,12159.39461,W,115834.86,A,A*6E
$GNGNS,115834.86,3724.55291,N,12159.39461,W,A,08,1.1,3.5,-31.6,,,U*5E
$GNGSA,A,3,,,,,,,,,,,,,1.8,1.1,1.4,1*3D
$GNGSA,A,3,,,,,,,,,,,,,1.8,1.1,1.4,3*3F
$GNGSA,A,3,11,27,29,30,36,39,40,41,,,,,1.8,1.1,1.4,4*3B
$GPGSV,1,1,00,,,,,,,,,,,,,,,,,8*6D
$GAGSV,1,1,00,,,,,,,,,,,,,,,,,1*75
$GAGSV,1,1,00,,,,,,,,,,,,,,,,,2*76
$GAGSV,1,1,00,,,,,,,,,,,,,,,,,3*77
$GBGSV,4,1,13,06,01,332,,11,51,253,47,26,36,050,,27,36,050,46,5*70
$GBGSV,4,2,13,28,28,248,,29,28,248,46,30,76,301,47,35,63,282,,5*7D
$GBGSV,4,3,13,36,64,282,50,38,19,317,,39,19,317,43,40,47,168,47,5*70
$GBGSV,4,4,13,41,04,075,38,,,,,,,,,,,,,5*48
$GNGGA,115835.86,3724.55288,N,12159.39457,W,1,08,1.1,3.0,M,-31.6,M,,*45
$GNRMC,115835.86,A,3724.55288,N,12159.39457,W,0.3,50.9,160726,,,A,U*17
$GNGLL,3724.55288,N,12159.39457,W,115835.86,A,A*62
$GNGNS,115835.86,3724.55288,N,12159.39457,W,A,08,1.1,3.0,-31.6,,,U*57
$GNGSA,A,3,,,,,,,,,,,,,1.8,1.1,1.4,1*3D
$GNGSA,A,3,,,,,,,,,,,,,1.8,1.1,1.4,3*3F
$GNGSA,A,3,11,27,29,30,36,39,40,41,,,,,1.8,1.1,1.4,4*3B
$GPGSV,1,1,00,,,,,,,,,,,,,,,,,8*6D
$GAGSV,1,1,00,,,,,,,,,,,,,,,,,1*75
$GAGSV,1,1,00,,,,,,,,,,,,,,,,,2*76
$GAGSV,1,1,00,,,,,,,,,,,,,,,,,3*77
$GBGSV,4,1,13,06,01,332,,11,51,253,47,26,36,050,,27,36,050,46,5*70
$GBGSV,4,2,13,28,28,248,,29,28,248,46,30,76,301,47,35,63,282,,5*7D
$GBGSV,4,3,13,36,64,282,50,38,19,317,,39,19,317,43,40,47,168,48,5*7F
$GBGSV,4,4,13,41,04,075,38,,,,,,,,,,,,,5*48
$GNGGA,115836.86,3724.55282,N,12159.39457,W,1,08,1.1,2.5,M,-31.6,M,,*48
$GNRMC,115836.86,A,3724.55282,N,12159.39457,W,0.4,49.5,160726,,,A,U*1D
$GNGLL,3724.55282,N,12159.39457,W,115836.86,A,A*6B
$GNGNS,115836.86,3724.55282,N,12159.39457,W,A,08,1.1,2.5,-31.6,,,U*5A
$GNGSA,A,3,,,,,,,,,,,,,1.8,1.1,1.4,1*3D
$GNGSA,A,3,,,,,,,,,,,,,1.8,1.1,1.4,3*3F
$GNGSA,A,3,11,27,29,30,36,39,40,41,,,,,1.8,1.1,1.4,4*3B
$GPGSV,1,1,00,,,,,,,,,,,,,,,,,8*6D
$GAGSV,1,1,00,,,,,,,,,,,,,,,,,1*75
$GAGSV,1,1,00,,,,,,,,,,,,,,,,,2*76
$GAGSV,1,1,00,,,,,,,,,,,,,,,,,3*77
$GBGSV,4,1,13,06,01,332,,11,51,253,47,26,36,050,,27,36,050,46,5*70
$GBGSV,4,2,13,28,28,248,,29,28,248,46,30,76,301,47,35,63,282,,5*7D
$GBGSV,4,3,13,36,64,282,50,38,19,317,,39,19,317,43,40,47,168,47,5*70
$GBGSV,4,4,13,41,04,075,38,,,,,,,,,,,,,5*48
$GNGGA,115837.86,3724.55278,N,12159.39459,W,1,08,1.1,2.1,M,-31.6,M,,*46
$GNRMC,115837.86,A,3724.55278,N,12159.39459,W,0.4,48.8,160726,,,A,U*1B
$GNGLL,3724.55278,N,12159.39459,W,115837.86,A,A*61
$GNGNS,115837.86,3724.55278,N,12159.39459,W,A,08,1.1,2.1,-31.6,,,U*54
$GNGSA,A,3,,,,,,,,,,,,,1.8,1.1,1.4,1*3D
$GNGSA,A,3,,,,,,,,,,,,,1.8,1.1,1.4,3*3F
$GNGSA,A,3,11,27,29,30,36,39,40,41,,,,,1.8,1.1,1.4,4*3B
$GPGSV,1,1,00,,,,,,,,,,,,,,,,,8*6D
$GAGSV,1,1,00,,,,,,,,,,,,,,,,,1*75
$GAGSV,1,1,00,,,,,,,,,,,,,,,,,2*76
$GAGSV,1,1,00,,,,,,,,,,,,,,,,,3*77
$GBGSV,4,1,13,06,01,332,,11,51,253,47,26,36,050,,27,36,050,46,5*70
$GBGSV,4,2,13,28,28,248,,29,28,248,46,30,76,301,47,35,63,282,,5*7D
$GBGSV,4,3,13,36,64,282,50,38,19,317,,39,19,317,43,40,47,168,47,5*70
$GBGSV,4,4,13,41,04,075,38,,,,,,,,,,,,,5*48
$GNGGA,115838.86,3724.55277,N,12159.39457,W,1,08,1.1,1.6,M,-31.6,M,,*4C
$GNRMC,115838.86,A,3724.55277,N,12159.39457,W,0.4,48.2,160726,,,A,U*1F
$GNGLL,3724.55277,N,12159.39457,W,115838.86,A,A*6F
$GNGNS,115838.86,3724.55277,N,12159.39457,W,A,08,1.1,1.6,-31.6,,,U*5E
$GNGSA,A,3,,,,,,,,,,,,,1.8,1.1,1.4,1*3D
$GNGSA,A,3,,,,,,,,,,,,,1.8,1.1,1.4,3*3F
$GNGSA,A,3,11,27,29,30,36,39,40,41,,,,,1.8,1.1,1.4,4*3B
$GPGSV,1,1,00,,,,,,,,,,,,,,,,,8*6D
$GAGSV,1,1,00,,,,,,,,,,,,,,,,,1*75
$GAGSV,1,1,00,,,,,,,,,,,,,,,,,2*76
$GAGSV,1,1,00,,,,,,,,,,,,,,,,,3*77
$GBGSV,4,1,13,06,01,332,,11,51,253,46,26,36,050,,27,36,050,46,5*71
$GBGSV,4,2,13,28,28,248,,29,28,248,46,30,76,301,47,35,63,282,,5*7D
$GBGSV,4,3,13,36,64,282,49,38,19,317,,39,19,317,43,40,47,168,47,5*78
$GBGSV,4,4,13,41,04,075,38,,,,,,,,,,,,,5*48
$GNGGA,115839.86,3724.55271,N,12159.39454,W,1,08,1.1,1.1,M,-31.6,M,,*4F
$GNRMC,115839.86,A,3724.55271,N,12159.39454,W,0.5,47.8,160726,,,A,U*1F
$GNGLL,3724.55271,N,12159.39454,W,115839.86,A,A*6B
$GNGNS,115839.86,3724.55271,N,12159.39454,W,A,08,1.1,1.1,-31.6,,,U*5D
$GNGSA,A,3,,,,,,,,,,,,,1.8,1.1,1.4,1*3D
$GNGSA,A,3,,,,,,,,,,,,,1.8,1.1,1.4,3*3F
$GNGSA,A,3,11,27,29,30,36,39,40,41,,,,,1.8,1.1,1.4,4*3B
$GPGSV,1,1,00,,,,,,,,,,,,,,,,,8*6D
$GAGSV,1,1,00,,,,,,,,,,,,,,,,,1*75
$GAGSV,1,1,00,,,,,,,,,,,,,,,,,2*76
$GAGSV,1,1,00,,,,,,,,,,,,,,,,,3*77
$GBGSV,4,1,13,06,01,332,,11,51,253,46,26,36,050,,27,36,050,46,5*71
$GBGSV,4,2,13,28,28,248,,29,28,248,46,30,76,301,47,35,63,282,,5*7D
$GBGSV,4,3,13,36,64,282,49,38,19,317,,39,19,317,43,40,47,168,47,5*78
$GBGSV,4,4,13,41,04,075,39,,,,,,,,,,,,,5*49
$GNGGA,115840.86,3724.55268,N,12159.39452,W,1,08,1.1,0.6,M,-31.6,M,,*49
$GNRMC,115840.86,A,3724.55268,N,12159.39452,W,0.5,47.4,160726,,,A,U*13
$GNGLL,3724.55268,N,12159.39452,W,115840.86,A,A*6B
$GNGNS,115840.86,3724.55268,N,12159.39452,W,A,08,1.1,0.6,-31.6,,,U*5B
$GNGSA,A,3,,,,,,,,,,,,,1.8,1.1,1.4,1*3D
$GNGSA,A,3,,,,,,,,,,,,,1.8,1.1,1.4,3*3F
$GNGSA,A,3,11,27,29,30,36,39,40,41,,,,,1.8,1.1,1.4,4*3B
$GPGSV,1,1,00,,,,,,,,,,,,,,,,,8*6D
$GAGSV,1,1,00,,,,,,,,,,,,,,,,,1*75
$GAGSV,1,1,00,,,,,,,,,,,,,,,,,2*76
$GAGSV,1,1,00,,,,,,,,,,,,,,,,,3*77
$GBGSV,4,1,13,06,01,332,,11,51,253,46,26,36,050,,27,36,050,46,5*71
$GBGSV,4,2,13,28,28,248,,29,28,248,46,30,76,301,46,35,64,282,,5*7B
$GBGSV,4,3,13,36,64,282,49,38,19,317,,39,19,317,43,40,47,168,48,5*77
$GBGSV,4,4,13,41,04,075,39,,,,,,,,,,,,,5*49
$GNGGA,115841.86,3724.55262,N,12159.39453,W,1,08,1.1,0.1,M,-31.6,M,,*44
$GNRMC,115841.86,A,3724.55262,N,12159.39453,W,0.5,47.3,160726,,,A,U*1E
$GNGLL,3724.55262,N,12159.39453,W,115841.86,A,A*61
$GNGNS,115841.86,3724.55262,N,12159.39453,W,A,08,1.1,0.1,-31.6,,,U*56
$GNGSA,A,3,,,,,,,,,,,,,1.8,1.1,1.4,1*3D
$GNGSA,A,3,,,,,,,,,,,,,1.8,1.1,1.4,3*3F
$GNGSA,A,3,11,27,29,30,36,39,40,41,,,,,1.8,1.1,1.4,4*3B
$GPGSV,1,1,00,,,,,,,,,,,,,,,,,8*6D
$GAGSV,1,1,00,,,,,,,,,,,,,,,,,1*75
$GAGSV,1,1,00,,,,,,,,,,,,,,,,,2*76
$GAGSV,1,1,00,,,,,,,,,,,,,,,,,3*77
$GBGSV,4,1,13,06,01,332,,11,51,253,47,26,36,050,,27,36,050,47,5*71
$GBGSV,4,2,13,28,28,248,,29,28,248,46,30,76,301,47,35,64,282,,5*7A
$GBGSV,4,3,13,36,64,282,49,38,19,317,,39,19,317,43,40,47,168,47,5*78
$GBGSV,4,4,13,41,04,075,39,,,,,,,,,,,,,5*49
$GNGGA,115842.86,3724.55258,N,12159.39452,W,1,08,1.1,-0.3,M,-31.6,M,,*60
$GNRMC,115842.86,A,3724.55258,N,12159.39452,W,0.5,47.2,160726,,,A,U*14
$GNGLL,3724.55258,N,12159.39452,W,115842.86,A,A*6A
$GNGNS,115842.86,3724.55258,N,12159.39452,W,A,08,1.1,-0.3,-31.6,,,U*72
$GNGSA,A,3,,,,,,,,,,,,,1.8,1.1,1.4,1*3D
$GNGSA,A,3,,,,,,,,,,,,,1.8,1.1,1.4,3*3F
$GNGSA,A,3,11,27,29,30,36,39,40,41,,,,,1.8,1.1,1.4,4*3B
$GPGSV,1,1,00,,,,,,,,,,,,,,,,,8*6D
$GAGSV,1,1,00,,,,,,,,,,,,,,,,,1*75
$GAGSV,1,1,00,,,,,,,,,,,,,,,,,2*76
$GAGSV,1,1,00,,,,,,,,,,,,,,,,,3*77
$GBGSV,4,1,13,06,01,332,,11,51,253,47,26,36,050,,27,36,050,46,5*70
$GBGSV,4,2,13,28,28,248,,29,28,248,46,30,76,301,48,35,64,282,,5*75
$GBGSV,4,3,13,36,64,282,49,38,19,317,,39,19,317,43,40,47,168,47,5*78
$GBGSV,4,4,13,41,04,075,39,,,,,,,,,,,,,5*49
$GNGGA,115843.86,3724.55255,N,12159.39454,W,1,08,1.1,-0.8,M,-31.6,M,,*61
$GNRMC,115843.86,A,3724.55255,N,12159.39454,W,0.5,47.1,160726,,,A,U*1D
$GNGLL,3724.55255,N,12159.39454,W,115843.86,A,A*60
$GNGNS,115843.86,3724.55255,N,12159.39454,W,A,08,1.1,-0.8,-31.6,,,U*73
$GNGSA,A,3,,,,,,,,,,,,,1.8,1.1,1.4,1*3D
$GNGSA,A,3,,,,,,,,,,,,,1.8,1.1,1.4,3*3F
$GNGSA,A,3,11,27,29,30,36,39,40,41,,,,,1.8,1.1,1.4,4*3B
$GPGSV,1,1,00,,,,,,,,,,,,,,,,,8*6D
$GAGSV,1,1,00,,,,,,,,,,,,,,,,,1*75
$GAGSV,1,1,00,,,,,,,,,,,,,,,,,2*76
$GAGSV,1,1,00,,,,,,,,,,,,,,,,,3*77
$GBGSV,4,1,13,06,01,332,,11,51,253,47,26,36,050,,27,36,050,46,5*70
$GBGSV,4,2,13,28,28,248,,29,29,248,46,30,76,301,47,35,64,282,,5*7B
$GBGSV,4,3,13,36,64,282,50,38,19,317,,39,19,317,43,40,47,168,47,5*70
$GBGSV,4,4,13,41,04,075,39,,,,,,,,,,,,,5*49
