$GNGGA,000002.21,,,,,0,00,,,M,,M,,*57
$GNRMC,000002.21,V,,,,,,,,,,N,V*18
$GNGLL,,,,,000002.21,V,N*55
$GNGNS,000002.21,,,,,A,00,,,,,,V*47
$GNGSA,A,,,,,,,,,,,,,,,,,1*2C
$GNGSA,A,,,,,,,,,,,,,,,,,3*2E
$GNGSA,A,,,,,,,,,,,,,,,,,4*29
$GPGSV,1,1,00,,,,,,,,,,,,,,,,,8*6D
$GAGSV,1,1,00,,,,,,,,,,,,,,,,,1*75
$GAGSV,1,1,00,,,,,,,,,,,,,,,,,2*76
$GAGSV,1,1,00,,,,,,,,,,,,,,,,,3*77
$GBGSV,1,1,00,,,,,,,,,,,,,,,,,5*72
$GNGGA,000002.72,,,,,0,00,,,M,,M,,*51
$GNRMC,000002.72,V,,,,,,,,,,N,V*1E
$GNGLL,,,,,000002.72,V,N*53
$GNGNS,000002.72,,,,,A,00,,,,,,V*41
$GNGSA,A,,,,,,,,,,,,,,,,,1*2C
$GNGSA,A,,,,,,,,,,,,,,,,,3*2E
$GNGSA,A,,,,,,,,,,,,,,,,,4*29
$GPGSV,1,1,00,,,,,,,,,,,,,,,,,8*6D
$GAGSV,1,1,00,,,,,,,,,,,,,,,,,1*75
$GAGSV,1,1,00,,,,,,,,,,,,,,,,,2*76
$GAGSV,1,1,00,,,,,,,,,,,,,,,,,3*77
$GBGSV,1,1,01,11,,,45,,,,,,,,,,,,,5*72
$GNGGA,000003.72,,,,,0,00,,,M,,M,,*50
$GNRMC,000003.72,V,,,,,,,,,,N,V*1F
$GNGLL,,,,,000003.72,V,N*52
$GNGNS,000003.72,,,,,A,00,,,,,,V*40
$GNGSA,A,,,,,,,,,,,,,,,,,1*2C
$GNGSA,A,,,,,,,,,,,,,,,,,3*2E
$GNGSA,A,,,,,,,,,,,,,,,,,4*29
$GPGSV,1,1,00,,,,,,,,,,,,,,,,,8*6D
$GAGSV,1,1,00,,,,,,,,,,,,,,,,,1*75
$GAGSV,1,1,00,,,,,,,,,,,,,,,,,2*76
$GAGSV,1,1,00,,,,,,,,,,,,,,,,,3*77
$GBGSV,2,1,06,11,,,45,27,,,46,29,,,44,30,,,47,5*7A
$GBGSV,2,2,06,39,,,43,40,,,48,,,,,,,,,5*71
$GNGGA,000004.72,,,,,0,00,,,M,,M,,*57
$GNRMC,000004.72,V,,,,,,,,,,N,V*18
$GNGLL,,,,,000004.72,V,N*55
$GNGNS,000004.72,,,,,A,00,,,,,,V*47
$GNGSA,A,,,,,,,,,,,,,,,,,1*2C
$GNGSA,A,,,,,,,,,,,,,,,,,3*2E
$GNGSA,A,,,,,,,,,,,,,,,,,4*29
$GPGSV,1,1,00,,,,,,,,,,,,,,,,,8*6D
$GAGSV,1,1,00,,,,,,,,,,,,,,,,,1*75
$GAGSV,1,1,00,,,,,,,,,,,,,,,,,2*76
$GAGSV,1,1,00,,,,,,,,,,,,,,,,,3*77
$GBGSV,2,1,08,11,,,44,27,,,47,29,,,44,30,,,47,5*74
$GBGSV,2,2,08,36,,,49,39,,,43,40,,,48,41,,,39,5*78
$GNGGA,000005.72,,,,,0,00,,,M,,M,,*56
$GNRMC,000005.72,V,,,,,,,,,,N,V*19
$GNGLL,,,,,000005.72,V,N*54
$GNGNS,000005.72,,,,,A,00,,,,,,V*46
$GNGSA,A,,,,,,,,,,,,,,,,,1*2C
$GNGSA,A,,,,,,,,,,,,,,,,,3*2E
$GNGSA,A,,,,,,,,,,,,,,,,,4*29
$GPGSV,1,1,00,,,,,,,,,,,,,,,,,8*6D
$GAGSV,1,1,00,,,,,,,,,,,,,,,,,1*75
$GAGSV,1,1,00,,,,,,,,,,,,,,,,,2*76
$GAGSV,1,1,00,,,,,,,,,,,,,,,,,3*77
$GBGSV,2,1,08,11,,,44,27,,,47,29,,,44,30,,,47,5*74
$GBGSV,2,2,08,36,,,49,39,,,43,40,,,48,41,,,39,5*78
$GNGGA,000006.72,,,,,0,00,,,M,,M,,*55
$GNRMC,000006.72,V,,,,,,,,,,N,V*1A
$GNGLL,,,,,000006.72,V,N*57
$GNGNS,000006.72,,,,,A,00,,,,,,V*45
$GNGSA,A,,,,,,,,,,,,,,,,,1*2C
$GNGSA,A,,,,,,,,,,,,,,,,,3*2E
$GNGSA,A,,,,,,,,,,,,,,,,,4*29
$GPGSV,1,1,00,,,,,,,,,,,,,,,,,8*6D
$GAGSV,1,1,00,,,,,,,,,,,,,,,,,1*75
$GAGSV,1,1,00,,,,,,,,,,,,,,,,,2*76
$GAGSV,1,1,00,,,,,,,,,,,,,,,,,3*77
$GBGSV,2,1,08,11,,,44,27,,,47,29,,,44,30,,,47,5*74
$GBGSV,2,2,08,36,,,49,39,,,43,40,,,48,41,,,39,5*78
$GNGGA,000007.72,,,,,0,00,,,M,,M,,*54
$GNRMC,000007.72,V,,,,,,,,,,N,V*1B
$GNGLL,,,,,000007.72,V,N*56
$GNGNS,000007.72,,,,,A,00,,,,,,V*44
$GNGSA,A,,,,,,,,,,,,,,,,,1*2C
$GNGSA,A,,,,,,,,,,,,,,,,,3*2E
$GNGSA,A,,,,,,,,,,,,,,,,,4*29
$GPGSV,1,1,00,,,,,,,,,,,,,,,,,8*6D
$GAGSV,1,1,00,,,,,,,,,,,,,,,,,1*75
$GAGSV,1,1,00,,,,,,,,,,,,,,,,,2*76
$GAGSV,1,1,00,,,,,,,,,,,,,,,,,3*77
$GBGSV,2,1,08,11,,,45,27,,,47,29,,,44,30,,,47,5*75
$GBGSV,2,2,08,36,,,50,39,,,43,40,,,48,41,,,40,5*7E
$GNGGA,000008.72,,,,,0,00,,,M,,M,,*5B
$GNRMC,000008.72,V,,,,,,,,,,N,V*14
$GNGLL,,,,,000008.72,V,N*59
$GNGNS,000008.72,,,,,A,00,,,,,,V*4B
$GNGSA,A,,,,,,,,,,,,,,,,,1*2C
$GNGSA,A,,,,,,,,,,,,,,,,,3*2E
$GNGSA,A,,,,,,,,,,,,,,,,,4*29
$GPGSV,1,1,00,,,,,,,,,,,,,,,,,8*6D
$GAGSV,1,1,00,,,,,,,,,,,,,,,,,1*75
$GAGSV,1,1,00,,,,,,,,,,,,,,,,,2*76
$GAGSV,1,1,00,,,,,,,,,,,,,,,,,3*77
$GBGSV,2,1,08,11,,,44,27,,,47,29,,,44,30,,,47,5*74
$GBGSV,2,2,08,36,,,49,39,,,43,40,,,48,41,,,40,5*76
$GNGGA,000009.72,,,,,0,00,,,M,,M,,*5A
$GNRMC,000009.72,V,,,,,,,,,,N,V*15
$GNGLL,,,,,000009.72,V,N*58
$GNGNS,000009.72,,,,,A,00,,,,,,V*4A
$GNGSA,A,,,,,,,,,,,,,,,,,1*2C
$GNGSA,A,,,,,,,,,,,,,,,,,3*2E
$GNGSA,A,,,,,,,,,,,,,,,,,4*29
$GPGSV,1,1,00,,,,,,,,,,,,,,,,,8*6D
$GAGSV,1,1,00,,,,,,,,,,,,,,,,,1*75
$GAGSV,1,1,00,,,,,,,,,,,,,,,,,2*76
$GAGSV,1,1,00,,,,,,,,,,,,,,,,,3*77
$GBGSV,2,1,08,11,,,44,27,,,47,29,,,44,30,,,47,5*74
$GBGSV,2,2,08,36,,,49,39,,,43,40,,,48,41,,,40,5*76
$GNGGA,000010.72,,,,,0,00,,,M,,M,,*52
$GNRMC,000010.72,V,,,,,,,,,,N,V*1D
$GNGLL,,,,,000010.72,V,N*50
$GNGNS,000010.72,,,,,A,00,,,,,,V*42
$GNGSA,A,,,,,,,,,,,,,,,,,1*2C
$GNGSA,A,,,,,,,,,,,,,,,,,3*2E
$GNGSA,A,,,,,,,,,,,,,,,,,4*29
$GPGSV,1,1,00,,,,,,,,,,,,,,,,,8*6D
$GAGSV,1,1,00,,,,,,,,,,,,,,,,,1*75
$GAGSV,1,1,00,,,,,,,,,,,,,,,,,2*76
$GAGSV,1,1,00,,,,,,,,,,,,,,,,,3*77
$GBGSV,2,1,08,11,,,44,27,,,47,29,,,44,30,,,47,5*74
$GBGSV,2,2,08,36,,,50,39,,,43,40,,,48,41,,,40,5*7E
$GNGGA,000011.72,,,,,0,00,,,M,,M,,*53
$GNRMC,000011.72,V,,,,,,,,,,N,V*1C
$GNGLL,,,,,000011.72,V,N*51
$GNGNS,000011.72,,,,,A,00,,,,,,V*43
$GNGSA,A,,,,,,,,,,,,,,,,,1*2C
$GNGSA,A,,,,,,,,,,,,,,,,,3*2E
$GNGSA,A,,,,,,,,,,,,,,,,,4*29
$GPGSV,1,1,00,,,,,,,,,,,,,,,,,8*6D
$GAGSV,1,1,00,,,,,,,,,,,,,,,,,1*75
$GAGSV,1,1,00,,,,,,,,,,,,,,,,,2*76
$GAGSV,1,1,00,,,,,,,,,,,,,,,,,3*77
$GBGSV,2,1,08,11,,,44,27,,,46,29,,,44,30,,,47,5*75
$GBGSV,2,2,08,36,,,49,39,,,43,40,,,48,41,,,40,5*76
$GNGGA,000012.72,,,,,0,00,,,M,,M,,*50
$GNRMC,000012.72,V,,,,,,,,,,N,V*1F
$GNGLL,,,,,000012.72,V,N*52
$GNGNS,000012.72,,,,,A,00,,,,,,V*40
$GNGSA,A,,,,,,,,,,,,,,,,,1*2C
$GNGSA,A,,,,,,,,,,,,,,,,,3*2E
$GNGSA,A,,,,,,,,,,,,,,,,,4*29
$GPGSV,1,1,00,,,,,,,,,,,,,,,,,8*6D
$GAGSV,1,1,00,,,,,,,,,,,,,,,,,1*75
$GAGSV,1,1,00,,,,,,,,,,,,,,,,,2*76
$GAGSV,1,1,00,,,,,,,,,,,,,,,,,3*77
$GBGSV,2,1,08,11,,,44,27,,,47,29,,,44,30,,,47,5*74
$GBGSV,2,2,08,36,,,50,39,,,43,40,,,48,41,,,40,5*7E
$GNGGA,000013.72,,,,,0,00,,,M,,M,,*51
$GNRMC,000013.72,V,,,,,,,,,,N,V*1E
$GNGLL,,,,,000013.72,V,N*53
$GNGNS,000013.72,,,,,A,00,,,,,,V*41
$GNGSA,A,,,,,,,,,,,,,,,,,1*2C
$GNGSA,A,,,,,,,,,,,,,,,,,3*2E
$GNGSA,A,,,,,,,,,,,,,,,,,4*29
$GPGSV,1,1,00,,,,,,,,,,,,,,,,,8*6D
$GAGSV,1,1,00,,,,,,,,,,,,,,,,,1*75
$GAGSV,1,1,00,,,,,,,,,,,,,,,,,2*76
$GAGSV,1,1,00,,,,,,,,,,,,,,,,,3*77
$GBGSV,2,1,08,11,,,45,27,,,47,29,,,44,30,,,47,5*75
$GBGSV,2,2,08,36,,,49,39,,,43,40,,,48,41,,,40,5*76
$GNGGA,000014.72,,,,,0,00,,,M,,M,,*56
$GNRMC,000014.72,V,,,,,,,,,,N,V*19
$GNGLL,,,,,000014.72,V,N*54
$GNGNS,000014.72,,,,,A,00,,,,,,V*46
$GNGSA,A,,,,,,,,,,,,,,,,,1*2C
$GNGSA,A,,,,,,,,,,,,,,,,,3*2E
$GNGSA,A,,,,,,,,,,,,,,,,,4*29
$GPGSV,1,1,00,,,,,,,,,,,,,,,,,8*6D
$GAGSV,1,1,00,,,,,,,,,,,,,,,,,1*75
$GAGSV,1,1,00,,,,,,,,,,,,,,,,,2*76
$GAGSV,1,1,00,,,,,,,,,,,,,,,,,3*77
$GBGSV,2,1,08,11,,,45,27,,,47,29,,,44,30,,,47,5*75
$GBGSV,2,2,08,36,,,50,39,,,43,40,,,48,41,,,40,5*7E
$GNGGA,000015.72,,,,,0,00,,,M,,M,,*57
$GNRMC,000015.72,V,,,,,,,,,,N,V*18
$GNGLL,,,,,000015.72,V,N*55
$GNGNS,000015.72,,,,,A,00,,,,,,V*47
$GNGSA,A,,,,,,,,,,,,,,,,,1*2C
$GNGSA,A,,,,,,,,,,,,,,,,,3*2E
$GNGSA,A,,,,,,,,,,,,,,,,,4*29
$GPGSV,1,1,00,,,,,,,,,,,,,,,,,8*6D
$GAGSV,1,1,00,,,,,,,,,,,,,,,,,1*75
$GAGSV,1,1,00,,,,,,,,,,,,,,,,,2*76
$GAGSV,1,1,00,,,,,,,,,,,,,,,,,3*77
$GBGSV,2,1,08,11,,,44,27,,,47,29,,,44,30,,,47,5*74
$GBGSV,2,2,08,36,,,50,39,,,43,40,,,48,41,,,40,5*7E
$GNGGA,115558.82,,,,,0,00,,,M,,M,,*51
$GNRMC,115558.82,V,,,,,,,,,,N,V*1E
$GNGLL,,,,,115558.82,V,N*53
$GNGNS,115558.82,,,,,A,00,,,,,,V*41
$GNGSA,A,,,,,,,,,,,,,,,,,1*2C
$GNGSA,A,,,,,,,,,,,,,,,,,3*2E
$GNGSA,A,,,,,,,,,,,,,,,,,4*29
$GPGSV,1,1,00,,,,,,,,,,,,,,,,,8*6D
$GAGSV,1,1,00,,,,,,,,,,,,,,,,,1*75
$GAGSV,1,1,00,,,,,,,,,,,,,,,,,2*76
$GAGSV,1,1,00,,,,,,,,,,,,,,,,,3*77
$GBGSV,2,1,08,11,,,45,27,,,47,29,,,45,30,,,47,5*74
$GBGSV,2,2,08,36,,,50,39,,,43,40,,,48,41,,,40,5*7E
$GNGGA,115559.82,,,,,0,00,,,M,,M,,*50
$GNRMC,115559.82,V,,,,,,,,,,N,V*1F
$GNGLL,,,,,115559.82,V,N*52
$GNGNS,115559.82,,,,,A,00,,,,,,V*40
$GNGSA,A,,,,,,,,,,,,,,,,,1*2C
$GNGSA,A,,,,,,,,,,,,,,,,,3*2E
$GNGSA,A,,,,,,,,,,,,,,,,,4*29
$GPGSV,1,1,00,,,,,,,,,,,,,,,,,8*6D
$GAGSV,1,1,00,,,,,,,,,,,,,,,,,1*75
$GAGSV,1,1,00,,,,,,,,,,,,,,,,,2*76
$GAGSV,1,1,00,,,,,,,,,,,,,,,,,3*77
$GBGSV,2,1,08,11,,,45,27,,,47,29,,,45,30,,,47,5*74
$GBGSV,2,2,08,36,,,50,39,,,43,40,,,48,41,,,40,5*7E
$GNGGA,115600.82,,,,,0,00,,,M,,M,,*5F
$GNRMC,115600.82,V,,,,,,,,,,N,V*10
$GNGLL,,,,,115600.82,V,N*5D
$GNGNS,115600.82,,,,,A,00,,,,,,V*4F
$GNGSA,A,,,,,,,,,,,,,,,,,1*2C
$GNGSA,A,,,,,,,,,,,,,,,,,3*2E
$GNGSA,A,,,,,,,,,,,,,,,,,4*29
$GPGSV,1,1,00,,,,,,,,,,,,,,,,,8*6D
$GAGSV,1,1,00,,,,,,,,,,,,,,,,,1*75
$GAGSV,1,1,00,,,,,,,,,,,,,,,,,2*76
$GAGSV,1,1,00,,,,,,,,,,,,,,,,,3*77
$GBGSV,2,1,08,11,,,45,27,,,47,29,,,44,30,,,47,5*75
$GBGSV,2,2,08,36,,,50,39,,,43,40,,,48,41,,,41,5*7F
$GNGGA,115601.82,3724.55269,N,12159.39578,W,1,08,1.1,11.5,M,-31.6,M,,*7D
$GNRMC,115601.82,A,3724.55269,N,12159.39578,W,0.1,0.0,160726,,,A,U*27
$GNGLL,3724.55269,N,12159.39578,W,115601.82,A,A*6C
$GNGNS,115601.82,3724.55269,N,12159.39578,W,A,08,1.1,11.5,-31.6,,,U*6F
$GNGSA,A,3,,,,,,,,,,,,,1.8,1.1,1.4,1*3D
$GNGSA,A,3,,,,,,,,,,,,,1.8,1.1,1.4,3*3F
$GNGSA,A,3,11,27,29,30,36,39,40,41,,,,,1.8,1.1,1.4,4*3B
$GPGSV,1,1,00,,,,,,,,,,,,,,,,,8*6D
$GAGSV,1,1,00,,,,,,,,,,,,,,,,,1*75
$GAGSV,1,1,00,,,,,,,,,,,,,,,,,2*76
$GAGSV,1,1,00,,,,,,,,,,,,,,,,,3*77
$GBGSV,3,1,09,11,50,252,45,27,37,049,47,28,28,247,,29,28,247,44,5*76
$GBGSV,3,2,09,30,76,296,47,36,63,284,50,39,18,317,43,40,48,167,48,5*78
$GBGSV,3,3,09,41,03,076,40,,,,,,,,,,,,,5*48
$GNGGA,115602.82,3724.55240,N,12159.39560,W,1,08,1.1,10.6,M,-31.6,M,,*7E
$GNRMC,115602.82,A,3724.55240,N,12159.39560,W,0.1,0.0,160726,,,A,U*26
$GNGLL,3724.55240,N,12159.39560,W,115602.82,A,A*6D
$GNGNS,115602.82,3724.55240,N,12159.39560,W,A,08,1.1,10.6,-31.6,,,U*6C
$GNGSA,A,3,,,,,,,,,,,,,1.8,1.1,1.4,1*3D
$GNGSA,A,3,,,,,,,,,,,,,1.8,1.1,1.4,3*3F
$GNGSA,A,3,11,27,29,30,36,39,40,41,,,,,1.8,1.1,1.4,4*3B
$GPGSV,1,1,00,,,,,,,,,,,,,,,,,8*6D
$GAGSV,1,1,00,,,,,,,,,,,,,,,,,1*75
$GAGSV,1,1,00,,,,,,,,,,,,,,,,,2*76
$GAGSV,1,1,00,,,,,,,,,,,,,,,,,3*77
$GBGSV,3,1,09,11,50,252,44,27,37,049,47,28,28,247,,29,28,247,44,5*77
$GBGSV,3,2,09,30,76,296,47,36,63,284,50,39,18,317,43,40,48,167,48,5*78
$GBGSV,3,3,09,41,03,076,40,,,,,,,,,,,,,5*48
$GNGGA,115603.82,3724.55259,N,12159.39555,W,1,08,1.1,11.3,M,-31.6,M,,*75
$GNRMC,115603.82,A,3724.55259,N,12159.39555,W,0.1,0.0,160726,,,A,U*29
$GNGLL,3724.55259,N,12159.39555,W,115603.82,A,A*62
$GNGNS,115603.82,3724.55259,N,12159.39555,W,A,08,1.1,11.3,-31.6,,,U*67
$GNGSA,A,3,,,,,,,,,,,,,1.8,1.1,1.4,1*3D
$GNGSA,A,3,,,,,,,,,,,,,1.8,1.1,1.4,3*3F
$GNGSA,A,3,11,27,29,30,36,39,40,41,,,,,1.8,1.1,1.4,4*3B
$GPGSV,1,1,00,,,,,,,,,,,,,,,,,8*6D
$GAGSV,1,1,00,,,,,,,,,,,,,,,,,1*75
$GAGSV,1,1,00,,,,,,,,,,,,,,,,,2*76
$GAGSV,1,1,00,,,,,,,,,,,,,,,,,3*77
$GBGSV,3,1,09,11,50,252,45,27,37,049,47,28,28,247,,29,28,247,45,5*77
$GBGSV,3,2,09,30,76,296,47,36,63,284,50,39,18,317,43,40,48,167,48,5*78
$GBGSV,3,3,09,41,03,076,41,,,,,,,,,,,,,5*49
$GNGGA,115604.82,3724.55268,N,12159.39548,W,1,08,1.1,9.2,M,-31.6,M,,*44
$GNRMC,115604.82,A,3724.55268,N,12159.39548,W,0.1,0.0,160726,,,A,U*20
$GNGLL,3724.55268,N,12159.39548,W,115604.82,A,A*6B
$GNGNS,115604.82,3724.55268,N,12159.39548,W,A,08,1.1,9.2,-31.6,,,U*56
$GNGSA,A,3,,,,,,,,,,,,,1.8,1.1,1.4,1*3D
$GNGSA,A,3,,,,,,,,,,,,,1.8,1.1,1.4,3*3F
$GNGSA,A,3,11,27,29,30,36,39,40,41,,,,,1.8,1.1,1.4,4*3B
$GPGSV,1,1,00,,,,,,,,,,,,,,,,,8*6D
$GAGSV,1,1,00,,,,,,,,,,,,,,,,,1*75
$GAGSV,1,1,00,,,,,,,,,,,,,,,,,2*76
$GAGSV,1,1,00,,,,,,,,,,,,,,,,,3*77
$GBGSV,3,1,09,11,50,252,45,27,37,049,47,28,28,247,,29,28,247,44,5*76
$GBGSV,3,2,09,30,76,296,47,36,63,284,50,39,18,317,43,40,48,167,48,5*78
$GBGSV,3,3,09,41,03,076,41,,,,,,,,,,,,,5*49
$GNGGA,115605.82,3724.55276,N,12159.39545,W,1,08,1.1,8.1,M,-31.6,M,,*45
$GNRMC,115605.82,A,3724.55276,N,12159.39545,W,0.1,0.0,160726,,,A,U*23
$GNGLL,3724.55276,N,12159.39545,W,115605.82,A,A*68
$GNGNS,115605.82,3724.55276,N,12159.39545,W,A,08,1.1,8.1,-31.6,,,U*57
$GNGSA,A,3,,,,,,,,,,,,,1.8,1.1,1.4,1*3D
$GNGSA,A,3,,,,,,,,,,,,,1.8,1.1,1.4,3*3F
$GNGSA,A,3,11,27,29,30,36,39,40,41,,,,,1.8,1.1,1.4,4*3B
$GPGSV,1,1,00,,,,,,,,,,,,,,,,,8*6D
$GAGSV,1,1,00,,,,,,,,,,,,,,,,,1*75
$GAGSV,1,1,00,,,,,,,,,,,,,,,,,2*76
$GAGSV,1,1,00,,,,,,,,,,,,,,,,,3*77
$GBGSV,3,1,09,11,50,252,45,27,37,049,47,28,28,247,,29,28,247,45,5*77
$GBGSV,3,2,09,30,76,297,47,36,63,284,49,39,18,317,43,40,48,167,48,5*71
$GBGSV,3,3,09,41,03,076,41,,,,,,,,,,,,,5*49
$GNGGA,115606.82,3724.55279,N,12159.39541,W,1,08,1.1,7.3,M,-31.6,M,,*40
$GNRMC,115606.82,A,3724.55279,N,12159.39541,W,0.1,60.0,160726,,,A,U*1D
$GNGLL,3724.55279,N,12159.39541,W,115606.82,A,A*60
$GNGNS,115606.82,3724.55279,N,12159.39541,W,A,08,1.1,7.3,-31.6,,,U*52
$GNGSA,A,3,,,,,,,,,,,,,1.8,1.1,1.4,1*3D
$GNGSA,A,3,,,,,,,,,,,,,1.8,1.1,1.4,3*3F
$GNGSA,A,3,11,27,29,30,36,39,40,41,,,,,1.8,1.1,1.4,4*3B
$GPGSV,1,1,00,,,,,,,,,,,,,,,,,8*6D
$GAGSV,1,1,00,,,,,,,,,,,,,,,,,1*75
$GAGSV,1,1,00,,,,,,,,,,,,,,,,,2*76
$GAGSV,1,1,00,,,,,,,,,,,,,,,,,3*77
$GBGSV,3,1,09,11,50,252,45,27,37,049,47,28,28,247,,29,28,247,45,5*77
$GBGSV,3,2,09,30,76,297,47,36,63,284,49,39,18,317,43,40,48,167,48,5*71
$GBGSV,3,3,09,41,03,076,41,,,,,,,,,,,,,5*49
$GNGGA,115607.82,3724.55283,N,12159.39537,W,1,08,1.1,6.7,M,-31.6,M,,*40
$GNRMC,115607.82,A,3724.55283,N,12159.39537,W,0.2,56.9,160726,,,A,U*17
$GNGLL,3724.55283,N,12159.39537,W,115607.82,A,A*65
$GNGNS,115607.82,3724.55283,N,12159.39537,W,A,08,1.1,6.7,-31.6,,,U*52
$GNGSA,A,3,,,,,,,,,,,,,1.8,1.1,1.4,1*3D
$GNGSA,A,3,,,,,,,,,,,,,1.8,1.1,1.4,3*3F
$GNGSA,A,3,11,27,29,30,36,39,40,41,,,,,1.8,1.1,1.4,4*3B
$GPGSV,1,1,00,,,,,,,,,,,,,,,,,8*6D
$GAGSV,1,1,00,,,,,,,,,,,,,,,,,1*75
$GAGSV,1,1,00,,,,,,,,,,,,,,,,,2*76
$GAGSV,1,1,00,,,,,,,,,,,,,,,,,3*77
$GBGSV,3,1,10,11,50,252,45,26,37,049,,27,37,049,47,28,28,247,,5*73
$GBGSV,3,2,10,29,28,247,44,30,76,297,47,36,63,284,50,39,18,317,44,5*72
$GBGSV,3,3,10,40,48,167,48,41,03,076,41,,,,,,,,,5*75
$GNGGA,115608.82,3724.55284,N,12159.39530,W,1,08,1.1,5.9,M,-31.6,M,,*42
$GNRMC,115608.82,A,3724.55284,N,12159.39530,W,0.4,54.9,160726,,,A,U*1C
$GNGLL,3724.55284,N,12159.39530,W,115608.82,A,A*6A
$GNGNS,115608.82,3724.55284,N,12159.39530,W,A,08,1.1,5.9,-31.6,,,U*50
$GNGSA,A,3,,,,,,,,,,,,,1.8,1.1,1.4,1*3D
$GNGSA,A,3,,,,,,,,,,,,,1.8,1.1,1.4,3*3F
$GNGSA,A,3,11,27,29,30,36,39,40,41,,,,,1.8,1.1,1.4,4*3B
$GPGSV,1,1,00,,,,,,,,,,,,,,,,,8*6D
$GAGSV,1,1,00,,,,,,,,,,,,,,,,,1*75
$GAGSV,1,1,00,,,,,,,,,,,,,,,,,2*76
$GAGSV,1,1,00,,,,,,,,,,,,,,,,,3*77
$GBGSV,3,1,10,11,50,252,45,26,37,049,,27,37,049,47,28,28,247,,5*73
$GBGSV,3,2,10,29,28,247,45,30,76,297,47,36,63,284,50,39,18,317,44,5*73
$GBGSV,3,3,10,40,48,167,48,41,03,076,41,,,,,,,,,5*75
$GNGGA,115609.82,3724.55285,N,12159.39520,W,1,08,1.1,5.1,M,-31.6,M,,*4B
$GNRMC,115609.82,A,3724.55285,N,12159.39520,W,0.5,53.2,160726,,,A,U*10
$GNGLL,3724.55285,N,12159.39520,W,115609.82,A,A*6B
$GNGNS,115609.82,3724.55285,N,12159.39520,W,A,08,1.1,5.1,-31.6,,,U*59
$GNGSA,A,3,,,,,,,,,,,,,1.8,1.1,1.4,1*3D
$GNGSA,A,3,,,,,,,,,,,,,1.8,1.1,1.4,3*3F
$GNGSA,A,3,11,27,29,30,36,39,40,41,,,,,1.8,1.1,1.4,4*3B
$GPGSV,1,1,00,,,,,,,,,,,,,,,,,8*6D
$GAGSV,1,1,00,,,,,,,,,,,,,,,,,1*75
$GAGSV,1,1,00,,,,,,,,,,,,,,,,,2*76
$GAGSV,1,1,00,,,,,,,,,,,,,,,,,3*77
$GBGSV,3,1,10,11,51,252,45,26,37,049,,27,37,049,47,28,28,247,,5*72
$GBGSV,3,2,10,29,28,247,45,30,76,297,47,36,63,284,50,39,18,317,44,5*73
$GBGSV,3,3,10,40,48,167,48,41,03,076,41,,,,,,,,,5*75
$GNGGA,115610.82,3724.55285,N,12159.39511,W,1,08,1.1,4.3,M,-31.6,M,,*42
$GNRMC,115610.82,A,3724.55285,N,12159.39511,W,0.7,51.9,160726,,,A,U*11
$GNGLL,3724.55285,N,12159.39511,W,115610.82,A,A*61
$GNGNS,115610.82,3724.55285,N,12159.39511,W,A,08,1.1,4.3,-31.6,,,U*50
$GNGSA,A,3,,,,,,,,,,,,,1.8,1.1,1.4,1*3D
$GNGSA,A,3,,,,,,,,,,,,,1.8,1.1,1.4,3*3F
$GNGSA,A,3,11,27,29,30,36,39,40,41,,,,,1.8,1.1,1.4,4*3B
$GPGSV,1,1,00,,,,,,,,,,,,,,,,,8*6D
$GAGSV,1,1,00,,,,,,,,,,,,,,,,,1*75
$GAGSV,1,1,00,,,,,,,,,,,,,,,,,2*76
$GAGSV,1,1,00,,,,,,,,,,,,,,,,,3*77
$GBGSV,3,1,10,11,51,252,44,26,37,049,,27,37,049,47,28,28,247,,5*73
$GBGSV,3,2,10,29,28,247,44,30,76,297,47,36,63,284,50,39,18,317,44,5*72
$GBGSV,3,3,10,40,48,167,48,41,03,076,41,,,,,,,,,5*75
$GNGGA,115611.82,3724.55282,N,12159.39497,W,1,08,1.1,3.2,M,-31.6,M,,*4D
$GNRMC,115611.82,A,3724.55282,N,12159.39497,W,0.9,50.9,160726,,,A,U*17
$GNGLL,3724.55282,N,12159.39497,W,115611.82,A,A*68
$GNGNS,115611.82,3724.55282,N,12159.39497,W,A,08,1.1,3.2,-31.6,,,U*5F
$GNGSA,A,3,,,,,,,,,,,,,1.8,1.1,1.4,1*3D
$GNGSA,A,3,,,,,,,,,,,,,1.8,1.1,1.4,3*3F
$GNGSA,A,3,11,27,29,30,36,39,40,41,,,,,1.8,1.1,1.4,4*3B
$GPGSV,1,1,00,,,,,,,,,,,,,,,,,8*6D
$GAGSV,1,1,00,,,,,,,,,,,,,,,,,1*75
$GAGSV,1,1,00,,,,,,,,,,,,,,,,,2*76
$GAGSV,1,1,00,,,,,,,,,,,,,,,,,3*77
$GBGSV,3,1,10,11,51,252,45,26,37,049,,27,37,049,47,28,28,247,,5*72
$GBGSV,3,2,10,29,28,247,44,30,76,297,47,36,63,284,50,39,18,317,44,5*72
$GBGSV,3,3,10,40,48,167,48,41,03,076,41,,,,,,,,,5*75
$GNGGA,115612.82,3724.55278,N,12159.39478,W,1,08,1.1,2.1,M,-31.6,M,,*48
$GNRMC,115612.82,A,3724.55278,N,12159.39478,W,1.0,50.1,160726,,,A,U*10
$GNGLL,3724.55278,N,12159.39478,W,115612.82,A,A*6F
$GNGNS,115612.82,3724.55278,N,12159.39478,W,A,08,1.1,2.1,-31.6,,,U*5A
$GNGSA,A,3,,,,,,,,,,,,,1.8,1.1,1.4,1*3D
$GNGSA,A,3,,,,,,,,,,,,,1.8,1.1,1.4,3*3F
$GNGSA,A,3,11,27,29,30,36,39,40,41,,,,,1.8,1.1,1.4,4*3B
$GPGSV,1,1,00,,,,,,,,,,,,,,,,,8*6D
$GAGSV,1,1,00,,,,,,,,,,,,,,,,,1*75
$GAGSV,1,1,00,,,,,,,,,,,,,,,,,2*76
$GAGSV,1,1,00,,,,,,,,,,,,,,,,,3*77
$GBGSV,3,1,10,11,51,252,45,26,37,049,,27,37,049,46,28,28,247,,5*73
$GBGSV,3,2,10,29,28,247,45,30,76,297,46,36,63,284,49,39,18,317,44,5*7A
$GBGSV,3,3,10,40,48,167,48,41,03,076,41,,,,,,,,,5*75
$GNGGA,115613.82,3724.55275,N,12159.39462,W,1,08,1.1,0.9,M,-31.6,M,,*45
$GNRMC,115613.82,A,3724.55275,N,12159.39462,W,1.2,49.5,160726,,,A,U*19
$GNGLL,3724.55275,N,12159.39462,W,115613.82,A,A*68
$GNGNS,115613.82,3724.55275,N,12159.39462,W,A,08,1.1,0.9,-31.6,,,U*57
$GNGSA,A,3,,,,,,,,,,,,,1.8,1.1,1.4,1*3D
$GNGSA,A,3,,,,,,,,,,,,,1.8,1.1,1.4,3*3F
$GNGSA,A,3,11,27,29,30,36,39,40,41,,,,,1.8,1.1,1.4,4*3B
$GPGSV,1,1,00,,,,,,,,,,,,,,,,,8*6D
$GAGSV,1,1,00,,,,,,,,,,,,,,,,,1*75
$GAGSV,1,1,00,,,,,,,,,,,,,,,,,2*76
$GAGSV,1,1,00,,,,,,,,,,,,,,,,,3*77
$GBGSV,3,1,10,11,51,252,45,26,37,049,,27,37,049,47,28,28,247,,5*72
$GBGSV,3,2,10,29,28,247,45,30,76,297,47,36,63,284,50,39,18,317,44,5*73
$GBGSV,3,3,10,40,48,167,48,41,03,076,41,,,,,,,,,5*75
$GNGGA,115614.82,3724.55271,N,12159.39447,W,1,08,1.1,-0.4,M,-31.6,M,,*61
$GNRMC,115614.82,A,3724.55271,N,12159.39447,W,1.3,49.0,160726,,,A,U*19
$GNGLL,3724.55271,N,12159.39447,W,115614.82,A,A*6C
$GNGNS,115614.82,3724.55271,N,12159.39447,W,A,08,1.1,-0.4,-31.6,,,U*73
$GNGSA,A,3,,,,,,,,,,,,,1.8,1.1,1.4,1*3D
$GNGSA,A,3,,,,,,,,,,,,,1.8,1.1,1.4,3*3F
$GNGSA,A,3,11,27,29,30,36,39,40,41,,,,,1.8,1.1,1.4,4*3B
$GPGSV,1,1,00,,,,,,,,,,,,,,,,,8*6D
$GAGSV,1,1,00,,,,,,,,,,,,,,,,,1*75
$GAGSV,1,1,00,,,,,,,,,,,,,,,,,2*76
$GAGSV,1,1,00,,,,,,,,,,,,,,,,,3*77
$GBGSV,3,1,10,11,51,252,45,26,37,049,,27,37,049,47,28,28,247,,5*72
$GBGSV,3,2,10,29,28,247,45,30,76,297,47,36,63,284,50,39,18,317,44,5*73
$GBGSV,3,3,10,40,48,167,48,41,03,076,41,,,,,,,,,5*75
$GNGGA,115615.82,3724.55264,N,12159.39435,W,1,08,1.1,-1.8,M,-31.6,M,,*6C
$GNRMC,115615.82,A,3724.55264,N,12159.39435,W,1.5,48.6,160726,,,A,U*18
$GNGLL,3724.55264,N,12159.39435,W,115615.82,A,A*6C
$GNGNS,115615.82,3724.55264,N,12159.39435,W,A,08,1.1,-1.8,-31.6,,,U*7E
$GNGSA,A,3,,,,,,,,,,,,,1.8,1.1,1.4,1*3D
$GNGSA,A,3,,,,,,,,,,,,,1.8,1.1,1.4,3*3F
$GNGSA,A,3,11,27,29,30,36,39,40,41,,,,,1.8,1.1,1.4,4*3B
$GPGSV,1,1,00,,,,,,,,,,,,,,,,,8*6D
$GAGSV,1,1,00,,,,,,,,,,,,,,,,,1*75
$GAGSV,1,1,00,,,,,,,,,,,,,,,,,2*76
$GAGSV,1,1,00,,,,,,,,,,,,,,,,,3*77
$GBGSV,3,1,10,11,51,252,45,26,37,049,,27,37,049,47,28,28,247,,5*72
$GBGSV,3,2,10,29,28,247,45,30,76,297,47,36,63,284,50,39,18,317,44,5*73
$GBGSV,3,3,10,40,48,167,48,41,03,076,41,,,,,,,,,5*75
$GNGGA,115616.82,3724.55256,N,12159.39420,W,1,08,1.1,-3.2,M,-31.6,M,,*62
$GNRMC,115616.82,A,3724.55256,N,12159.39420,W,1.6,48.3,160726,,,A,U*18
$GNGLL,3724.55256,N,12159.39420,W,115616.82,A,A*6A
$GNGNS,115616.82,3724.55256,N,12159.39420,W,A,08,1.1,-3.2,-31.6,,,U*70
$GNGSA,A,3,,,,,,,,,,,,,1.8,1.1,1.4,1*3D
$GNGSA,A,3,,,,,,,,,,,,,1.8,1.1,1.4,3*3F
$GNGSA,A,3,11,27,29,30,36,39,40,41,,,,,1.8,1.1,1.4,4*3B
$GPGSV,1,1,00,,,,,,,,,,,,,,,,,8*6D
$GAGSV,1,1,00,,,,,,,,,,,,,,,,,1*75
$GAGSV,1,1,00,,,,,,,,,,,,,,,,,2*76
$GAGSV,1,1,00,,,,,,,,,,,,,,,,,3*77
$GBGSV,3,1,10,11,51,252,45,26,37,049,,27,37,049,47,28,28,247,,5*72
$GBGSV,3,2,10,29,28,247,45,30,76,297,47,36,63,284,50,39,18,317,44,5*73
$GBGSV,3,3,10,40,48,167,48,41,03,076,42,,,,,,,,,5*76
$GNGGA,115617.82,3724.55248,N,12159.39406,W,1,08,1.1,-4.6,M,-31.6,M,,*6B
$GNRMC,115617.82,A,3724.55248,N,12159.39406,W,1.7,48.1,160726,,,A,U*11
$GNGLL,3724.55248,N,12159.39406,W,115617.82,A,A*60
$GNGNS,115617.82,3724.55248,N,12159.39406,W,A,08,1.1,-4.6,-31.6,,,U*79
$GNGSA,A,3,,,,,,,,,,,,,1.8,1.1,1.4,1*3D
$GNGSA,A,3,,,,,,,,,,,,,1.8,1.1,1.4,3*3F
$GNGSA,A,3,11,27,29,30,36,39,40,41,,,,,1.8,1.1,1.4,4*3B
$GPGSV,1,1,00,,,,,,,,,,,,,,,,,8*6D
$GAGSV,1,1,00,,,,,,,,,,,,,,,,,1*75
$GAGSV,1,1,00,,,,,,,,,,,,,,,,,2*76
$GAGSV,1,1,00,,,,,,,,,,,,,,,,,3*77
$GBGSV,3,1,10,11,51,252,45,26,37,049,,27,37,049,47,28,28,248,,5*7D
$GBGSV,3,2,10,29,28,248,45,30,76,297,47,36,63,284,50,39,18,317,44,5*7C
$GBGSV,3,3,10,40,48,167,48,41,03,076,41,,,,,,,,,5*75
$GNGGA,115618.82,3724.55240,N,12159.39390,W,1,08,1.1,-6.2,M,-31.6,M,,*62
$GNRMC,115618.82,A,3724.55240,N,12159.39390,W,1.8,48.0,160726,,,A,U*10
$GNGLL,3724.55240,N,12159.39390,W,115618.82,A,A*6F
$GNGNS,115618.82,3724.55240,N,12159.39390,W,A,08,1.1,-6.2,-31.6,,,U*70
$GNGSA,A,3,,,,,,,,,,,,,1.8,1.1,1.4,1*3D
$GNGSA,A,3,,,,,,,,,,,,,1.8,1.1,1.4,3*3F
$GNGSA,A,3,11,27,29,30,36,39,40,41,,,,,1.8,1.1,1.4,4*3B
$GPGSV,1,1,00,,,,,,,,,,,,,,,,,8*6D
$GAGSV,1,1,00,,,,,,,,,,,,,,,,,1*75
$GAGSV,1,1,00,,,,,,,,,,,,,,,,,2*76
$GAGSV,1,1,00,,,,,,,,,,,,,,,,,3*77
$GBGSV,3,1,10,11,51,252,45,26,37,049,,27,37,049,47,28,28,248,,5*7D
$GBGSV,3,2,10,29,28,248,45,30,76,297,47,36,63,284,50,39,18,317,44,5*7C
$GBGSV,3,3,10,40,48,167,48,41,03,076,42,,,,,,,,,5*76
$GNGGA,115619.82,3724.55229,N,12159.39374,W,1,08,1.1,-7.7,M,-31.6,M,,*62
$GNRMC,115619.82,A,3724.55229,N,12159.39374,W,1.9,47.9,160726,,,A,U*13
$GNGLL,3724.55229,N,12159.39374,W,115619.82,A,A*6B
$GNGNS,115619.82,3724.55229,N,12159.39374,W,A,08,1.1,-7.7,-31.6,,,U*70
$GNGSA,A,3,,,,,,,,,,,,,1.8,1.1,1.4,1*3D
$GNGSA,A,3,,,,,,,,,,,,,1.8,1.1,1.4,3*3F
$GNGSA,A,3,11,27,29,30,36,39,40,41,,,,,1.8,1.1,1.4,4*3B
$GPGSV,1,1,00,,,,,,,,,,,,,,,,,8*6D
$GAGSV,1,1,00,,,,,,,,,,,,,,,,,1*75
$GAGSV,1,1,00,,,,,,,,,,,,,,,,,2*76
$GAGSV,1,1,00,,,,,,,,,,,,,,,,,3*77
$GBGSV,3,1,10,11,51,252,45,26,37,049,,27,37,049,47,28,28,248,,5*7D
$GBGSV,3,2,10,29,28,248,45,30,76,297,47,36,63,284,50,39,18,317,44,5*7C
$GBGSV,3,3,10,40,48,167,48,41,03,076,42,,,,,,,,,5*76
$GNGGA,115620.82,3724.55217,N,12159.39360,W,1,08,1.1,-9.4,M,-31.6,M,,*6D
$GNRMC,115620.82,A,3724.55217,N,12159.39360,W,2.0,47.8,160726,,,A,U*1A
$GNGLL,3724.55217,N,12159.39360,W,115620.82,A,A*69
$GNGNS,115620.82,3724.55217,N,12159.39360,W,A,08,1.1,-9.4,-31.6,,,U*7F
$GNGSA,A,3,,,,,,,,,,,,,1.8,1.1,1.4,1*3D
$GNGSA,A,3,,,,,,,,,,,,,1.8,1.1,1.4,3*3F
$GNGSA,A,3,11,27,29,30,36,39,40,41,,,,,1.8,1.1,1.4,4*3B
$GPGSV,1,1,00,,,,,,,,,,,,,,,,,8*6D
$GAGSV,1,1,00,,,,,,,,,,,,,,,,,1*75
$GAGSV,1,1,00,,,,,,,,,,,,,,,,,2*76
$GAGSV,1,1,00,,,,,,,,,,,,,,,,,3*77
$GBGSV,3,1,10,11,51,252,45,26,37,049,,27,36,049,47,28,28,248,,5*7C
$GBGSV,3,2,10,29,28,248,45,30,76,297,47,36,63,284,50,39,18,317,44,5*7C
$GBGSV,3,3,10,40,48,167,48,41,03,076,42,,,,,,,,,5*76
$GNGGA,115621.82,3724.55208,N,12159.39345,W,1,08,1.1,-11.0,M,-31.6,M,,*58
$GNRMC,115621.82,A,3724.55208,N,12159.39345,W,2.1,47.7,160726,,,A,U*1C
$GNGLL,3724.55208,N,12159.39345,W,115621.82,A,A*61
$GNGNS,115621.82,3724.55208,N,12159.39345,W,A,08,1.1,-11.0,-31.6,,,U*4A
$GNGSA,A,3,,,,,,,,,,,,,1.8,1.1,1.4,1*3D
$GNGSA,A,3,,,,,,,,,,,,,1.8,1.1,1.4,3*3F
$GNGSA,A,3,11,27,29,30,36,39,40,41,,,,,1.8,1.1,1.4,4*3B
$GPGSV,1,1,00,,,,,,,,,,,,,,,,,8*6D
$GAGSV,1,1,00,,,,,,,,,,,,,,,,,1*75
$GAGSV,1,1,00,,,,,,,,,,,,,,,,,2*76
$GAGSV,1,1,00,,,,,,,,,,,,,,,,,3*77
$GBGSV,3,1,10,11,51,252,45,26,37,049,,27,36,049,47,28,28,248,,5*7C
$GBGSV,3,2,10,29,28,248,45,30,76,297,47,36,63,284,50,39,18,317,44,5*7C
$GBGSV,3,3,10,40,48,167,48,41,03,076,42,,,,,,,,,5*76
$GNGGA,115622.82,3724.55197,N,12159.39330,W,1,08,1.1,-12.7,M,-31.6,M,,*58
$GNRMC,115622.82,A,3724.55197,N,12159.39330,W,2.2,47.7,160726,,,A,U*1B
$GNGLL,3724.55197,N,12159.39330,W,115622.82,A,A*65
$GNGNS,115622.82,3724.55197,N,12159.39330,W,A,08,1.1,-12.7,-31.6,,,U*4A
$GNGSA,A,3,,,,,,,,,,,,,1.8,1.1,1.4,1*3D
$GNGSA,A,3,,,,,,,,,,,,,1.8,1.1,1.4,3*3F
$GNGSA,A,3,11,27,29,30,36,39,40,41,,,,,1.8,1.1,1.4,4*3B
$GPGSV,1,1,00,,,,,,,,,,,,,,,,,8*6D
$GAGSV,1,1,00,,,,,,,,,,,,,,,,,1*75
$GAGSV,1,1,00,,,,,,,,,,,,,,,,,2*76
$GAGSV,1,1,00,,,,,,,,,,,,,,,,,3*77
$GBGSV,3,1,10,11,51,252,45,26,37,049,,27,36,049,47,28,28,248,,5*7C
$GBGSV,3,2,10,29,28,248,45,30,76,297,47,36,63,284,50,39,18,317,44,5*7C
$GBGSV,3,3,10,40,48,167,48,41,03,076,42,,,,,,,,,5*76
$GNGGA,115623.82,3724.55186,N,12159.39315,W,1,08,1.1,-14.4,M,-31.6,M,,*5B
$GNRMC,115623.82,A,3724.55186,N,12159.39315,W,2.3,47.6,160726,,,A,U*1D
$GNGLL,3724.55186,N,12159.39315,W,115623.82,A,A*63
$GNGNS,115623.82,3724.55186,N,12159.39315,W,A,08,1.1,-14.4,-31.6,,,U*49
$GNGSA,A,3,,,,,,,,,,,,,1.8,1.1,1.4,1*3D
$GNGSA,A,3,,,,,,,,,,,,,1.8,1.1,1.4,3*3F
$GNGSA,A,3,11,27,29,30,36,39,40,41,,,,,1.8,1.1,1.4,4*3B
$GPGSV,1,1,00,,,,,,,,,,,,,,,,,8*6D
$GAGSV,1,1,00,,,,,,,,,,,,,,,,,1*75
$GAGSV,1,1,00,,,,,,,,,,,,,,,,,2*76
$GAGSV,1,1,00,,,,,,,,,,,,,,,,,3*77
$GBGSV,3,1,10,11,51,252,45,26,36,049,,27,36,049,47,28,28,248,,5*7D
$GBGSV,3,2,10,29,28,248,45,30,76,297,47,36,63,284,50,39,18,317,44,5*7C
$GBGSV,3,3,10,40,48,167,48,41,03,076,41,,,,,,,,,5*75
$GNGGA,115624.82,3724.55175,N,12159.39303,W,1,08,1.1,-16.0,M,-31.6,M,,*51
$GNRMC,115624.82,A,3724.55175,N,12159.39303,W,2.3,47.5,160726,,,A,U*12
$GNGLL,3724.55175,N,12159.39303,W,115624.82,A,A*6F
$GNGNS,115624.82,3724.55175,N,12159.39303,W,A,08,1.1,-16.0,-31.6,,,U*43
$GNGSA,A,3,,,,,,,,,,,,,1.8,1.1,1.4,1*3D
$GNGSA,A,3,,,,,,,,,,,,,1.8,1.1,1.4,3*3F
$GNGSA,A,3,11,27,29,30,36,39,40,41,,,,,1.8,1.1,1.4,4*3B
$GPGSV,1,1,00,,,,,,,,,,,,,,,,,8*6D
$GAGSV,1,1,00,,,,,,,,,,,,,,,,,1*75
$GAGSV,1,1,00,,,,,,,,,,,,,,,,,2*76
$GAGSV,1,1,00,,,,,,,,,,,,,,,,,3*77
$GBGSV,3,1,10,11,51,252,45,26,36,049,,27,36,049,47,28,28,248,,5*7D
$GBGSV,3,2,10,29,28,248,45,30,76,297,47,36,63,284,50,39,18,317,44,5*7C
$GBGSV,3,3,10,40,48,167,48,41,03,076,42,,,,,,,,,5*76
$GNGGA,115625.82,3724.55163,N,12159.39289,W,1,08,1.1,-17.6,M,-31.6,M,,*53
$GNRMC,115625.82,A,3724.55163,N,12159.39289,W,2.4,47.4,160726,,,A,U*11
$GNGLL,3724.55163,N,12159.39289,W,115625.82,A,A*6A
$GNGNS,115625.82,3724.55163,N,12159.39289,W,A,08,1.1,-17.6,-31.6,,,U*41
$GNGSA,A,3,,,,,,,,,,,,,1.8,1.1,1.4,1*3D
$GNGSA,A,3,,,,,,,,,,,,,1.8,1.1,1.4,3*3F
$GNGSA,A,3,11,27,29,30,36,39,40,41,,,,,1.8,1.1,1.4,4*3B
$GPGSV,1,1,00,,,,,,,,,,,,,,,,,8*6D
$GAGSV,1,1,00,,,,,,,,,,,,,,,,,1*75
$GAGSV,1,1,00,,,,,,,,,,,,,,,,,2*76
$GAGSV,1,1,00,,,,,,,,,,,,,,,,,3*77
$GBGSV,3,1,10,11,51,252,45,26,36,049,,27,36,049,47,28,28,248,,5*7D
$GBGSV,3,2,10,29,28,248,45,30,76,297,47,36,63,284,50,39,18,317,44,5*7C
$GBGSV,3,3,10,40,48,167,48,41,03,076,42,,,,,,,,,5*76
$GNGGA,115626.82,3724.55150,N,12159.39279,W,1,08,1.1,-19.2,M,-31.6,M,,*55
$GNRMC,115626.82,A,3724.55150,N,12159.39279,W,2.4,47.4,160726,,,A,U*1D
$GNGLL,3724.55150,N,12159.39279,W,115626.82,A,A*66
$GNGNS,115626.82,3724.55150,N,12159.39279,W,A,08,1.1,-19.2,-31.6,,,U*47
$GNGSA,A,3,,,,,,,,,,,,,1.8,1.1,1.4,1*3D
$GNGSA,A,3,,,,,,,,,,,,,1.8,1.1,1.4,3*3F
$GNGSA,A,3,11,27,29,30,36,39,40,41,,,,,1.8,1.1,1.4,4*3B
$GPGSV,1,1,00,,,,,,,,,,,,,,,,,8*6D
$GAGSV,1,1,00,,,,,,,,,,,,,,,,,1*75
$GAGSV,1,1,00,,,,,,,,,,,,,,,,,2*76
$GAGSV,1,1,00,,,,,,,,,,,,,,,,,3*77
$GBGSV,3,1,10,11,51,252,45,26,36,049,,27,36,049,47,28,28,248,,5*7D
$GBGSV,3,2,10,29,28,248,45,30,76,297,47,36,63,284,50,39,18,317,44,5*7C
$GBGSV,3,3,10,40,48,167,48,41,03,076,42,,,,,,,,,5*76
$GNGGA,115627.82,3724.55136,N,12159.39270,W,1,08,1.1,-20.7,M,-31.6,M,,*52
$GNRMC,115627.82,A,3724.55136,N,12159.39270,W,2.5,47.3,160726,,,A,U*13
$GNGLL,3724.55136,N,12159.39270,W,115627.82,A,A*6E
$GNGNS,115627.82,3724.55136,N,12159.39270,W,A,08,1.1,-20.7,-31.6,,,U*40
$GNGSA,A,3,,,,,,,,,,,,,1.8,1.1,1.4,1*3D
$GNGSA,A,3,,,,,,,,,,,,,1.8,1.1,1.4,3*3F
$GNGSA,A,3,11,27,29,30,36,39,40,41,,,,,1.8,1.1,1.4,4*3B
$GPGSV,1,1,00,,,,,,,,,,,,,,,,,8*6D
$GAGSV,1,1,00,,,,,,,,,,,,,,,,,1*75
$GAGSV,1,1,00,,,,,,,,,,,,,,,,,2*76
$GAGSV,1,1,00,,,,,,,,,,,,,,,,,3*77
$GBGSV,3,1,10,11,51,252,45,26,36,049,,27,36,049,47,28,28,248,,5*7D
$GBGSV,3,2,10,29,28,248,45,30,76,297,47,36,63,284,50,39,18,317,44,5*7C
$GBGSV,3,3,10,40,48,167,48,41,03,076,41,,,,,,,,,5*75
$GNGGA,115628.82,3724.55124,N,12159.39259,W,1,08,1.1,-22.2,M,-31.6,M,,*52
$GNRMC,115628.82,A,3724.55124,N,12159.39259,W,2.5,47.3,160726,,,A,U*14
$GNGLL,3724.55124,N,12159.39259,W,115628.82,A,A*69
$GNGNS,115628.82,3724.55124,N,12159.39259,W,A,08,1.1,-22.2,-31.6,,,U*40
$GNGSA,A,3,,,,,,,,,,,,,1.8,1.1,1.4,1*3D
$GNGSA,A,3,,,,,,,,,,,,,1.8,1.1,1.4,3*3F
$GNGSA,A,3,11,27,29,30,36,39,40,41,,,,,1.8,1.1,1.4,4*3B
$GPGSV,1,1,00,,,,,,,,,,,,,,,,,8*6D
$GAGSV,1,1,00,,,,,,,,,,,,,,,,,1*75
$GAGSV,1,1,00,,,,,,,,,,,,,,,,,2*76
$GAGSV,1,1,00,,,,,,,,,,,,,,,,,3*77
$GBGSV,3,1,10,11,51,252,45,26,36,049,,27,36,049,46,28,28,248,,5*7C
$GBGSV,3,2,10,29,28,248,45,30,76,297,46,36,63,284,50,39,18,317,44,5*7D
$GBGSV,3,3,10,40,48,167,48,41,03,076,41,,,,,,,,,5*75
$GNGGA,115629.82,3724.55112,N,12159.39247,W,1,08,1.1,-23.6,M,-31.6,M,,*5C
$GNRMC,115629.82,A,3724.55112,N,12159.39247,W,2.6,47.3,160726,,,A,U*1C
$GNGLL,3724.55112,N,12159.39247,W,115629.82,A,A*62
$GNGNS,115629.82,3724.55112,N,12159.39247,W,A,08,1.1,-23.6,-31.6,,,U*4E
$GNGSA,A,3,,,,,,,,,,,,,1.8,1.1,1.4,1*3D
$GNGSA,A,3,,,,,,,,,,,,,1.8,1.1,1.4,3*3F
$GNGSA,A,3,11,27,29,30,36,39,40,41,,,,,1.8,1.1,1.4,4*3B
$GPGSV,1,1,00,,,,,,,,,,,,,,,,,8*6D
$GAGSV,1,1,00,,,,,,,,,,,,,,,,,1*75
$GAGSV,1,1,00,,,,,,,,,,,,,,,,,2*76
$GAGSV,1,1,00,,,,,,,,,,,,,,,,,3*77
$GBGSV,3,1,10,11,51,252,45,26,36,049,,27,36,049,47,28,28,248,,5*7D
$GBGSV,3,2,10,29,28,248,45,30,76,297,47,36,63,284,50,39,18,317,44,5*7C
$GBGSV,3,3,10,40,48,167,48,41,03,076,41,,,,,,,,,5*75
$GNGGA,115630.82,3724.55101,N,12159.39237,W,1,08,1.1,-25.0,M,-31.6,M,,*51
$GNRMC,115630.82,A,3724.55101,N,12159.39237,W,2.6,47.3,160726,,,A,U*11
$GNGLL,3724.55101,N,12159.39237,W,115630.82,A,A*6F
$GNGNS,115630.82,3724.55101,N,12159.39237,W,A,08,1.1,-25.0,-31.6,,,U*43
$GNGSA,A,3,,,,,,,,,,,,,1.8,1.1,1.4,1*3D
$GNGSA,A,3,,,,,,,,,,,,,1.8,1.1,1.4,3*3F
$GNGSA,A,3,11,27,29,30,36,39,40,41,,,,,1.8,1.1,1.4,4*3B
$GPGSV,1,1,00,,,,,,,,,,,,,,,,,8*6D
$GAGSV,1,1,00,,,,,,,,,,,,,,,,,1*75
$GAGSV,1,1,00,,,,,,,,,,,,,,,,,2*76
$GAGSV,1,1,00,,,,,,,,,,,,,,,,,3*77
$GBGSV,3,1,10,11,51,252,45,26,36,049,,27,36,049,47,28,28,248,,5*7D
$GBGSV,3,2,10,29,28,248,45,30,76,297,47,36,63,284,50,39,18,317,44,5*7C
$GBGSV,3,3,10,40,48,167,48,41,03,076,41,,,,,,,,,5*75
$GNGGA,115631.82,3724.55094,N,12159.39227,W,1,08,1.1,-26.2,M,-31.6,M,,*5D
$GNRMC,115631.82,A,3724.55094,N,12159.39227,W,2.6,47.3,160726,,,A,U*1C
$GNGLL,3724.55094,N,12159.39227,W,115631.82,A,A*62
$GNGNS,115631.82,3724.55094,N,12159.39227,W,A,08,1.1,-26.2,-31.6,,,U*4F
$GNGSA,A,3,,,,,,,,,,,,,1.8,1.1,1.4,1*3D
$GNGSA,A,3,,,,,,,,,,,,,1.8,1.1,1.4,3*3F
$GNGSA,A,3,11,27,29,30,36,39,40,41,,,,,1.8,1.1,1.4,4*3B
$GPGSV,1,1,00,,,,,,,,,,,,,,,,,8*6D
$GAGSV,1,1,00,,,,,,,,,,,,,,,,,1*75
$GAGSV,1,1,00,,,,,,,,,,,,,,,,,2*76
$GAGSV,1,1,00,,,,,,,,,,,,,,,,,3*77
$GBGSV,3,1,10,11,51,252,45,26,36,049,,27,36,049,47,28,28,248,,5*7D
$GBGSV,3,2,10,29,28,248,45,30,76,297,47,36,63,284,50,39,18,317,44,5*7C
$GBGSV,3,3,10,40,48,167,48,41,03,076,41,,,,,,,,,5*75
$GNGGA,115632.82,3724.55086,N,12159.39220,W,1,08,1.1,-27.4,M,-31.6,M,,*5D
$GNRMC,115632.82,A,3724.55086,N,12159.39220,W,2.7,47.2,160726,,,A,U*1B
$GNGLL,3724.55086,N,12159.39220,W,115632.82,A,A*65
$GNGNS,115632.82,3724.55086,N,12159.39220,W,A,08,1.1,-27.4,-31.6,,,U*4F
$GNGSA,A,3,,,,,,,,,,,,,1.8,1.1,1.4,1*3D
$GNGSA,A,3,,,,,,,,,,,,,1.8,1.1,1.4,3*3F
$GNGSA,A,3,11,27,29,30,36,39,40,41,,,,,1.8,1.1,1.4,4*3B
$GPGSV,1,1,00,,,,,,,,,,,,,,,,,8*6D
$GAGSV,1,1,00,,,,,,,,,,,,,,,,,1*75
$GAGSV,1,1,00,,,,,,,,,,,,,,,,,2*76
$GAGSV,1,1,00,,,,,,,,,,,,,,,,,3*77
$GBGSV,3,1,10,11,51,252,45,26,36,049,,27,36,049,47,28,28,248,,5*7D
$GBGSV,3,2,10,29,28,248,45,30,76,297,47,36,63,284,50,39,18,317,44,5*7C
$GBGSV,3,3,10,40,48,167,48,41,03,076,41,,,,,,,,,5*75
$GNGGA,115633.82,3724.55077,N,12159.39214,W,1,08,1.1,-28.5,M,-31.6,M,,*5B
$GNRMC,115633.82,A,3724.55077,N,12159.39214,W,2.7,47.2,160726,,,A,U*13
$GNGLL,3724.55077,N,12159.39214,W,115633.82,A,A*6D
$GNGNS,115633.82,3724.55077,N,12159.39214,W,A,08,1.1,-28.5,-31.6,,,U*49
$GNGSA,A,3,,,,,,,,,,,,,1.8,1.1,1.4,1*3D
$GNGSA,A,3,,,,,,,,,,,,,1.8,1.1,1.4,3*3F
$GNGSA,A,3,11,27,29,30,36,39,40,41,,,,,1.8,1.1,1.4,4*3B
$GPGSV,1,1,00,,,,,,,,,,,,,,,,,8*6D
$GAGSV,1,1,00,,,,,,,,,,,,,,,,,1*75
$GAGSV,1,1,00,,,,,,,,,,,,,,,,,2*76
$GAGSV,1,1,00,,,,,,,,,,,,,,,,,3*77
$GBGSV,3,1,10,11,51,252,45,26,36,049,,27,36,049,46,28,28,248,,5*7C
$GBGSV,3,2,10,29,28,248,45,30,76,297,47,36,63,284,50,39,18,317,44,5*7C
$GBGSV,3,3,10,40,48,167,48,41,03,076,41,,,,,,,,,5*75
$GNGGA,115634.82,3724.55065,N,12159.39209,W,1,08,1.1,-29.6,M,-31.6,M,,*51
$GNRMC,115634.82,A,3724.55065,N,12159.39209,W,2.7,47.1,160726,,,A,U*18
$GNGLL,3724.55065,N,12159.39209,W,115634.82,A,A*65
$GNGNS,115634.82,3724.55065,N,12159.39209,W,A,08,1.1,-29.6,-31.6,,,U*43
$GNGSA,A,3,,,,,,,,,,,,,1.8,1.1,1.4,1*3D
$GNGSA,A,3,,,,,,,,,,,,,1.8,1.1,1.4,3*3F
$GNGSA,A,3,11,27,29,30,36,39,40,41,,,,,1.8,1.1,1.4,4*3B
$GPGSV,1,1,00,,,,,,,,,,,,,,,,,8*6D
$GAGSV,1,1,00,,,,,,,,,,,,,,,,,1*75
$GAGSV,1,1,00,,,,,,,,,,,,,,,,,2*76
$GAGSV,1,1,00,,,,,,,,,,,,,,,,,3*77
$GBGSV,3,1,10,11,51,252,45,26,36,049,,27,36,049,47,28,28,248,,5*7D
$GBGSV,3,2,10,29,28,248,45,30,76,297,47,36,63,284,50,39,18,317,44,5*7C
$GBGSV,3,3,10,40,48,167,48,41,03,076,41,,,,,,,,,5*75
$GNGGA,115635.82,3724.55303,N,12159.39517,W,1,08,1.1,4.9,M,-31.6,M,,*46
$GNRMC,115635.82,A,3724.55303,N,12159.39517,W,0.0,47.1,160726,,,A,U*17
$GNGLL,3724.55303,N,12159.39517,W,115635.82,A,A*6F
$GNGNS,115635.82,3724.55303,N,12159.39517,W,A,08,1.1,4.9,-31.6,,,U*54
$GNGSA,A,3,,,,,,,,,,,,,1.8,1.1,1.4,1*3D
$GNGSA,A,3,,,,,,,,,,,,,1.8,1.1,1.4,3*3F
$GNGSA,A,3,11,27,29,30,36,39,40,41,,,,,1.8,1.1,1.4,4*3B
$GPGSV,1,1,00,,,,,,,,,,,,,,,,,8*6D
$GAGSV,1,1,00,,,,,,,,,,,,,,,,,1*75
$GAGSV,1,1,00,,,,,,,,,,,,,,,,,2*76
$GAGSV,1,1,00,,,,,,,,,,,,,,,,,3*77
$GBGSV,3,1,10,11,51,252,45,26,36,049,,27,36,049,47,28,28,248,,5*7D
$GBGSV,3,2,10,29,28,248,45,30,76,297,47,36,63,284,50,39,18,317,44,5*7C
$GBGSV,3,3,10,40,48,167,48,41,03,076,41,,,,,,,,,5*75
$GNGGA,115636.82,3724.55319,N,12159.39511,W,1,08,1.1,5.2,M,-31.6,M,,*42
$GNRMC,115636.82,A,3724.55319,N,12159.39511,W,0.1,47.1,160726,,,A,U*18
$GNGLL,3724.55319,N,12159.39511,W,115636.82,A,A*61
$GNGNS,115636.82,3724.55319,N,12159.39511,W,A,08,1.1,5.2,-31.6,,,U*50
$GNGSA,A,3,,,,,,,,,,,,,1.8,1.1,1.4,1*3D
$GNGSA,A,3,,,,,,,,,,,,,1.8,1.1,1.4,3*3F
$GNGSA,A,3,11,27,29,30,36,39,40,41,,,,,1.8,1.1,1.4,4*3B
$GPGSV,1,1,00,,,,,,,,,,,,,,,,,8*6D
$GAGSV,1,1,00,,,,,,,,,,,,,,,,,1*75
$GAGSV,1,1,00,,,,,,,,,,,,,,,,,2*76
$GAGSV,1,1,00,,,,,,,,,,,,,,,,,3*77
$GBGSV,3,1,10,11,51,252,45,26,36,049,,27,36,049,46,28,28,248,,5*7C
$GBGSV,3,2,10,29,28,248,45,30,76,297,47,36,63,284,50,39,18,317,44,5*7C
$GBGSV,3,3,10,40,48,167,47,41,03,076,41,,,,,,,,,5*7A
$GNGGA,115637.82,3724.55308,N,12159.39532,W,1,08,1.1,4.8,M,-31.6,M,,*49
$GNRMC,115637.82,A,3724.55308,N,12159.39532,W,0.0,47.1,160726,,,A,U*19
$GNGLL,3724.55308,N,12159.39532,W,115637.82,A,A*61
$GNGNS,115637.82,3724.55308,N,12159.39532,W,A,08,1.1,4.8,-31.6,,,U*5B
$GNGSA,A,3,,,,,,,,,,,,,1.8,1.1,1.4,1*3D
$GNGSA,A,3,,,,,,,,,,,,,1.8,1.1,1.4,3*3F
$GNGSA,A,3,11,27,29,30,36,39,40,41,,,,,1.8,1.1,1.4,4*3B
$GPGSV,1,1,00,,,,,,,,,,,,,,,,,8*6D
$GAGSV,1,1,00,,,,,,,,,,,,,,,,,1*75
$GAGSV,1,1,00,,,,,,,,,,,,,,,,,2*76
$GAGSV,1,1,00,,,,,,,,,,,,,,,,,3*77
$GBGSV,3,1,10,11,51,252,45,26,36,049,,27,36,049,47,28,28,248,,5*7D
$GBGSV,3,2,10,29,28,248,45,30,76,297,47,36,63,284,50,39,18,317,43,5*7B
$GBGSV,3,3,10,40,48,167,48,41,03,076,41,,,,,,,,,5*75
$GNGGA,115638.82,3724.55329,N,12159.39521,W,1,08,1.1,5.0,M,-31.6,M,,*4E
$GNRMC,115638.82,A,3724.55329,N,12159.39521,W,0.1,47.1,160726,,,A,U*16
$GNGLL,3724.55329,N,12159.39521,W,115638.82,A,A*6F
$GNGNS,115638.82,3724.55329,N,12159.39521,W,A,08,1.1,5.0,-31.6,,,U*5C
$GNGSA,A,3,,,,,,,,,,,,,1.8,1.1,1.4,1*3D
$GNGSA,A,3,,,,,,,,,,,,,1.8,1.1,1.4,3*3F
$GNGSA,A,3,11,27,29,30,36,39,40,41,,,,,1.8,1.1,1.4,4*3B
$GPGSV,1,1,00,,,,,,,,,,,,,,,,,8*6D
$GAGSV,1,1,00,,,,,,,,,,,,,,,,,1*75
$GAGSV,1,1,00,,,,,,,,,,,,,,,,,2*76
$GAGSV,1,1,00,,,,,,,,,,,,,,,,,3*77
$GBGSV,3,1,10,11,51,252,45,26,36,049,,27,36,049,46,28,28,248,,5*7C
$GBGSV,3,2,10,29,28,248,45,30,76,297,47,36,63,284,50,39,18,317,43,5*7B
$GBGSV,3,3,10,40,48,167,48,41,03,076,41,,,,,,,,,5*75
$GNGGA,115639.82,3724.55326,N,12159.39522,W,1,08,1.1,5.0,M,-31.6,M,,*43
$GNRMC,115639.82,A,3724.55326,N,12159.39522,W,0.0,47.1,160726,,,A,U*1A
$GNGLL,3724.55326,N,12159.39522,W,115639.82,A,A*62
$GNGNS,115639.82,3724.55326,N,12159.39522,W,A,08,1.1,5.0,-31.6,,,U*51
$GNGSA,A,3,,,,,,,,,,,,,1.8,1.1,1.4,1*3D
$GNGSA,A,3,,,,,,,,,,,,,1.8,1.1,1.4,3*3F
$GNGSA,A,3,11,27,29,30,36,39,40,41,,,,,1.8,1.1,1.4,4*3B
$GPGSV,1,1,00,,,,,,,,,,,,,,,,,8*6D
$GAGSV,1,1,00,,,,,,,,,,,,,,,,,1*75
$GAGSV,1,1,00,,,,,,,,,,,,,,,,,2*76
$GAGSV,1,1,00,,,,,,,,,,,,,,,,,3*77
$GBGSV,3,1,10,11,51,252,45,26,36,049,,27,36,049,47,28,28,248,,5*7D
$GBGSV,3,2,10,29,28,248,45,30,76,298,47,36,63,284,50,39,18,317,44,5*73
$GBGSV,3,3,10,40,48,167,48,41,03,076,41,,,,,,,,,5*75
$GNGGA,115640.82,3724.55325,N,12159.39526,W,1,08,1.1,5.3,M,-31.6,M,,*49
$GNRMC,115640.82,A,3724.55325,N,12159.39526,W,0.0,47.1,160726,,,A,U*13
$GNGLL,3724.55325,N,12159.39526,W,115640.82,A,A*6B
$GNGNS,115640.82,3724.55325,N,12159.39526,W,A,08,1.1,5.3,-31.6,,,U*5B
$GNGSA,A,3,,,,,,,,,,,,,1.8,1.1,1.4,1*3D
$GNGSA,A,3,,,,,,,,,,,,,1.8,1.1,1.4,3*3F
$GNGSA,A,3,11,27,29,30,36,39,40,41,,,,,1.8,1.1,1.4,4*3B
$GPGSV,1,1,00,,,,,,,,,,,,,,,,,8*6D
$GAGSV,1,1,00,,,,,,,,,,,,,,,,,1*75
$GAGSV,1,1,00,,,,,,,,,,,,,,,,,2*76
$GAGSV,1,1,00,,,,,,,,,,,,,,,,,3*77
$GBGSV,3,1,10,11,51,252,45,26,36,049,,27,36,049,47,28,28,248,,5*7D
$GBGSV,3,2,10,29,28,248,45,30,76,298,47,36,63,284,50,39,18,317,44,5*73
$GBGSV,3,3,10,40,48,167,48,41,03,076,41,,,,,,,,,5*75
$GNGGA,115641.82,3724.55322,N,12159.39529,W,1,08,1.1,5.5,M,-31.6,M,,*46
$GNRMC,115641.82,A,3724.55322,N,12159.39529,W,0.1,47.1,160726,,,A,U*1B
$GNGLL,3724.55322,N,12159.39529,W,115641.82,A,A*62
$GNGNS,115641.82,3724.55322,N,12159.39529,W,A,08,1.1,5.5,-31.6,,,U*54
$GNGSA,A,3,,,,,,,,,,,,,1.8,1.1,1.4,1*3D
$GNGSA,A,3,,,,,,,,,,,,,1.8,1.1,1.4,3*3F
$GNGSA,A,3,11,27,29,30,36,39,40,41,,,,,1.8,1.1,1.4,4*3B
$GPGSV,1,1,00,,,,,,,,,,,,,,,,,8*6D
$GAGSV,1,1,00,,,,,,,,,,,,,,,,,1*75
$GAGSV,1,1,00,,,,,,,,,,,,,,,,,2*76
$GAGSV,1,1,00,,,,,,,,,,,,,,,,,3*77
$GBGSV,3,1,10,11,51,252,45,26,36,049,,27,36,049,47,28,28,248,,5*7D
$GBGSV,3,2,10,29,28,248,45,30,76,298,47,36,63,284,50,39,18,317,44,5*73
$GBGSV,3,3,10,40,48,167,48,41,03,076,41,,,,,,,,,5*75
$GNGGA,115642.82,3724.55322,N,12159.39526,W,1,08,1.1,5.6,M,-31.6,M,,*49
$GNRMC,115642.82,A,3724.55322,N,12159.39526,W,0.1,57.6,160726,,,A,U*11
$GNGLL,3724.55322,N,12159.39526,W,115642.82,A,A*6E
$GNGNS,115642.82,3724.55322,N,12159.39526,W,A,08,1.1,5.6,-31.6,,,U*5B
$GNGSA,A,3,,,,,,,,,,,,,1.8,1.1,1.4,1*3D
$GNGSA,A,3,,,,,,,,,,,,,1.8,1.1,1.4,3*3F
$GNGSA,A,3,11,27,29,30,36,39,40,41,,,,,1.8,1.1,1.4,4*3B
$GPGSV,1,1,00,,,,,,,,,,,,,,,,,8*6D
$GAGSV,1,1,00,,,,,,,,,,,,,,,,,1*75
$GAGSV,1,1,00,,,,,,,,,,,,,,,,,2*76
$GAGSV,1,1,00,,,,,,,,,,,,,,,,,3*77
$GBGSV,3,1,10,11,51,252,45,26,36,049,,27,36,049,46,28,28,248,,5*7C
$GBGSV,3,2,10,29,28,248,46,30,76,298,47,36,63,284,50,39,18,317,44,5*70
$GBGSV,3,3,10,40,48,167,48,41,03,076,41,,,,,,,,,5*75
$GNGGA,115643.82,3724.55321,N,12159.39517,W,1,08,1.1,5.5,M,-31.6,M,,*4A
$GNRMC,115643.82,A,3724.55321,N,12159.39517,W,0.2,55.1,160726,,,A,U*17
$GNGLL,3724.55321,N,12159.39517,W,115643.82,A,A*6E
$GNGNS,115643.82,3724.55321,N,12159.39517,W,A,08,1.1,5.5,-31.6,,,U*58
$GNGSA,A,3,,,,,,,,,,,,,1.8,1.1,1.4,1*3D
$GNGSA,A,3,,,,,,,,,,,,,1.8,1.1,1.4,3*3F
$GNGSA,A,3,11,27,29,30,36,39,40,41,,,,,1.8,1.1,1.4,4*3B
$GPGSV,1,1,00,,,,,,,,,,,,,,,,,8*6D
$GAGSV,1,1,00,,,,,,,,,,,,,,,,,1*75
$GAGSV,1,1,00,,,,,,,,,,,,,,,,,2*76
$GAGSV,1,1,00,,,,,,,,,,,,,,,,,3*77
$GBGSV,3,1,10,11,51,252,45,26,36,049,,27,36,049,46,28,28,248,,5*7C
$GBGSV,3,2,10,29,28,248,45,30,76,298,47,36,63,284,50,39,18,317,43,5*74
$GBGSV,3,3,10,40,48,168,48,41,03,076,41,,,,,,,,,5*7A
$GNGGA,115644.82,3724.55321,N,12159.39510,W,1,08,1.1,5.2,M,-31.6,M,,*4D
$GNRMC,115644.82,A,3724.55321,N,12159.39510,W,0.3,53.4,160726,,,A,U*15
$GNGLL,3724.55321,N,12159.39510,W,115644.82,A,A*6E
$GNGNS,115644.82,3724.55321,N,12159.39510,W,A,08,1.1,5.2,-31.6,,,U*5F
$GNGSA,A,3,,,,,,,,,,,,,1.8,1.1,1.4,1*3D
$GNGSA,A,3,,,,,,,,,,,,,1.8,1.1,1.4,3*3F
$GNGSA,A,3,11,27,29,30,36,39,40,41,,,,,1.8,1.1,1.4,4*3B
$GPGSV,1,1,00,,,,,,,,,,,,,,,,,8*6D
$GAGSV,1,1,00,,,,,,,,,,,,,,,,,1*75
$GAGSV,1,1,00,,,,,,,,,,,,,,,,,2*76
$GAGSV,1,1,00,,,,,,,,,,,,,,,,,3*77
$GBGSV,3,1,10,11,51,252,45,26,36,049,,27,36,049,46,28,28,248,,5*7C
$GBGSV,3,2,10,29,28,248,45,30,76,298,47,36,63,284,50,39,18,317,43,5*74
$GBGSV,3,3,10,40,48,168,47,41,03,076,41,,,,,,,,,5*75
$GNGGA,115645.82,3724.55320,N,12159.39500,W,1,08,1.1,4.8,M,-31.6,M,,*47
$GNRMC,115645.82,A,3724.55320,N,12159.39500,W,0.4,52.1,160726,,,A,U*17
$GNGLL,3724.55320,N,12159.39500,W,115645.82,A,A*6F
$GNGNS,115645.82,3724.55320,N,12159.39500,W,A,08,1.1,4.8,-31.6,,,U*55
$GNGSA,A,3,,,,,,,,,,,,,1.8,1.1,1.4,1*3D
$GNGSA,A,3,,,,,,,,,,,,,1.8,1.1,1.4,3*3F
$GNGSA,A,3,11,27,29,30,36,39,40,41,,,,,1.8,1.1,1.4,4*3B
$GPGSV,1,1,00,,,,,,,,,,,,,,,,,8*6D
$GAGSV,1,1,00,,,,,,,,,,,,,,,,,1*75
$GAGSV,1,1,00,,,,,,,,,,,,,,,,,2*76
$GAGSV,1,1,00,,,,,,,,,,,,,,,,,3*77
$GBGSV,3,1,10,11,51,252,45,26,36,049,,27,36,049,46,28,28,248,,5*7C
$GBGSV,3,2,10,29,28,248,45,30,76,298,47,36,63,284,50,39,18,317,43,5*74
$GBGSV,3,3,10,40,48,168,48,41,03,076,41,,,,,,,,,5*7A
$GNGGA,115646.82,3724.55320,N,12159.39489,W,1,08,1.1,4.2,M,-31.6,M,,*4E
$GNRMC,115646.82,A,3724.55320,N,12159.39489,W,0.6,51.1,160726,,,A,U*15
$GNGLL,3724.55320,N,12159.39489,W,115646.82,A,A*6C
$GNGNS,115646.82,3724.55320,N,12159.39489,W,A,08,1.1,4.2,-31.6,,,U*5C
$GNGSA,A,3,,,,,,,,,,,,,1.8,1.1,1.4,1*3D
$GNGSA,A,3,,,,,,,,,,,,,1.8,1.1,1.4,3*3F
$GNGSA,A,3,11,27,29,30,36,39,40,41,,,,,1.8,1.1,1.4,4*3B
$GPGSV,1,1,00,,,,,,,,,,,,,,,,,8*6D
$GAGSV,1,1,00,,,,,,,,,,,,,,,,,1*75
$GAGSV,1,1,00,,,,,,,,,,,,,,,,,2*76
$GAGSV,1,1,00,,,,,,,,,,,,,,,,,3*77
$GBGSV,3,1,10,11,51,252,45,26,36,049,,27,36,049,46,28,28,248,,5*7C
$GBGSV,3,2,10,29,28,248,45,30,76,298,47,36,63,284,50,39,19,317,43,5*75
$GBGSV,3,3,10,40,48,168,47,41,03,076,41,,,,,,,,,5*75
$GNGGA,115647.82,3724.55317,N,12159.39477,W,1,08,1.1,3.4,M,-31.6,M,,*4B
$GNRMC,115647.82,A,3724.55317,N,12159.39477,W,0.7,50.4,160726,,,A,U*14
$GNGLL,3724.55317,N,12159.39477,W,115647.82,A,A*68
$GNGNS,115647.82,3724.55317,N,12159.39477,W,A,08,1.1,3.4,-31.6,,,U*59
$GNGSA,A,3,,,,,,,,,,,,,1.8,1.1,1.4,1*3D
$GNGSA,A,3,,,,,,,,,,,,,1.8,1.1,1.4,3*3F
$GNGSA,A,3,11,27,29,30,36,39,40,41,,,,,1.8,1.1,1.4,4*3B
$GPGSV,1,1,00,,,,,,,,,,,,,,,,,8*6D
$GAGSV,1,1,00,,,,,,,,,,,,,,,,,1*75
$GAGSV,1,1,00,,,,,,,,,,,,,,,,,2*76
$GAGSV,1,1,00,,,,,,,,,,,,,,,,,3*77
$GBGSV,3,1,10,11,51,252,45,26,36,049,,27,36,049,46,28,28,248,,5*7C
$GBGSV,3,2,10,29,28,248,45,30,76,298,47,36,63,284,50,39,19,317,43,5*75
$GBGSV,3,3,10,40,48,168,48,41,03,076,41,,,,,,,,,5*7A
$GNGGA,115648.82,3724.55313,N,12159.39462,W,1,08,1.1,2.5,M,-31.6,M,,*44
$GNRMC,115648.82,A,3724.55313,N,12159.39462,W,0.8,49.9,160726,,,A,U*11
$GNGLL,3724.55313,N,12159.39462,W,115648.82,A,A*67
$GNGNS,115648.82,3724.55313,N,12159.39462,W,A,08,1.1,2.5,-31.6,,,U*56
$GNGSA,A,3,,,,,,,,,,,,,1.8,1.1,1.4,1*3D
$GNGSA,A,3,,,,,,,,,,,,,1.8,1.1,1.4,3*3F
$GNGSA,A,3,11,27,29,30,36,39,40,41,,,,,1.8,1.1,1.4,4*3B
$GPGSV,1,1,00,,,,,,,,,,,,,,,,,8*6D
$GAGSV,1,1,00,,,,,,,,,,,,,,,,,1*75
$GAGSV,1,1,00,,,,,,,,,,,,,,,,,2*76
$GAGSV,1,1,00,,,,,,,,,,,,,,,,,3*77
$GBGSV,3,1,10,11,51,252,45,26,36,049,,27,36,049,46,28,28,248,,5*7C
$GBGSV,3,2,10,29,28,248,45,30,76,298,47,36,63,284,50,39,19,317,43,5*75
$GBGSV,3,3,10,40,48,168,47,41,03,076,41,,,,,,,,,5*75
$GNGGA,115649.82,3724.55310,N,12159.39448,W,1,08,1.1,1.5,M,-31.6,M,,*4D
$GNRMC,115649.82,A,3724.55310,N,12159.39448,W,0.9,49.5,160726,,,A,U*16
$GNGLL,3724.55310,N,12159.39448,W,115649.82,A,A*6D
$GNGNS,115649.82,3724.55310,N,12159.39448,W,A,08,1.1,1.5,-31.6,,,U*5F
$GNGSA,A,3,,,,,,,,,,,,,1.8,1.1,1.4,1*3D
$GNGSA,A,3,,,,,,,,,,,,,1.8,1.1,1.4,3*3F
$GNGSA,A,3,11,27,29,30,36,39,40,41,,,,,1.8,1.1,1.4,4*3B
$GPGSV,1,1,00,,,,,,,,,,,,,,,,,8*6D
$GAGSV,1,1,00,,,,,,,,,,,,,,,,,1*75
$GAGSV,1,1,00,,,,,,,,,,,,,,,,,2*76
$GAGSV,1,1,00,,,,,,,,,,,,,,,,,3*77
$GBGSV,3,1,10,11,51,252,45,26,36,049,,27,36,049,46,28,28,248,,5*7C
$GBGSV,3,2,10,29,28,248,45,30,76,298,47,36,63,284,50,39,19,317,43,5*75
$GBGSV,3,3,10,40,48,168,47,41,03,076,41,,,,,,,,,5*75
$GNGGA,115650.82,3724.55306,N,12159.39432,W,1,08,1.1,0.3,M,-31.6,M,,*48
$GNRMC,115650.82,A,3724.55306,N,12159.39432,W,1.1,49.1,160726,,,A,U*19
$GNGLL,3724.55306,N,12159.39432,W,115650.82,A,A*6F
$GNGNS,115650.82,3724.55306,N,12159.39432,W,A,08,1.1,0.3,-31.6,,,U*5A
$GNGSA,A,3,,,,,,,,,,,,,1.8,1.1,1.4,1*3D
$GNGSA,A,3,,,,,,,,,,,,,1.8,1.1,1.4,3*3F
$GNGSA,A,3,11,27,29,30,36,39,40,41,,,,,1.8,1.1,1.4,4*3B
$GPGSV,1,1,00,,,,,,,,,,,,,,,,,8*6D
$GAGSV,1,1,00,,,,,,,,,,,,,,,,,1*75
$GAGSV,1,1,00,,,,,,,,,,,,,,,,,2*76
$GAGSV,1,1,00,,,,,,,,,,,,,,,,,3*77
$GBGSV,3,1,10,11,51,253,46,26,36,049,,27,36,049,46,28,28,248,,5*7E
$GBGSV,3,2,10,29,28,248,45,30,76,298,47,36,63,284,50,39,19,317,43,5*75
$GBGSV,3,3,10,40,48,168,47,41,03,076,41,,,,,,,,,5*75
$GNGGA,115651.82,3724.55299,N,12159.39413,W,1,08,1.1,-0.9,M,-31.6,M,,*6A
$GNRMC,115651.82,A,3724.55299,N,12159.39413,W,1.2,48.8,160726,,,A,U*17
$GNGLL,3724.55299,N,12159.39413,W,115651.82,A,A*6A
$GNGNS,115651.82,3724.55299,N,12159.39413,W,A,08,1.1,-0.9,-31.6,,,U*78
$GNGSA,A,3,,,,,,,,,,,,,1.8,1.1,1.4,1*3D
$GNGSA,A,3,,,,,,,,,,,,,1.8,1.1,1.4,3*3F
$GNGSA,A,3,11,27,29,30,36,39,40,41,,,,,1.8,1.1,1.4,4*3B
$GPGSV,1,1,00,,,,,,,,,,,,,,,,,8*6D
$GAGSV,1,1,00,,,,,,,,,,,,,,,,,1*75
$GAGSV,1,1,00,,,,,,,,,,,,,,,,,2*76
$GAGSV,1,1,00,,,,,,,,,,,,,,,,,3*77
$GBGSV,3,1,10,11,51,253,45,26,36,049,,27,36,049,46,28,28,248,,5*7D
$GBGSV,3,2,10,29,28,248,45,30,76,298,47,36,63,284,50,39,19,317,43,5*75
$GBGSV,3,3,10,40,48,168,48,41,03,076,40,,,,,,,,,5*7B
$GNGGA,115652.82,3724.55292,N,12159.39400,W,1,08,1.1,-2.4,M,-31.6,M,,*6F
$GNRMC,115652.82,A,3724.55292,N,12159.39400,W,1.3,48.5,160726,,,A,U*11
$GNGLL,3724.55292,N,12159.39400,W,115652.82,A,A*60
$GNGNS,115652.82,3724.55292,N,12159.39400,W,A,08,1.1,-2.4,-31.6,,,U*7D
$GNGSA,A,3,,,,,,,,,,,,,1.8,1.1,1.4,1*3D
$GNGSA,A,3,,,,,,,,,,,,,1.8,1.1,1.4,3*3F
$GNGSA,A,3,11,27,29,30,36,39,40,41,,,,,1.8,1.1,1.4,4*3B
$GPGSV,1,1,00,,,,,,,,,,,,,,,,,8*6D
$GAGSV,1,1,00,,,,,,,,,,,,,,,,,1*75
$GAGSV,1,1,00,,,,,,,,,,,,,,,,,2*76
$GAGSV,1,1,00,,,,,,,,,,,,,,,,,3*77
$GBGSV,3,1,10,11,51,253,45,26,36,049,,27,36,049,46,28,28,248,,5*7D
$GBGSV,3,2,10,29,28,248,45,30,76,298,47,36,63,284,50,39,19,317,43,5*75
$GBGSV,3,3,10,40,48,168,47,41,03,076,40,,,,,,,,,5*74
$GNGGA,115653.82,3724.55281,N,12159.39387,W,1,08,1.1,-3.9,M,-31.6,M,,*68
$GNRMC,115653.82,A,3724.55281,N,12159.39387,W,1.4,48.3,160726,,,A,U*1B
$GNGLL,3724.55281,N,12159.39387,W,115653.82,A,A*6B
$GNGNS,115653.82,3724.55281,N,12159.39387,W,A,08,1.1,-3.9,-31.6,,,U*7A
$GNGSA,A,3,,,,,,,,,,,,,1.8,1.1,1.4,1*3D
$GNGSA,A,3,,,,,,,,,,,,,1.8,1.1,1.4,3*3F
$GNGSA,A,3,11,27,29,30,36,39,40,41,,,,,1.8,1.1,1.4,4*3B
$GPGSV,1,1,00,,,,,,,,,,,,,,,,,8*6D
$GAGSV,1,1,00,,,,,,,,,,,,,,,,,1*75
$GAGSV,1,1,00,,,,,,,,,,,,,,,,,2*76
$GAGSV,1,1,00,,,,,,,,,,,,,,,,,3*77
$GBGSV,3,1,10,11,51,253,45,26,36,050,,27,36,050,46,28,28,248,,5*7D
$GBGSV,3,2,10,29,28,248,46,30,76,298,47,36,63,284,50,39,19,317,43,5*76
$GBGSV,3,3,10,40,48,168,48,41,03,076,40,,,,,,,,,5*7B
$GNGGA,115654.82,3724.55271,N,12159.39376,W,1,08,1.1,-5.4,M,-31.6,M,,*65
$GNRMC,115654.82,A,3724.55271,N,12159.39376,W,1.5,48.1,160726,,,A,U*1E
$GNGLL,3724.55271,N,12159.39376,W,115654.82,A,A*6D
$GNGNS,115654.82,3724.55271,N,12159.39376,W,A,08,1.1,-5.4,-31.6,,,U*77
$GNGSA,A,3,,,,,,,,,,,,,1.8,1.1,1.4,1*3D
$GNGSA,A,3,,,,,,,,,,,,,1.8,1.1,1.4,3*3F
$GNGSA,A,3,11,27,29,30,36,39,40,41,,,,,1.8,1.1,1.4,4*3B
$GPGSV,1,1,00,,,,,,,,,,,,,,,,,8*6D
$GAGSV,1,1,00,,,,,,,,,,,,,,,,,1*75
$GAGSV,1,1,00,,,,,,,,,,,,,,,,,2*76
$GAGSV,1,1,00,,,,,,,,,,,,,,,,,3*77
$GBGSV,3,1,10,11,51,253,45,26,36,050,,27,36,050,46,28,28,248,,5*7D
$GBGSV,3,2,10,29,28,248,45,30,76,298,47,36,63,284,50,39,19,317,43,5*75
$GBGSV,3,3,10,40,48,168,47,41,03,076,40,,,,,,,,,5*74
$GNGGA,115655.82,3724.55261,N,12159.39362,W,1,08,1.1,-6.9,M,-31.6,M,,*6E
$GNRMC,115655.82,A,3724.55261,N,12159.39362,W,1.6,47.9,160726,,,A,U*1F
$GNGLL,3724.55261,N,12159.39362,W,115655.82,A,A*68
$GNGNS,115655.82,3724.55261,N,12159.39362,W,A,08,1.1,-6.9,-31.6,,,U*7C
$GNGSA,A,3,,,,,,,,,,,,,1.8,1.1,1.4,1*3D
$GNGSA,A,3,,,,,,,,,,,,,1.8,1.1,1.4,3*3F
$GNGSA,A,3,11,27,29,30,36,39,40,41,,,,,1.8,1.1,1.4,4*3B
$GPGSV,1,1,00,,,,,,,,,,,,,,,,,8*6D
$GAGSV,1,1,00,,,,,,,,,,,,,,,,,1*75
$GAGSV,1,1,00,,,,,,,,,,,,,,,,,2*76
$GAGSV,1,1,00,,,,,,,,,,,,,,,,,3*77
$GBGSV,3,1,11,11,51,253,45,26,36,050,,27,36,050,46,28,28,248,,5*7C
$GBGSV,3,2,11,29,28,248,45,30,76,298,47,35,63,284,,36,63,284,50,5*79
$GBGSV,3,3,11,39,19,317,43,40,48,168,47,41,03,076,40,,,,,5*45
$GNGGA,115656.82,3724.55248,N,12159.39348,W,1,08,1.1,-8.4,M,-31.6,M,,*6D
$GNRMC,115656.82,A,3724.55248,N,12159.39348,W,1.7,47.8,160726,,,A,U*1F
$GNGLL,3724.55248,N,12159.39348,W,115656.82,A,A*68
$GNGNS,115656.82,3724.55248,N,12159.39348,W,A,08,1.1,-8.4,-31.6,,,U*7F
$GNGSA,A,3,,,,,,,,,,,,,1.8,1.1,1.4,1*3D
$GNGSA,A,3,,,,,,,,,,,,,1.8,1.1,1.4,3*3F
$GNGSA,A,3,11,27,29,30,36,39,40,41,,,,,1.8,1.1,1.4,4*3B
$GPGSV,1,1,00,,,,,,,,,,,,,,,,,8*6D
$GAGSV,1,1,00,,,,,,,,,,,,,,,,,1*75
$GAGSV,1,1,00,,,,,,,,,,,,,,,,,2*76
$GAGSV,1,1,00,,,,,,,,,,,,,,,,,3*77
$GBGSV,3,1,11,11,51,253,46,26,36,050,,27,36,050,46,28,28,248,,5*7F
$GBGSV,3,2,11,29,28,248,45,30,76,298,46,35,63,284,,36,63,284,50,5*78
$GBGSV,3,3,11,39,19,317,43,40,48,168,47,41,03,076,40,,,,,5*45
$GNGGA,115657.82,3724.55235,N,12159.39335,W,1,08,1.1,-10.0,M,-31.6,M,,*51
$GNRMC,115657.82,A,3724.55235,N,12159.39335,W,1.8,47.7,160726,,,A,U*1E
$GNGLL,3724.55235,N,12159.39335,W,115657.82,A,A*69
$GNGNS,115657.82,3724.55235,N,12159.39335,W,A,08,1.1,-10.0,-31.6,,,U*43
$GNGSA,A,3,,,,,,,,,,,,,1.8,1.1,1.4,1*3D
$GNGSA,A,3,,,,,,,,,,,,,1.8,1.1,1.4,3*3F
$GNGSA,A,3,11,27,29,30,36,39,40,41,,,,,1.8,1.1,1.4,4*3B
$GPGSV,1,1,00,,,,,,,,,,,,,,,,,8*6D
$GAGSV,1,1,00,,,,,,,,,,,,,,,,,1*75
$GAGSV,1,1,00,,,,,,,,,,,,,,,,,2*76
$GAGSV,1,1,00,,,,,,,,,,,,,,,,,3*77
$GBGSV,3,1,11,11,51,253,45,26,36,050,,27,36,050,46,28,28,248,,5*7C
$GBGSV,3,2,11,29,28,248,46,30,76,298,47,35,63,284,,36,63,284,50,5*7A
$GBGSV,3,3,11,39,19,317,43,40,48,168,48,41,03,076,40,,,,,5*4A
$GNGGA,115658.82,3724.55225,N,12159.39319,W,1,08,1.1,-11.6,M,-31.6,M,,*56
$GNRMC,115658.82,A,3724.55225,N,12159.39319,W,1.9,47.6,160726,,,A,U*1E
$GNGLL,3724.55225,N,12159.39319,W,115658.82,A,A*69
$GNGNS,115658.82,3724.55225,N,12159.39319,W,A,08,1.1,-11.6,-31.6,,,U*44
$GNGSA,A,3,,,,,,,,,,,,,1.8,1.1,1.4,1*3D
$GNGSA,A,3,,,,,,,,,,,,,1.8,1.1,1.4,3*3F
$GNGSA,A,3,11,27,29,30,36,39,40,41,,,,,1.8,1.1,1.4,4*3B
$GPGSV,1,1,00,,,,,,,,,,,,,,,,,8*6D
$GAGSV,1,1,00,,,,,,,,,,,,,,,,,1*75
$GAGSV,1,1,00,,,,,,,,,,,,,,,,,2*76
$GAGSV,1,1,00,,,,,,,,,,,,,,,,,3*77
$GBGSV,3,1,11,11,51,253,46,26,36,050,,27,36,050,46,28,28,248,,5*7F
$GBGSV,3,2,11,29,28,248,46,30,76,298,46,35,63,284,,36,63,284,50,5*7B
$GBGSV,3,3,11,39,19,317,43,40,48,168,47,41,03,076,40,,,,,5*45
$GNGGA,115659.82,3724.55213,N,12159.39303,W,1,08,1.1,-13.1,M,-31.6,M,,*5C
$GNRMC,115659.82,A,3724.55213,N,12159.39303,W,2.0,47.5,160726,,,A,U*18
$GNGLL,3724.55213,N,12159.39303,W,115659.82,A,A*66
$GNGNS,115659.82,3724.55213,N,12159.39303,W,A,08,1.1,-13.1,-31.6,,,U*4E
$GNGSA,A,3,,,,,,,,,,,,,1.8,1.1,1.4,1*3D
$GNGSA,A,3,,,,,,,,,,,,,1.8,1.1,1.4,3*3F
$GNGSA,A,3,11,27,29,30,36,39,40,41,,,,,1.8,1.1,1.4,4*3B
$GPGSV,1,1,00,,,,,,,,,,,,,,,,,8*6D
$GAGSV,1,1,00,,,,,,,,,,,,,,,,,1*75
$GAGSV,1,1,00,,,,,,,,,,,,,,,,,2*76
$GAGSV,1,1,00,,,,,,,,,,,,,,,,,3*77
$GBGSV,3,1,11,11,51,253,45,26,36,050,,27,36,050,46,28,28,248,,5*7C
$GBGSV,3,2,11,29,28,248,46,30,76,298,47,35,63,284,,36,63,284,50,5*7A
$GBGSV,3,3,11,39,19,317,43,40,48,168,47,41,03,076,40,,,,,5*45
$GNGGA,115700.82,3724.55201,N,12159.39291,W,1,08,1.1,-14.6,M,-31.6,M,,*58
$GNRMC,115700.82,A,3724.55201,N,12159.39291,W,2.1,47.4,160726,,,A,U*1C
$GNGLL,3724.55201,N,12159.39291,W,115700.82,A,A*62
$GNGNS,115700.82,3724.55201,N,12159.39291,W,A,08,1.1,-14.6,-31.6,,,U*4A
$GNGSA,A,3,,,,,,,,,,,,,1.8,1.1,1.4,1*3D
$GNGSA,A,3,,,,,,,,,,,,,1.8,1.1,1.4,3*3F
$GNGSA,A,3,11,27,29,30,36,39,40,41,,,,,1.8,1.1,1.4,4*3B
$GPGSV,1,1,00,,,,,,,,,,,,,,,,,8*6D
$GAGSV,1,1,00,,,,,,,,,,,,,,,,,1*75
$GAGSV,1,1,00,,,,,,,,,,,,,,,,,2*76
$GAGSV,1,1,00,,,,,,,,,,,,,,,,,3*77
$GBGSV,3,1,11,11,51,253,46,26,36,050,,27,36,050,46,28,28,248,,5*7F
$GBGSV,3,2,11,29,28,248,46,30,76,298,47,35,63,284,,36,63,284,50,5*7A
$GBGSV,3,3,11,39,19,317,43,40,48,168,48,41,03,076,40,,,,,5*4A
$GNGGA,115701.82,3724.55187,N,12159.39280,W,1,08,1.1,-16.1,M,-31.6,M,,*51
$GNRMC,115701.82,A,3724.55187,N,12159.39280,W,2.1,47.3,160726,,,A,U*17
$GNGLL,3724.55187,N,12159.39280,W,115701.82,A,A*6E
$GNGNS,115701.82,3724.55187,N,12159.39280,W,A,08,1.1,-16.1,-31.6,,,U*43
$GNGSA,A,3,,,,,,,,,,,,,1.8,1.1,1.4,1*3D
$GNGSA,A,3,,,,,,,,,,,,,1.8,1.1,1.4,3*3F
$GNGSA,A,3,11,27,29,30,36,39,40,41,,,,,1.8,1.1,1.4,4*3B
$GPGSV,1,1,00,,,,,,,,,,,,,,,,,8*6D
$GAGSV,1,1,00,,,,,,,,,,,,,,,,,1*75
$GAGSV,1,1,00,,,,,,,,,,,,,,,,,2*76
$GAGSV,1,1,00,,,,,,,,,,,,,,,,,3*77
$GBGSV,3,1,11,11,51,253,46,26,36,050,,27,36,050,46,28,28,248,,5*7F
$GBGSV,3,2,11,29,28,248,46,30,76,298,47,35,63,284,,36,63,284,50,5*7A
$GBGSV,3,3,11,39,19,317,43,40,48,168,47,41,03,076,39,,,,,5*4B
$GNGGA,115702.82,3724.55175,N,12159.39267,W,1,08,1.1,-17.6,M,-31.6,M,,*50
$GNRMC,115702.82,A,3724.55175,N,12159.39267,W,2.1,47.2,160726,,,A,U*11
$GNGLL,3724.55175,N,12159.39267,W,115702.82,A,A*69
$GNGNS,115702.82,3724.55175,N,12159.39267,W,A,08,1.1,-17.6,-31.6,,,U*42
$GNGSA,A,3,,,,,,,,,,,,,1.8,1.1,1.4,1*3D
$GNGSA,A,3,,,,,,,,,,,,,1.8,1.1,1.4,3*3F
$GNGSA,A,3,11,27,29,30,36,39,40,41,,,,,1.8,1.1,1.4,4*3B
$GPGSV,1,1,00,,,,,,,,,,,,,,,,,8*6D
$GAGSV,1,1,00,,,,,,,,,,,,,,,,,1*75
$GAGSV,1,1,00,,,,,,,,,,,,,,,,,2*76
$GAGSV,1,1,00,,,,,,,,,,,,,,,,,3*77
$GBGSV,3,1,11,11,51,253,46,26,36,050,,27,36,050,46,28,28,248,,5*7F
$GBGSV,3,2,11,29,28,248,46,30,76,298,47,35,63,284,,36,63,284,50,5*7A
$GBGSV,3,3,11,39,19,317,43,40,48,168,48,41,03,076,39,,,,,5*44
$GNGGA,115703.82,3724.55163,N,12159.39260,W,1,08,1.1,-18.9,M,-31.6,M,,*51
$GNRMC,115703.82,A,3724.55163,N,12159.39260,W,2.2,47.1,160726,,,A,U*10
$GNGLL,3724.55163,N,12159.39260,W,115703.82,A,A*68
$GNGNS,115703.82,3724.55163,N,12159.39260,W,A,08,1.1,-18.9,-31.6,,,U*43
$GNGSA,A,3,,,,,,,,,,,,,1.8,1.1,1.4,1*3D
$GNGSA,A,3,,,,,,,,,,,,,1.8,1.1,1.4,3*3F
$GNGSA,A,3,11,27,29,30,36,39,40,41,,,,,1.8,1.1,1.4,4*3B
$GPGSV,1,1,00,,,,,,,,,,,,,,,,,8*6D
$GAGSV,1,1,00,,,,,,,,,,,,,,,,,1*75
$GAGSV,1,1,00,,,,,,,,,,,,,,,,,2*76
$GAGSV,1,1,00,,,,,,,,,,,,,,,,,3*77
$GBGSV,3,1,11,11,51,253,45,26,36,050,,27,36,050,46,28,28,248,,5*7C
$GBGSV,3,2,11,29,28,248,46,30,76,298,47,35,63,284,,36,63,284,50,5*7A
$GBGSV,3,3,11,39,19,317,43,40,48,168,47,41,03,076,39,,,,,5*4B
$GNGGA,115704.82,3724.55151,N,12159.39253,W,1,08,1.1,-20.1,M,-31.6,M,,*54
$GNRMC,115704.82,A,3724.55151,N,12159.39253,W,2.2,47.0,160726,,,A,U*17
$GNGLL,3724.55151,N,12159.39253,W,115704.82,A,A*6E
$GNGNS,115704.82,3724.55151,N,12159.39253,W,A,08,1.1,-20.1,-31.6,,,U*46
$GNGSA,A,3,,,,,,,,,,,,,1.8,1.1,1.4,1*3D
$GNGSA,A,3,,,,,,,,,,,,,1.8,1.1,1.4,3*3F
$GNGSA,A,3,11,27,29,30,36,39,40,41,,,,,1.8,1.1,1.4,4*3B
$GPGSV,1,1,00,,,,,,,,,,,,,,,,,8*6D
$GAGSV,1,1,00,,,,,,,,,,,,,,,,,1*75
$GAGSV,1,1,00,,,,,,,,,,,,,,,,,2*76
$GAGSV,1,1,00,,,,,,,,,,,,,,,,,3*77
$GBGSV,3,1,11,11,51,253,46,26,36,050,,27,36,050,46,28,28,248,,5*7F
$GBGSV,3,2,11,29,28,248,46,30,76,298,47,35,63,284,,36,63,283,50,5*7D
$GBGSV,3,3,11,39,19,317,43,40,48,168,47,41,03,076,39,,,,,5*4B
$GNGGA,115705.82,3724.55139,N,12159.39247,W,1,08,1.1,-21.4,M,-31.6,M,,*5A
$GNRMC,115705.82,A,3724.55139,N,12159.39247,W,2.2,47.0,160726,,,A,U*1D
$GNGLL,3724.55139,N,12159.39247,W,115705.82,A,A*64
$GNGNS,115705.82,3724.55139,N,12159.39247,W,A,08,1.1,-21.4,-31.6,,,U*48
$GNGSA,A,3,,,,,,,,,,,,,1.8,1.1,1.4,1*3D
$GNGSA,A,3,,,,,,,,,,,,,1.8,1.1,1.4,3*3F
$GNGSA,A,3,11,27,29,30,36,39,40,41,,,,,1.8,1.1,1.4,4*3B
$GPGSV,1,1,00,,,,,,,,,,,,,,,,,8*6D
$GAGSV,1,1,00,,,,,,,,,,,,,,,,,1*75
$GAGSV,1,1,00,,,,,,,,,,,,,,,,,2*76
$GAGSV,1,1,00,,,,,,,,,,,,,,,,,3*77
$GBGSV,3,1,11,11,51,253,45,26,36,050,,27,36,050,46,28,28,248,,5*7C
$GBGSV,3,2,11,29,28,248,46,30,76,298,47,35,63,284,,36,63,283,50,5*7D
$GBGSV,3,3,11,39,19,317,43,40,48,168,47,41,03,076,39,,,,,5*4B
$GNGGA,115706.82,3724.55126,N,12159.39241,W,1,08,1.1,-22.5,M,-31.6,M,,*53
$GNRMC,115706.82,A,3724.55126,N,12159.39241,W,2.2,46.9,160726,,,A,U*1E
$GNGLL,3724.55126,N,12159.39241,W,115706.82,A,A*6F
$GNGNS,115706.82,3724.55126,N,12159.39241,W,A,08,1.1,-22.5,-31.6,,,U*41
$GNGSA,A,3,,,,,,,,,,,,,1.8,1.1,1.4,1*3D
$GNGSA,A,3,,,,,,,,,,,,,1.8,1.1,1.4,3*3F
$GNGSA,A,3,11,27,29,30,36,39,40,41,,,,,1.8,1.1,1.4,4*3B
$GPGSV,1,1,00,,,,,,,,,,,,,,,,,8*6D
$GAGSV,1,1,00,,,,,,,,,,,,,,,,,1*75
$GAGSV,1,1,00,,,,,,,,,,,,,,,,,2*76
$GAGSV,1,1,00,,,,,,,,,,,,,,,,,3*77
$GBGSV,3,1,11,11,51,253,46,26,36,050,,27,36,050,46,28,28,248,,5*7F
$GBGSV,3,2,11,29,28,248,46,30,76,298,46,35,63,284,,36,63,283,50,5*7C
$GBGSV,3,3,11,39,19,317,43,40,48,168,47,41,03,076,39,,,,,5*4B
$GNGGA,115707.82,3724.55120,N,12159.39235,W,1,08,1.1,-23.5,M,-31.6,M,,*56
$GNRMC,115707.82,A,3724.55120,N,12159.39235,W,2.2,46.8,160726,,,A,U*1B
$GNGLL,3724.55120,N,12159.39235,W,115707.82,A,A*6B
$GNGNS,115707.82,3724.55120,N,12159.39235,W,A,08,1.1,-23.5,-31.6,,,U*44
$GNGSA,A,3,,,,,,,,,,,,,1.8,1.1,1.4,1*3D
$GNGSA,A,3,,,,,,,,,,,,,1.8,1.1,1.4,3*3F
$GNGSA,A,3,11,27,29,30,36,39,40,41,,,,,1.8,1.1,1.4,4*3B
$GPGSV,1,1,00,,,,,,,,,,,,,,,,,8*6D
$GAGSV,1,1,00,,,,,,,,,,,,,,,,,1*75
$GAGSV,1,1,00,,,,,,,,,,,,,,,,,2*76
$GAGSV,1,1,00,,,,,,,,,,,,,,,,,3*77
$GBGSV,3,1,11,11,51,253,46,26,36,050,,27,36,050,46,28,28,248,,5*7F
$GBGSV,3,2,11,29,28,248,46,30,76,298,46,35,63,284,,36,63,283,50,5*7C
$GBGSV,3,3,11,39,19,317,43,40,48,168,47,41,03,076,39,,,,,5*4B
$GNGGA,115708.82,3724.55110,N,12159.39227,W,1,08,1.1,-24.4,M,-31.6,M,,*5F
$GNRMC,115708.82,A,3724.55110,N,12159.39227,W,2.2,46.9,160726,,,A,U*15
$GNGLL,3724.55110,N,12159.39227,W,115708.82,A,A*64
$GNGNS,115708.82,3724.55110,N,12159.39227,W,A,08,1.1,-24.4,-31.6,,,U*4D
$GNGSA,A,3,,,,,,,,,,,,,1.8,1.1,1.4,1*3D
$GNGSA,A,3,,,,,,,,,,,,,1.8,1.1,1.4,3*3F
$GNGSA,A,3,11,27,29,30,36,39,40,41,,,,,1.8,1.1,1.4,4*3B
$GPGSV,1,1,00,,,,,,,,,,,,,,,,,8*6D
$GAGSV,1,1,00,,,,,,,,,,,,,,,,,1*75
$GAGSV,1,1,00,,,,,,,,,,,,,,,,,2*76
$GAGSV,1,1,00,,,,,,,,,,,,,,,,,3*77
$GBGSV,3,1,11,11,51,253,46,26,36,050,,27,36,050,46,28,28,248,,5*7F
$GBGSV,3,2,11,29,28,248,46,30,76,298,47,35,63,283,,36,63,283,50,5*7A
$GBGSV,3,3,11,39,19,317,43,40,48,168,47,41,03,076,39,,,,,5*4B
$GNGGA,115709.82,3724.55102,N,12159.39226,W,1,08,1.1,-25.3,M,-31.6,M,,*5A
$GNRMC,115709.82,A,3724.55102,N,12159.39226,W,2.2,46.9,160726,,,A,U*16
$GNGLL,3724.55102,N,12159.39226,W,115709.82,A,A*67
$GNGNS,115709.82,3724.55102,N,12159.39226,W,A,08,1.1,-25.3,-31.6,,,U*48
$GNGSA,A,3,,,,,,,,,,,,,1.8,1.1,1.4,1*3D
$GNGSA,A,3,,,,,,,,,,,,,1.8,1.1,1.4,3*3F
$GNGSA,A,3,11,27,29,30,36,39,40,41,,,,,1.8,1.1,1.4,4*3B
$GPGSV,1,1,00,,,,,,,,,,,,,,,,,8*6D
$GAGSV,1,1,00,,,,,,,,,,,,,,,,,1*75
$GAGSV,1,1,00,,,,,,,,,,,,,,,,,2*76
$GAGSV,1,1,00,,,,,,,,,,,,,,,,,3*77
$GBGSV,3,1,11,11,51,253,46,26,36,050,,27,36,050,46,28,28,248,,5*7F
$GBGSV,3,2,11,29,28,248,46,30,76,298,47,35,63,283,,36,63,283,50,5*7A
$GBGSV,3,3,11,39,19,317,43,40,48,168,47,41,03,076,39,,,,,5*4B
$GNGGA,115710.82,3724.55094,N,12159.39222,W,1,08,1.1,-26.1,M,-31.6,M,,*59
$GNRMC,115710.82,A,3724.55094,N,12159.39222,W,2.2,46.9,160726,,,A,U*14
$GNGLL,3724.55094,N,12159.39222,W,115710.82,A,A*65
$GNGNS,115710.82,3724.55094,N,12159.39222,W,A,08,1.1,-26.1,-31.6,,,U*4B
$GNGSA,A,3,,,,,,,,,,,,,1.8,1.1,1.4,1*3D
$GNGSA,A,3,,,,,,,,,,,,,1.8,1.1,1.4,3*3F
$GNGSA,A,3,11,27,29,30,36,39,40,41,,,,,1.8,1.1,1.4,4*3B
$GPGSV,1,1,00,,,,,,,,,,,,,,,,,8*6D
$GAGSV,1,1,00,,,,,,,,,,,,,,,,,1*75
$GAGSV,1,1,00,,,,,,,,,,,,,,,,,2*76
$GAGSV,1,1,00,,,,,,,,,,,,,,,,,3*77
$GBGSV,3,1,11,11,51,253,45,26,36,050,,27,36,050,46,28,28,248,,5*7C
$GBGSV,3,2,11,29,28,248,46,30,76,298,47,35,63,283,,36,63,283,50,5*7A
$GBGSV,3,3,11,39,19,317,43,40,48,168,47,41,03,076,39,,,,,5*4B
$GNGGA,115711.82,3724.55289,N,12159.39459,W,1,08,1.1,5.5,M,-31.6,M,,*44
$GNRMC,115711.82,A,3724.55289,N,12159.39459,W,0.1,46.9,160726,,,A,U*10
$GNGLL,3724.55289,N,12159.39459,W,115711.82,A,A*60
$GNGNS,115711.82,3724.55289,N,12159.39459,W,A,08,1.1,5.5,-31.6,,,U*56
$GNGSA,A,3,,,,,,,,,,,,,1.8,1.1,1.4,1*3D
$GNGSA,A,3,,,,,,,,,,,,,1.8,1.1,1.4,3*3F
$GNGSA,A,3,11,27,29,30,36,39,40,41,,,,,1.8,1.1,1.4,4*3B
$GPGSV,1,1,00,,,,,,,,,,,,,,,,,8*6D
$GAGSV,1,1,00,,,,,,,,,,,,,,,,,1*75
$GAGSV,1,1,00,,,,,,,,,,,,,,,,,2*76
$GAGSV,1,1,00,,,,,,,,,,,,,,,,,3*77
$GBGSV,3,1,11,11,51,253,46,26,36,050,,27,36,050,46,28,28,248,,5*7F
$GBGSV,3,2,11,29,28,248,46,30,76,298,47,35,63,283,,36,63,283,50,5*7A
$GBGSV,3,3,11,39,19,317,43,40,48,168,47,41,03,076,39,,,,,5*4B
$GNGGA,115712.82,3724.55305,N,12159.39483,W,1,08,1.1,5.9,M,-31.6,M,,*49
$GNRMC,115712.82,A,3724.55305,N,12159.39483,W,0.0,46.9,160726,,,A,U*10
$GNGLL,3724.55305,N,12159.39483,W,115712.82,A,A*61
$GNGNS,115712.82,3724.55305,N,12159.39483,W,A,08,1.1,5.9,-31.6,,,U*5B
$GNGSA,A,3,,,,,,,,,,,,,1.8,1.1,1.4,1*3D
$GNGSA,A,3,,,,,,,,,,,,,1.8,1.1,1.4,3*3F
$GNGSA,A,3,11,27,29,30,36,39,40,41,,,,,1.8,1.1,1.4,4*3B
$GPGSV,1,1,00,,,,,,,,,,,,,,,,,8*6D
$GAGSV,1,1,00,,,,,,,,,,,,,,,,,1*75
$GAGSV,1,1,00,,,,,,,,,,,,,,,,,2*76
$GAGSV,1,1,00,,,,,,,,,,,,,,,,,3*77
$GBGSV,3,1,11,11,51,253,46,26,36,050,,27,36,050,46,28,28,248,,5*7F
$GBGSV,3,2,11,29,28,248,46,30,76,299,47,35,63,283,,36,63,283,50,5*7B
$GBGSV,3,3,11,39,19,317,43,40,48,168,47,41,03,076,39,,,,,5*4B
$GNGGA,115713.82,3724.55321,N,12159.39467,W,1,08,1.1,5.8,M,-31.6,M,,*45
$GNRMC,115713.82,A,3724.55321,N,12159.39467,W,0.1,46.9,160726,,,A,U*1C
$GNGLL,3724.55321,N,12159.39467,W,115713.82,A,A*6C
$GNGNS,115713.82,3724.55321,N,12159.39467,W,A,08,1.1,5.8,-31.6,,,U*57
$GNGSA,A,3,,,,,,,,,,,,,1.8,1.1,1.4,1*3D
$GNGSA,A,3,,,,,,,,,,,,,1.8,1.1,1.4,3*3F
$GNGSA,A,3,11,27,29,30,36,39,40,41,,,,,1.8,1.1,1.4,4*3B
$GPGSV,1,1,00,,,,,,,,,,,,,,,,,8*6D
$GAGSV,1,1,00,,,,,,,,,,,,,,,,,1*75
$GAGSV,1,1,00,,,,,,,,,,,,,,,,,2*76
$GAGSV,1,1,00,,,,,,,,,,,,,,,,,3*77
$GBGSV,3,1,11,11,51,253,46,26,36,050,,27,36,050,46,28,28,248,,5*7F
$GBGSV,3,2,11,29,28,248,46,30,76,299,47,35,63,283,,36,63,283,50,5*7B
$GBGSV,3,3,11,39,19,317,43,40,48,168,47,41,03,076,38,,,,,5*4A
$GNGGA,115714.82,3724.55311,N,12159.39489,W,1,08,1.1,5.8,M,-31.6,M,,*41
$GNRMC,115714.82,A,3724.55311,N,12159.39489,W,0.0,46.9,160726,,,A,U*19
$GNGLL,3724.55311,N,12159.39489,W,115714.82,A,A*68
$GNGNS,115714.82,3724.55311,N,12159.39489,W,A,08,1.1,5.8,-31.6,,,U*53
$GNGSA,A,3,,,,,,,,,,,,,1.8,1.1,1.4,1*3D
$GNGSA,A,3,,,,,,,,,,,,,1.8,1.1,1.4,3*3F
$GNGSA,A,3,11,27,29,30,36,39,40,41,,,,,1.8,1.1,1.4,4*3B
$GPGSV,1,1,00,,,,,,,,,,,,,,,,,8*6D
$GAGSV,1,1,00,,,,,,,,,,,,,,,,,1*75
$GAGSV,1,1,00,,,,,,,,,,,,,,,,,2*76
$GAGSV,1,1,00,,,,,,,,,,,,,,,,,3*77
$GBGSV,3,1,11,11,51,253,46,26,36,050,,27,36,050,46,28,28,248,,5*7F
$GBGSV,3,2,11,29,28,248,46,30,76,299,47,35,63,283,,36,63,283,50,5*7B
$GBGSV,3,3,11,39,19,317,43,40,48,168,47,41,03,076,38,,,,,5*4A
$GNGGA,115715.82,3724.55310,N,12159.39489,W,1,08,1.1,5.8,M,-31.6,M,,*41
$GNRMC,115715.82,A,3724.55310,N,12159.39489,W,0.0,46.9,160726,,,A,U*19
$GNGLL,3724.55310,N,12159.39489,W,115715.82,A,A*68
$GNGNS,115715.82,3724.55310,N,12159.39489,W,A,08,1.1,5.8,-31.6,,,U*53
$GNGSA,A,3,,,,,,,,,,,,,1.8,1.1,1.4,1*3D
$GNGSA,A,3,,,,,,,,,,,,,1.8,1.1,1.4,3*3F
$GNGSA,A,3,11,27,29,30,36,39,40,41,,,,,1.8,1.1,1.4,4*3B
$GPGSV,1,1,00,,,,,,,,,,,,,,,,,8*6D
$GAGSV,1,1,00,,,,,,,,,,,,,,,,,1*75
$GAGSV,1,1,00,,,,,,,,,,,,,,,,,2*76
$GAGSV,1,1,00,,,,,,,,,,,,,,,,,3*77
$GBGSV,3,1,11,11,51,253,46,26,36,050,,27,36,050,46,28,28,248,,5*7F
$GBGSV,3,2,11,29,28,248,46,30,76,299,47,35,63,283,,36,63,283,50,5*7B
$GBGSV,3,3,11,39,19,317,43,40,48,168,47,41,03,076,38,,,,,5*4A
$GNGGA,115716.82,3724.55313,N,12159.39487,W,1,08,1.1,5.7,M,-31.6,M,,*40
$GNRMC,115716.82,A,3724.55313,N,12159.39487,W,0.0,46.9,160726,,,A,U*17
$GNGLL,3724.55313,N,12159.39487,W,115716.82,A,A*66
$GNGNS,115716.82,3724.55313,N,12159.39487,W,A,08,1.1,5.7,-31.6,,,U*52
$GNGSA,A,3,,,,,,,,,,,,,1.8,1.1,1.4,1*3D
$GNGSA,A,3,,,,,,,,,,,,,1.8,1.1,1.4,3*3F
$GNGSA,A,3,11,27,29,30,36,39,40,41,,,,,1.8,1.1,1.4,4*3B
$GPGSV,1,1,00,,,,,,,,,,,,,,,,,8*6D
$GAGSV,1,1,00,,,,,,,,,,,,,,,,,1*75
$GAGSV,1,1,00,,,,,,,,,,,,,,,,,2*76
$GAGSV,1,1,00,,,,,,,,,,,,,,,,,3*77
$GBGSV,3,1,11,11,51,253,46,26,36,050,,27,36,050,46,28,28,248,,5*7F
$GBGSV,3,2,11,29,28,248,46,30,76,299,47,35,63,283,,36,63,283,50,5*7B
$GBGSV,3,3,11,39,19,317,43,40,48,168,47,41,03,076,38,,,,,5*4A
$GNGGA,115717.82,3724.55310,N,12159.39485,W,1,08,1.1,5.5,M,-31.6,M,,*42
$GNRMC,115717.82,A,3724.55310,N,12159.39485,W,0.1,46.9,160726,,,A,U*16
$GNGLL,3724.55310,N,12159.39485,W,115717.82,A,A*66
$GNGNS,115717.82,3724.55310,N,12159.39485,W,A,08,1.1,5.5,-31.6,,,U*50
$GNGSA,A,3,,,,,,,,,,,,,1.8,1.1,1.4,1*3D
$GNGSA,A,3,,,,,,,,,,,,,1.8,1.1,1.4,3*3F
$GNGSA,A,3,11,27,29,30,36,39,40,41,,,,,1.8,1.1,1.4,4*3B
$GPGSV,1,1,00,,,,,,,,,,,,,,,,,8*6D
$GAGSV,1,1,00,,,,,,,,,,,,,,,,,1*75
$GAGSV,1,1,00,,,,,,,,,,,,,,,,,2*76
$GAGSV,1,1,00,,,,,,,,,,,,,,,,,3*77
$GBGSV,3,1,11,11,51,253,46,26,36,050,,27,36,050,46,28,28,248,,5*7F
$GBGSV,3,2,11,29,28,248,46,30,76,299,46,35,63,283,,36,63,283,50,5*7A
$GBGSV,3,3,11,39,19,317,43,40,48,168,47,41,03,076,38,,,,,5*4A
$GNGGA,115718.82,3724.55306,N,12159.39482,W,1,08,1.1,5.3,M,-31.6,M,,*4B
$GNRMC,115718.82,A,3724.55306,N,12159.39482,W,0.1,46.9,160726,,,A,U*19
$GNGLL,3724.55306,N,12159.39482,W,115718.82,A,A*69
$GNGNS,115718.82,3724.55306,N,12159.39482,W,A,08,1.1,5.3,-31.6,,,U*59
$GNGSA,A,3,,,,,,,,,,,,,1.8,1.1,1.4,1*3D
$GNGSA,A,3,,,,,,,,,,,,,1.8,1.1,1.4,3*3F
$GNGSA,A,3,11,27,29,30,36,39,40,41,,,,,1.8,1.1,1.4,4*3B
$GPGSV,1,1,00,,,,,,,,,,,,,,,,,8*6D
$GAGSV,1,1,00,,,,,,,,,,,,,,,,,1*75
$GAGSV,1,1,00,,,,,,,,,,,,,,,,,2*76
$GAGSV,1,1,00,,,,,,,,,,,,,,,,,3*77
$GBGSV,3,1,11,11,51,253,46,26,36,050,,27,36,050,46,28,28,248,,5*7F
$GBGSV,3,2,11,29,28,248,46,30,76,299,47,35,63,283,,36,63,283,50,5*7B
$GBGSV,3,3,11,39,19,317,43,40,48,168,47,41,03,076,38,,,,,5*4A
$GNGGA,115719.82,3724.55307,N,12159.39474,W,1,08,1.1,5.0,M,-31.6,M,,*41
$GNRMC,115719.82,A,3724.55307,N,12159.39474,W,0.2,55.0,160726,,,A,U*18
$GNGLL,3724.55307,N,12159.39474,W,115719.82,A,A*60
$GNGNS,115719.82,3724.55307,N,12159.39474,W,A,08,1.1,5.0,-31.6,,,U*53
$GNGSA,A,3,,,,,,,,,,,,,1.8,1.1,1.4,1*3D
$GNGSA,A,3,,,,,,,,,,,,,1.8,1.1,1.4,3*3F
$GNGSA,A,3,11,27,29,30,36,39,40,41,,,,,1.8,1.1,1.4,4*3B
$GPGSV,1,1,00,,,,,,,,,,,,,,,,,8*6D
$GAGSV,1,1,00,,,,,,,,,,,,,,,,,1*75
$GAGSV,1,1,00,,,,,,,,,,,,,,,,,2*76
$GAGSV,1,1,00,,,,,,,,,,,,,,,,,3*77
$GBGSV,3,1,11,11,51,253,46,26,36,050,,27,36,050,46,28,28,248,,5*7F
$GBGSV,3,2,11,29,28,248,46,30,76,299,46,35,63,283,,36,63,283,50,5*7A
$GBGSV,3,3,11,39,19,317,43,40,48,168,47,41,03,076,38,,,,,5*4A
$GNGGA,115720.82,3724.55305,N,12159.39470,W,1,08,1.1,4.7,M,-31.6,M,,*4B
$GNRMC,115720.82,A,3724.55305,N,12159.39470,W,0.3,53.4,160726,,,A,U*17
$GNGLL,3724.55305,N,12159.39470,W,115720.82,A,A*6C
$GNGNS,115720.82,3724.55305,N,12159.39470,W,A,08,1.1,4.7,-31.6,,,U*59
$GNGSA,A,3,,,,,,,,,,,,,1.8,1.1,1.4,1*3D
$GNGSA,A,3,,,,,,,,,,,,,1.8,1.1,1.4,3*3F
$GNGSA,A,3,11,27,29,30,36,39,40,41,,,,,1.8,1.1,1.4,4*3B
$GPGSV,1,1,00,,,,,,,,,,,,,,,,,8*6D
$GAGSV,1,1,00,,,,,,,,,,,,,,,,,1*75
$GAGSV,1,1,00,,,,,,,,,,,,,,,,,2*76
$GAGSV,1,1,00,,,,,,,,,,,,,,,,,3*77
$GBGSV,3,1,11,11,51,253,46,26,36,050,,27,36,050,47,28,28,248,,5*7E
$GBGSV,3,2,11,29,28,248,46,30,76,299,47,35,63,283,,36,63,283,50,5*7B
$GBGSV,3,3,11,39,19,317,43,40,48,168,47,41,03,076,37,,,,,5*45
$GNGGA,115721.82,3724.55304,N,12159.39463,W,1,08,1.1,4.2,M,-31.6,M,,*4C
$GNRMC,115721.82,A,3724.55304,N,12159.39463,W,0.4,52.2,160726,,,A,U*15
$GNGLL,3724.55304,N,12159.39463,W,115721.82,A,A*6E
$GNGNS,115721.82,3724.55304,N,12159.39463,W,A,08,1.1,4.2,-31.6,,,U*5E
$GNGSA,A,3,,,,,,,,,,,,,1.8,1.1,1.4,1*3D
$GNGSA,A,3,,,,,,,,,,,,,1.8,1.1,1.4,3*3F
$GNGSA,A,3,11,27,29,30,36,39,40,41,,,,,1.8,1.1,1.4,4*3B
$GPGSV,1,1,00,,,,,,,,,,,,,,,,,8*6D
$GAGSV,1,1,00,,,,,,,,,,,,,,,,,1*75
$GAGSV,1,1,00,,,,,,,,,,,,,,,,,2*76
$GAGSV,1,1,00,,,,,,,,,,,,,,,,,3*77
$GBGSV,3,1,11,11,51,253,46,26,36,050,,27,36,050,46,28,28,248,,5*7F
$GBGSV,3,2,11,29,28,248,46,30,76,299,47,35,63,283,,36,63,283,50,5*7B
$GBGSV,3,3,11,39,19,317,43,40,48,168,47,41,03,076,37,,,,,5*45
$GNGGA,115722.82,3724.55304,N,12159.39457,W,1,08,1.1,3.7,M,-31.6,M,,*4A
$GNRMC,115722.82,A,3724.55304,N,12159.39457,W,0.5,51.3,160726,,,A,U*12
$GNGLL,3724.55304,N,12159.39457,W,115722.82,A,A*6A
$GNGNS,115722.82,3724.55304,N,12159.39457,W,A,08,1.1,3.7,-31.6,,,U*58
$GNGSA,A,3,,,,,,,,,,,,,1.8,1.1,1.4,1*3D
$GNGSA,A,3,,,,,,,,,,,,,1.8,1.1,1.4,3*3F
$GNGSA,A,3,11,27,29,30,36,39,40,41,,,,,1.8,1.1,1.4,4*3B
$GPGSV,1,1,00,,,,,,,,,,,,,,,,,8*6D
$GAGSV,1,1,00,,,,,,,,,,,,,,,,,1*75
$GAGSV,1,1,00,,,,,,,,,,,,,,,,,2*76
$GAGSV,1,1,00,,,,,,,,,,,,,,,,,3*77
$GBGSV,3,1,11,11,51,253,46,26,36,050,,27,36,050,46,28,28,248,,5*7F
$GBGSV,3,2,11,29,28,248,46,30,76,299,47,35,63,283,,36,63,283,49,5*73
$GBGSV,3,3,11,39,19,317,43,40,48,168,47,41,03,076,37,,,,,5*45
$GNGGA,115723.82,3724.55301,N,12159.39452,W,1,08,1.1,2.9,M,-31.6,M,,*44
$GNRMC,115723.82,A,3724.55301,N,12159.39452,W,0.6,50.7,160726,,,A,U*15
$GNGLL,3724.55301,N,12159.39452,W,115723.82,A,A*6B
$GNGNS,115723.82,3724.55301,N,12159.39452,W,A,08,1.1,2.9,-31.6,,,U*56
$GNGSA,A,3,,,,,,,,,,,,,1.8,1.1,1.4,1*3D
$GNGSA,A,3,,,,,,,,,,,,,1.8,1.1,1.4,3*3F
$GNGSA,A,3,11,27,29,30,36,39,40,41,,,,,1.8,1.1,1.4,4*3B
$GPGSV,1,1,00,,,,,,,,,,,,,,,,,8*6D
$GAGSV,1,1,00,,,,,,,,,,,,,,,,,1*75
$GAGSV,1,1,00,,,,,,,,,,,,,,,,,2*76
$GAGSV,1,1,00,,,,,,,,,,,,,,,,,3*77
$GBGSV,3,1,11,11,51,253,46,26,36,050,,27,36,050,46,28,28,248,,5*7F
$GBGSV,3,2,11,29,28,248,46,30,76,299,46,35,63,283,,36,63,283,50,5*7A
$GBGSV,3,3,11,39,19,317,43,40,48,168,47,41,03,076,37,,,,,5*45
$GNGGA,115724.82,3724.55296,N,12159.39444,W,1,08,1.1,2.2,M,-31.6,M,,*40
$GNRMC,115724.82,A,3724.55296,N,12159.39444,W,0.7,50.0,160726,,,A,U*1C
$GNGLL,3724.55296,N,12159.39444,W,115724.82,A,A*64
$GNGNS,115724.82,3724.55296,N,12159.39444,W,A,08,1.1,2.2,-31.6,,,U*52
$GNGSA,A,3,,,,,,,,,,,,,1.8,1.1,1.4,1*3D
$GNGSA,A,3,,,,,,,,,,,,,1.8,1.1,1.4,3*3F
$GNGSA,A,3,11,27,29,30,36,39,40,41,,,,,1.8,1.1,1.4,4*3B
$GPGSV,1,1,00,,,,,,,,,,,,,,,,,8*6D
$GAGSV,1,1,00,,,,,,,,,,,,,,,,,1*75
$GAGSV,1,1,00,,,,,,,,,,,,,,,,,2*76
$GAGSV,1,1,00,,,,,,,,,,,,,,,,,3*77
$GBGSV,3,1,11,11,51,253,46,26,36,050,,27,36,050,46,28,28,248,,5*7F
$GBGSV,3,2,11,29,28,248,46,30,76,299,47,35,63,283,,36,63,283,49,5*73
$GBGSV,3,3,11,39,19,317,43,40,48,168,47,41,03,076,37,,,,,5*45
$GNGGA,115725.82,3724.55290,N,12159.39435,W,1,08,1.1,1.3,M,-31.6,M,,*43
$GNRMC,115725.82,A,3724.55290,N,12159.39435,W,0.8,49.5,160726,,,A,U*1F
$GNGLL,3724.55290,N,12159.39435,W,115725.82,A,A*65
$GNGNS,115725.82,3724.55290,N,12159.39435,W,A,08,1.1,1.3,-31.6,,,U*51
$GNGSA,A,3,,,,,,,,,,,,,1.8,1.1,1.4,1*3D
$GNGSA,A,3,,,,,,,,,,,,,1.8,1.1,1.4,3*3F
$GNGSA,A,3,11,27,29,30,36,39,40,41,,,,,1.8,1.1,1.4,4*3B
$GPGSV,1,1,00,,,,,,,,,,,,,,,,,8*6D
$GAGSV,1,1,00,,,,,,,,,,,,,,,,,1*75
$GAGSV,1,1,00,,,,,,,,,,,,,,,,,2*76
$GAGSV,1,1,00,,,,,,,,,,,,,,,,,3*77
$GBGSV,3,1,11,11,51,253,46,26,36,050,,27,36,050,46,28,28,248,,5*7F
$GBGSV,3,2,11,29,28,248,46,30,76,299,47,35,63,283,,36,63,283,50,5*7B
$GBGSV,3,3,11,39,19,317,43,40,48,168,47,41,03,076,37,,,,,5*45
$GNGGA,115726.82,3724.55285,N,12159.39423,W,1,08,1.1,0.3,M,-31.6,M,,*42
$GNRMC,115726.82,A,3724.55285,N,12159.39423,W,0.9,49.1,160726,,,A,U*1A
$GNGLL,3724.55285,N,12159.39423,W,115726.82,A,A*65
$GNGNS,115726.82,3724.55285,N,12159.39423,W,A,08,1.1,0.3,-31.6,,,U*50
$GNGSA,A,3,,,,,,,,,,,,,1.8,1.1,1.4,1*3D
$GNGSA,A,3,,,,,,,,,,,,,1.8,1.1,1.4,3*3F
$GNGSA,A,3,11,27,29,30,36,39,40,41,,,,,1.8,1.1,1.4,4*3B
$GPGSV,1,1,00,,,,,,,,,,,,,,,,,8*6D
$GAGSV,1,1,00,,,,,,,,,,,,,,,,,1*75
$GAGSV,1,1,00,,,,,,,,,,,,,,,,,2*76
$GAGSV,1,1,00,,,,,,,,,,,,,,,,,3*77
$GBGSV,3,1,11,11,51,253,46,26,36,050,,27,36,050,46,28,28,248,,5*7F
$GBGSV,3,2,11,29,28,248,46,30,76,299,47,35,63,283,,36,63,283,50,5*7B
$GBGSV,3,3,11,39,19,317,43,40,48,168,47,41,03,076,37,,,,,5*45
$GNGGA,115727.82,3724.55283,N,12159.39411,W,1,08,1.1,-0.6,M,-31.6,M,,*6C
$GNRMC,115727.82,A,3724.55283,N,12159.39411,W,1.0,48.7,160726,,,A,U*13
$GNGLL,3724.55283,N,12159.39411,W,115727.82,A,A*63
$GNGNS,115727.82,3724.55283,N,12159.39411,W,A,08,1.1,-0.6,-31.6,,,U*7E
$GNGSA,A,3,,,,,,,,,,,,,1.8,1.1,1.4,1*3D
$GNGSA,A,3,,,,,,,,,,,,,1.8,1.1,1.4,3*3F
$GNGSA,A,3,11,27,29,30,36,39,40,41,,,,,1.8,1.1,1.4,4*3B
$GPGSV,1,1,00,,,,,,,,,,,,,,,,,8*6D
$GAGSV,1,1,00,,,,,,,,,,,,,,,,,1*75
$GAGSV,1,1,00,,,,,,,,,,,,,,,,,2*76
$GAGSV,1,1,00,,,,,,,,,,,,,,,,,3*77
$GBGSV,3,1,11,11,51,253,46,26,36,050,,27,36,050,46,28,28,248,,5*7F
$GBGSV,3,2,11,29,28,248,46,30,76,299,47,35,63,283,,36,63,283,50,5*7B
$GBGSV,3,3,11,39,19,317,43,40,48,168,47,41,03,076,37,,,,,5*45
$GNGGA,115728.82,3724.55277,N,12159.39397,W,1,08,1.1,-1.7,M,-31.6,M,,*61
$GNRMC,115728.82,A,3724.55277,N,12159.39397,W,1.0,48.4,160726,,,A,U*1D
$GNGLL,3724.55277,N,12159.39397,W,115728.82,A,A*6E
$GNGNS,115728.82,3724.55277,N,12159.39397,W,A,08,1.1,-1.7,-31.6,,,U*73
$GNGSA,A,3,,,,,,,,,,,,,1.8,1.1,1.4,1*3D
$GNGSA,A,3,,,,,,,,,,,,,1.8,1.1,1.4,3*3F
$GNGSA,A,3,11,27,29,30,36,39,40,41,,,,,1.8,1.1,1.4,4*3B
$GPGSV,1,1,00,,,,,,,,,,,,,,,,,8*6D
$GAGSV,1,1,00,,,,,,,,,,,,,,,,,1*75
$GAGSV,1,1,00,,,,,,,,,,,,,,,,,2*76
$GAGSV,1,1,00,,,,,,,,,,,,,,,,,3*77
$GBGSV,3,1,11,11,51,253,46,26,36,050,,27,36,050,46,28,28,248,,5*7F
$GBGSV,3,2,11,29,28,248,46,30,76,299,47,35,63,283,,36,63,283,50,5*7B
$GBGSV,3,3,11,39,19,317,43,40,48,168,47,41,03,076,37,,,,,5*45
$GNGGA,115729.82,3724.55270,N,12159.39385,W,1,08,1.1,-2.8,M,-31.6,M,,*68
$GNRMC,115729.82,A,3724.55270,N,12159.39385,W,1.1,48.2,160726,,,A,U*1F
$GNGLL,3724.55270,N,12159.39385,W,115729.82,A,A*6B
$GNGNS,115729.82,3724.55270,N,12159.39385,W,A,08,1.1,-2.8,-31.6,,,U*7A
$GNGSA,A,3,,,,,,,,,,,,,1.8,1.1,1.4,1*3D
$GNGSA,A,3,,,,,,,,,,,,,1.8,1.1,1.4,3*3F
$GNGSA,A,3,11,27,29,30,36,39,40,41,,,,,1.8,1.1,1.4,4*3B
$GPGSV,1,1,00,,,,,,,,,,,,,,,,,8*6D
$GAGSV,1,1,00,,,,,,,,,,,,,,,,,1*75
$GAGSV,1,1,00,,,,,,,,,,,,,,,,,2*76
$GAGSV,1,1,00,,,,,,,,,,,,,,,,,3*77
$GBGSV,3,1,11,11,51,253,46,26,36,050,,27,36,050,46,28,28,248,,5*7F
$GBGSV,3,2,11,29,28,248,46,30,76,299,47,35,63,283,,36,63,283,50,5*7B
$GBGSV,3,3,11,39,19,317,43,40,48,168,47,41,03,076,37,,,,,5*45
$GNGGA,115730.82,3724.55263,N,12159.39373,W,1,08,1.1,-3.9,M,-31.6,M,,*6B
$GNRMC,115730.82,A,3724.55263,N,12159.39373,W,1.2,48.0,160726,,,A,U*1D
$GNGLL,3724.55263,N,12159.39373,W,115730.82,A,A*68
$GNGNS,115730.82,3724.55263,N,12159.39373,W,A,08,1.1,-3.9,-31.6,,,U*79
$GNGSA,A,3,,,,,,,,,,,,,1.8,1.1,1.4,1*3D
$GNGSA,A,3,,,,,,,,,,,,,1.8,1.1,1.4,3*3F
$GNGSA,A,3,11,27,29,30,36,39,40,41,,,,,1.8,1.1,1.4,4*3B
$GPGSV,1,1,00,,,,,,,,,,,,,,,,,8*6D
$GAGSV,1,1,00,,,,,,,,,,,,,,,,,1*75
$GAGSV,1,1,00,,,,,,,,,,,,,,,,,2*76
$GAGSV,1,1,00,,,,,,,,,,,,,,,,,3*77
$GBGSV,3,1,11,11,51,253,46,26,36,050,,27,36,050,47,28,28,248,,5*7E
$GBGSV,3,2,11,29,28,248,46,30,76,299,47,35,63,283,,36,63,283,50,5*7B
$GBGSV,3,3,11,39,19,317,43,40,48,168,47,41,03,076,36,,,,,5*44
$GNGGA,115731.82,3724.55257,N,12159.39362,W,1,08,1.1,-5.0,M,-31.6,M,,*62
$GNRMC,115731.82,A,3724.55257,N,12159.39362,W,1.3,47.9,160726,,,A,U*1C
$GNGLL,3724.55257,N,12159.39362,W,115731.82,A,A*6E
$GNGNS,115731.82,3724.55257,N,12159.39362,W,A,08,1.1,-5.0,-31.6,,,U*70
$GNGSA,A,3,,,,,,,,,,,,,1.8,1.1,1.4,1*3D
$GNGSA,A,3,,,,,,,,,,,,,1.8,1.1,1.4,3*3F
$GNGSA,A,3,11,27,29,30,36,39,40,41,,,,,1.8,1.1,1.4,4*3B
$GPGSV,1,1,00,,,,,,,,,,,,,,,,,8*6D
$GAGSV,1,1,00,,,,,,,,,,,,,,,,,1*75
$GAGSV,1,1,00,,,,,,,,,,,,,,,,,2*76
$GAGSV,1,1,00,,,,,,,,,,,,,,,,,3*77
$GBGSV,3,1,12,11,51,253,46,26,36,050,,27,36,050,46,28,28,248,,5*7C
$GBGSV,3,2,12,29,28,248,46,30,76,299,47,35,63,283,,36,63,283,50,5*78
$GBGSV,3,3,12,38,19,317,,39,19,317,43,40,48,168,47,41,03,076,37,5*70
$GNGGA,115732.82,3724.55247,N,12159.39360,W,1,08,1.1,-6.3,M,-31.6,M,,*62
$GNRMC,115732.82,A,3724.55247,N,12159.39360,W,1.3,47.7,160726,,,A,U*12
$GNGLL,3724.55247,N,12159.39360,W,115732.82,A,A*6E
$GNGNS,115732.82,3724.55247,N,12159.39360,W,A,08,1.1,-6.3,-31.6,,,U*70
$GNGSA,A,3,,,,,,,,,,,,,1.8,1.1,1.4,1*3D
$GNGSA,A,3,,,,,,,,,,,,,1.8,1.1,1.4,3*3F
$GNGSA,A,3,11,27,29,30,36,39,40,41,,,,,1.8,1.1,1.4,4*3B
$GPGSV,1,1,00,,,,,,,,,,,,,,,,,8*6D
$GAGSV,1,1,00,,,,,,,,,,,,,,,,,1*75
$GAGSV,1,1,00,,,,,,,,,,,,,,,,,2*76
$GAGSV,1,1,00,,,,,,,,,,,,,,,,,3*77
$GBGSV,3,1,12,11,51,253,46,26,36,050,,27,36,050,46,28,28,248,,5*7C
$GBGSV,3,2,12,29,28,248,46,30,76,299,47,35,63,283,,36,63,283,50,5*78
$GBGSV,3,3,12,38,19,317,,39,19,317,43,40,48,168,47,41,03,076,37,5*70
$GNGGA,115733.82,3724.55239,N,12159.39361,W,1,08,1.1,-7.6,M,-31.6,M,,*6F
$GNRMC,115733.82,A,3724.55239,N,12159.39361,W,1.4,47.6,160726,,,A,U*1D
$GNGLL,3724.55239,N,12159.39361,W,115733.82,A,A*67
$GNGNS,115733.82,3724.55239,N,12159.39361,W,A,08,1.1,-7.6,-31.6,,,U*7D
$GNGSA,A,3,,,,,,,,,,,,,1.8,1.1,1.4,1*3D
$GNGSA,A,3,,,,,,,,,,,,,1.8,1.1,1.4,3*3F
$GNGSA,A,3,11,27,29,30,36,39,40,41,,,,,1.8,1.1,1.4,4*3B
$GPGSV,1,1,00,,,,,,,,,,,,,,,,,8*6D
$GAGSV,1,1,00,,,,,,,,,,,,,,,,,1*75
$GAGSV,1,1,00,,,,,,,,,,,,,,,,,2*76
$GAGSV,1,1,00,,,,,,,,,,,,,,,,,3*77
$GBGSV,3,1,12,11,51,253,46,26,36,050,,27,36,050,46,28,28,248,,5*7C
$GBGSV,3,2,12,29,28,248,46,30,76,299,47,35,63,283,,36,63,283,50,5*78
$GBGSV,3,3,12,38,19,317,,39,19,317,43,40,48,168,47,41,03,076,36,5*71
$GNGGA,115734.82,3724.55227,N,12159.39359,W,1,08,1.1,-8.8,M,-31.6,M,,*6D
$GNRMC,115734.82,A,3724.55227,N,12159.39359,W,1.5,47.5,160726,,,A,U*1C
$GNGLL,3724.55227,N,12159.39359,W,115734.82,A,A*64
$GNGNS,115734.82,3724.55227,N,12159.39359,W,A,08,1.1,-8.8,-31.6,,,U*7F
$GNGSA,A,3,,,,,,,,,,,,,1.8,1.1,1.4,1*3D
$GNGSA,A,3,,,,,,,,,,,,,1.8,1.1,1.4,3*3F
$GNGSA,A,3,11,27,29,30,36,39,40,41,,,,,1.8,1.1,1.4,4*3B
$GPGSV,1,1,00,,,,,,,,,,,,,,,,,8*6D
$GAGSV,1,1,00,,,,,,,,,,,,,,,,,1*75
$GAGSV,1,1,00,,,,,,,,,,,,,,,,,2*76
$GAGSV,1,1,00,,,,,,,,,,,,,,,,,3*77
$GBGSV,3,1,12,11,51,253,46,26,36,050,,27,36,050,46,28,28,248,,5*7C
$GBGSV,3,2,12,29,28,248,46,30,76,299,47,35,63,283,,36,63,283,50,5*78
$GBGSV,3,3,12,38,19,317,,39,19,317,42,40,48,168,47,41,03,076,37,5*71
$GNGGA,115735.82,3724.55218,N,12159.39357,W,1,08,1.1,-9.9,M,-31.6,M,,*6E
$GNRMC,115735.82,A,3724.55218,N,12159.39357,W,1.5,47.4,160726,,,A,U*1E
$GNGLL,3724.55218,N,12159.39357,W,115735.82,A,A*67
$GNGNS,115735.82,3724.55218,N,12159.39357,W,A,08,1.1,-9.9,-31.6,,,U*7C
$GNGSA,A,3,,,,,,,,,,,,,1.8,1.1,1.4,1*3D
$GNGSA,A,3,,,,,,,,,,,,,1.8,1.1,1.4,3*3F
$GNGSA,A,3,11,27,29,30,36,39,40,41,,,,,1.8,1.1,1.4,4*3B
$GPGSV,1,1,00,,,,,,,,,,,,,,,,,8*6D
$GAGSV,1,1,00,,,,,,,,,,,,,,,,,1*75
$GAGSV,1,1,00,,,,,,,,,,,,,,,,,2*76
$GAGSV,1,1,00,,,,,,,,,,,,,,,,,3*77
$GBGSV,3,1,12,11,51,253,46,26,36,050,,27,36,050,46,28,28,248,,5*7C
$GBGSV,3,2,12,29,28,248,46,30,76,299,46,35,63,283,,36,63,283,49,5*71
$GBGSV,3,3,12,38,19,317,,39,19,317,43,40,48,168,47,41,03,076,37,5*70
$GNGGA,115736.82,3724.55209,N,12159.39355,W,1,08,1.1,-11.1,M,-31.6,M,,*5E
$GNRMC,115736.82,A,3724.55209,N,12159.39355,W,1.6,47.3,160726,,,A,U*1B
$GNGLL,3724.55209,N,12159.39355,W,115736.82,A,A*66
$GNGNS,115736.82,3724.55209,N,12159.39355,W,A,08,1.1,-11.1,-31.6,,,U*4C
$GNGSA,A,3,,,,,,,,,,,,,1.8,1.1,1.4,1*3D
$GNGSA,A,3,,,,,,,,,,,,,1.8,1.1,1.4,3*3F
$GNGSA,A,3,11,27,29,30,36,39,40,41,,,,,1.8,1.1,1.4,4*3B
$GPGSV,1,1,00,,,,,,,,,,,,,,,,,8*6D
$GAGSV,1,1,00,,,,,,,,,,,,,,,,,1*75
$GAGSV,1,1,00,,,,,,,,,,,,,,,,,2*76
$GAGSV,1,1,00,,,,,,,,,,,,,,,,,3*77
$GBGSV,3,1,12,11,51,253,46,26,36,050,,27,36,050,46,28,28,248,,5*7C
$GBGSV,3,2,12,29,28,248,46,30,76,299,47,35,63,283,,36,63,283,50,5*78
$GBGSV,3,3,12,38,19,317,,39,19,317,42,40,48,168,47,41,03,076,37,5*71
$GNGGA,115737.82,3724.55200,N,12159.39351,W,1,08,1.1,-12.1,M,-31.6,M,,*51
$GNRMC,115737.82,A,3724.55200,N,12159.39351,W,1.6,47.2,160726,,,A,U*16
$GNGLL,3724.55200,N,12159.39351,W,115737.82,A,A*6A
$GNGNS,115737.82,3724.55200,N,12159.39351,W,A,08,1.1,-12.1,-31.6,,,U*43
$GNGSA,A,3,,,,,,,,,,,,,1.8,1.1,1.4,1*3D
$GNGSA,A,3,,,,,,,,,,,,,1.8,1.1,1.4,3*3F
$GNGSA,A,3,11,27,29,30,36,39,40,41,,,,,1.8,1.1,1.4,4*3B
$GPGSV,1,1,00,,,,,,,,,,,,,,,,,8*6D
$GAGSV,1,1,00,,,,,,,,,,,,,,,,,1*75
$GAGSV,1,1,00,,,,,,,,,,,,,,,,,2*76
$GAGSV,1,1,00,,,,,,,,,,,,,,,,,3*77
$GBGSV,3,1,12,11,51,253,46,26,36,050,,27,36,050,46,28,28,248,,5*7C
$GBGSV,3,2,12,29,28,248,46,30,76,299,47,35,63,283,,36,63,283,50,5*78
$GBGSV,3,3,12,38,19,317,,39,19,317,42,40,48,168,47,41,03,076,36,5*70
$GNGGA,115738.82,3724.55190,N,12159.39346,W,1,08,1.1,-13.1,M,-31.6,M,,*53
$GNRMC,115738.82,A,3724.55190,N,12159.39346,W,1.6,47.0,160726,,,A,U*17
$GNGLL,3724.55190,N,12159.39346,W,115738.82,A,A*69
$GNGNS,115738.82,3724.55190,N,12159.39346,W,A,08,1.1,-13.1,-31.6,,,U*41
$GNGSA,A,3,,,,,,,,,,,,,1.8,1.1,1.4,1*3D
$GNGSA,A,3,,,,,,,,,,,,,1.8,1.1,1.4,3*3F
$GNGSA,A,3,11,27,29,30,36,39,40,41,,,,,1.8,1.1,1.4,4*3B
$GPGSV,1,1,00,,,,,,,,,,,,,,,,,8*6D
$GAGSV,1,1,00,,,,,,,,,,,,,,,,,1*75
$GAGSV,1,1,00,,,,,,,,,,,,,,,,,2*76
$GAGSV,1,1,00,,,,,,,,,,,,,,,,,3*77
$GBGSV,3,1,12,11,51,253,46,26,36,050,,27,36,050,46,28,28,248,,5*7C
$GBGSV,3,2,12,29,28,248,46,30,76,299,47,35,63,283,,36,63,283,49,5*70
$GBGSV,3,3,12,38,19,317,,39,19,317,42,40,47,168,47,41,03,076,36,5*7F
$GNGGA,115739.82,3724.55185,N,12159.39343,W,1,08,1.1,-14.0,M,-31.6,M,,*55
$GNRMC,115739.82,A,3724.55185,N,12159.39343,W,1.7,47.0,160726,,,A,U*16
$GNGLL,3724.55185,N,12159.39343,W,115739.82,A,A*69
$GNGNS,115739.82,3724.55185,N,12159.39343,W,A,08,1.1,-14.0,-31.6,,,U*47
$GNGSA,A,3,,,,,,,,,,,,,1.8,1.1,1.4,1*3D
$GNGSA,A,3,,,,,,,,,,,,,1.8,1.1,1.4,3*3F
$GNGSA,A,3,11,27,29,30,36,39,40,41,,,,,1.8,1.1,1.4,4*3B
$GPGSV,1,1,00,,,,,,,,,,,,,,,,,8*6D
$GAGSV,1,1,00,,,,,,,,,,,,,,,,,1*75
$GAGSV,1,1,00,,,,,,,,,,,,,,,,,2*76
$GAGSV,1,1,00,,,,,,,,,,,,,,,,,3*77
$GBGSV,3,1,12,11,51,253,46,26,36,050,,27,36,050,46,28,28,248,,5*7C
$GBGSV,3,2,12,29,28,248,46,30,76,299,47,35,63,283,,36,63,283,50,5*78
$GBGSV,3,3,12,38,19,317,,39,19,317,42,40,47,168,48,41,03,076,37,5*71
$GNGGA,115740.82,3724.55175,N,12159.39338,W,1,08,1.1,-14.9,M,-31.6,M,,*51
$GNRMC,115740.82,A,3724.55175,N,12159.39338,W,1.7,47.0,160726,,,A,U*1B
$GNGLL,3724.55175,N,12159.39338,W,115740.82,A,A*64
$GNGNS,115740.82,3724.55175,N,12159.39338,W,A,08,1.1,-14.9,-31.6,,,U*43
$GNGSA,A,3,,,,,,,,,,,,,1.8,1.1,1.4,1*3D
$GNGSA,A,3,,,,,,,,,,,,,1.8,1.1,1.4,3*3F
$GNGSA,A,3,11,27,29,30,36,39,40,41,,,,,1.8,1.1,1.4,4*3B
$GPGSV,1,1,00,,,,,,,,,,,,,,,,,8*6D
$GAGSV,1,1,00,,,,,,,,,,,,,,,,,1*75
$GAGSV,1,1,00,,,,,,,,,,,,,,,,,2*76
$GAGSV,1,1,00,,,,,,,,,,,,,,,,,3*77
$GBGSV,3,1,12,11,51,253,46,26,36,050,,27,36,050,46,28,28,248,,5*7C
$GBGSV,3,2,12,29,28,248,46,30,76,299,47,35,63,283,,36,63,283,50,5*78
$GBGSV,3,3,12,38,19,317,,39,19,317,42,40,47,168,47,41,03,076,37,5*7E
$GNGGA,115741.82,3724.55170,N,12159.39336,W,1,08,1.1,-15.8,M,-31.6,M,,*5B
$GNRMC,115741.82,A,3724.55170,N,12159.39336,W,1.7,47.0,160726,,,A,U*11
$GNGLL,3724.55170,N,12159.39336,W,115741.82,A,A*6E
$GNGNS,115741.82,3724.55170,N,12159.39336,W,A,08,1.1,-15.8,-31.6,,,U*49
$GNGSA,A,3,,,,,,,,,,,,,1.8,1.1,1.4,1*3D
$GNGSA,A,3,,,,,,,,,,,,,1.8,1.1,1.4,3*3F
$GNGSA,A,3,11,27,29,30,36,39,40,41,,,,,1.8,1.1,1.4,4*3B
$GPGSV,1,1,00,,,,,,,,,,,,,,,,,8*6D
$GAGSV,1,1,00,,,,,,,,,,,,,,,,,1*75
$GAGSV,1,1,00,,,,,,,,,,,,,,,,,2*76
$GAGSV,1,1,00,,,,,,,,,,,,,,,,,3*77
$GBGSV,3,1,12,11,51,253,46,26,36,050,,27,36,050,46,28,28,248,,5*7C
$GBGSV,3,2,12,29,28,248,46,30,76,299,47,35,63,283,,36,63,283,50,5*78
$GBGSV,3,3,12,38,19,317,,39,19,317,42,40,47,168,47,41,03,076,37,5*7E
$GNGGA,115742.82,3724.55160,N,12159.39333,W,1,08,1.1,-16.6,M,-31.6,M,,*51
$GNRMC,115742.82,A,3724.55160,N,12159.39333,W,1.7,47.0,160726,,,A,U*16
$GNGLL,3724.55160,N,12159.39333,W,115742.82,A,A*69
$GNGNS,115742.82,3724.55160,N,12159.39333,W,A,08,1.1,-16.6,-31.6,,,U*43
$GNGSA,A,3,,,,,,,,,,,,,1.8,1.1,1.4,1*3D
$GNGSA,A,3,,,,,,,,,,,,,1.8,1.1,1.4,3*3F
$GNGSA,A,3,11,27,29,30,36,39,40,41,,,,,1.8,1.1,1.4,4*3B
$GPGSV,1,1,00,,,,,,,,,,,,,,,,,8*6D
$GAGSV,1,1,00,,,,,,,,,,,,,,,,,1*75
$GAGSV,1,1,00,,,,,,,,,,,,,,,,,2*76
$GAGSV,1,1,00,,,,,,,,,,,,,,,,,3*77
$GBGSV,3,1,12,11,51,253,46,26,36,050,,27,36,050,46,28,28,248,,5*7C
$GBGSV,3,2,12,29,28,248,46,30,76,299,47,35,63,283,,36,63,283,50,5*78
$GBGSV,3,3,12,38,19,317,,39,19,317,42,40,47,168,47,41,03,076,37,5*7E
$GNGGA,115743.82,3724.55151,N,12159.39329,W,1,08,1.1,-17.4,M,-31.6,M,,*5A
$GNRMC,115743.82,A,3724.55151,N,12159.39329,W,1.7,47.0,160726,,,A,U*1E
$GNGLL,3724.55151,N,12159.39329,W,115743.82,A,A*61
$GNGNS,115743.82,3724.55151,N,12159.39329,W,A,08,1.1,-17.4,-31.6,,,U*48
$GNGSA,A,3,,,,,,,,,,,,,1.8,1.1,1.4,1*3D
$GNGSA,A,3,,,,,,,,,,,,,1.8,1.1,1.4,3*3F
$GNGSA,A,3,11,27,29,30,36,39,40,41,,,,,1.8,1.1,1.4,4*3B
$GPGSV,1,1,00,,,,,,,,,,,,,,,,,8*6D
$GAGSV,1,1,00,,,,,,,,,,,,,,,,,1*75
$GAGSV,1,1,00,,,,,,,,,,,,,,,,,2*76
$GAGSV,1,1,00,,,,,,,,,,,,,,,,,3*77
$GBGSV,3,1,12,11,51,253,46,26,36,050,,27,36,050,46,28,28,248,,5*7C
$GBGSV,3,2,12,29,28,248,46,30,76,299,47,35,63,283,,36,63,283,49,5*70
$GBGSV,3,3,12,38,19,317,,39,19,317,42,40,47,168,47,41,03,076,37,5*7E
$GNGGA,115744.82,3724.55147,N,12159.39329,W,1,08,1.1,-18.1,M,-31.6,M,,*50
$GNRMC,115744.82,A,3724.55147,N,12159.39329,W,1.7,46.9,160726,,,A,U*16
$GNGLL,3724.55147,N,12159.39329,W,115744.82,A,A*61
$GNGNS,115744.82,3724.55147,N,12159.39329,W,A,08,1.1,-18.1,-31.6,,,U*42
$GNGSA,A,3,,,,,,,,,,,,,1.8,1.1,1.4,1*3D
$GNGSA,A,3,,,,,,,,,,,,,1.8,1.1,1.4,3*3F
$GNGSA,A,3,11,27,29,30,36,39,40,41,,,,,1.8,1.1,1.4,4*3B
$GPGSV,1,1,00,,,,,,,,,,,,,,,,,8*6D
$GAGSV,1,1,00,,,,,,,,,,,,,,,,,1*75
$GAGSV,1,1,00,,,,,,,,,,,,,,,,,2*76
$GAGSV,1,1,00,,,,,,,,,,,,,,,,,3*77
$GBGSV,3,1,12,11,51,253,46,26,36,050,,27,36,050,46,28,28,248,,5*7C
$GBGSV,3,2,12,29,28,248,46,30,76,299,47,35,63,283,,36,63,283,50,5*78
$GBGSV,3,3,12,38,19,317,,39,19,317,42,40,47,168,47,41,03,076,37,5*7E
$GNGGA,115745.82,3724.55141,N,12159.39325,W,1,08,1.1,-18.8,M,-31.6,M,,*52
$GNRMC,115745.82,A,3724.55141,N,12159.39325,W,1.7,46.9,160726,,,A,U*1D
$GNGLL,3724.55141,N,12159.39325,W,115745.82,A,A*6A
$GNGNS,115745.82,3724.55141,N,12159.39325,W,A,08,1.1,-18.8,-31.6,,,U*40
$GNGSA,A,3,,,,,,,,,,,,,1.8,1.1,1.4,1*3D
$GNGSA,A,3,,,,,,,,,,,,,1.8,1.1,1.4,3*3F
$GNGSA,A,3,11,27,29,30,36,39,40,41,,,,,1.8,1.1,1.4,4*3B
$GPGSV,1,1,00,,,,,,,,,,,,,,,,,8*6D
$GAGSV,1,1,00,,,,,,,,,,,,,,,,,1*75
$GAGSV,1,1,00,,,,,,,,,,,,,,,,,2*76
$GAGSV,1,1,00,,,,,,,,,,,,,,,,,3*77
$GBGSV,3,1,12,11,51,253,46,26,36,050,,27,36,050,46,28,28,248,,5*7C
$GBGSV,3,2,12,29,28,248,46,30,76,300,47,35,63,283,,36,63,283,50,5*79
$GBGSV,3,3,12,38,19,317,,39,19,317,42,40,47,168,47,41,03,076,37,5*7E
$GNGGA,115746.82,3724.55314,N,12159.39499,W,1,08,1.1,5.5,M,-31.6,M,,*4F
$GNRMC,115746.82,A,3724.55314,N,12159.39499,W,0.1,46.9,160726,,,A,U*1B
$GNGLL,3724.55314,N,12159.39499,W,115746.82,A,A*6B
$GNGNS,115746.82,3724.55314,N,12159.39499,W,A,08,1.1,5.5,-31.6,,,U*5D
$GNGSA,A,3,,,,,,,,,,,,,1.8,1.1,1.4,1*3D
$GNGSA,A,3,,,,,,,,,,,,,1.8,1.1,1.4,3*3F
$GNGSA,A,3,11,27,29,30,36,39,40,41,,,,,1.8,1.1,1.4,4*3B
$GPGSV,1,1,00,,,,,,,,,,,,,,,,,8*6D
$GAGSV,1,1,00,,,,,,,,,,,,,,,,,1*75
$GAGSV,1,1,00,,,,,,,,,,,,,,,,,2*76
$GAGSV,1,1,00,,,,,,,,,,,,,,,,,3*77
$GBGSV,3,1,12,11,51,253,46,26,36,050,,27,36,050,46,28,28,248,,5*7C
$GBGSV,3,2,12,29,28,248,46,30,76,300,47,35,63,283,,36,63,283,49,5*71
$GBGSV,3,3,12,38,19,317,,39,19,317,42,40,47,168,47,41,03,076,37,5*7E
$GNGGA,115747.82,3724.55324,N,12159.39515,W,1,08,1.1,5.3,M,-31.6,M,,*4E
$GNRMC,115747.82,A,3724.55324,N,12159.39515,W,0.0,46.9,160726,,,A,U*1D
$GNGLL,3724.55324,N,12159.39515,W,115747.82,A,A*6C
$GNGNS,115747.82,3724.55324,N,12159.39515,W,A,08,1.1,5.3,-31.6,,,U*5C
$GNGSA,A,3,,,,,,,,,,,,,1.8,1.1,1.4,1*3D
$GNGSA,A,3,,,,,,,,,,,,,1.8,1.1,1.4,3*3F
$GNGSA,A,3,11,27,29,30,36,39,40,41,,,,,1.8,1.1,1.4,4*3B
$GPGSV,1,1,00,,,,,,,,,,,,,,,,,8*6D
$GAGSV,1,1,00,,,,,,,,,,,,,,,,,1*75
$GAGSV,1,1,00,,,,,,,,,,,,,,,,,2*76
$GAGSV,1,1,00,,,,,,,,,,,,,,,,,3*77
$GBGSV,3,1,12,11,51,253,46,26,36,050,,27,36,050,46,28,28,248,,5*7C
$GBGSV,3,2,12,29,28,248,46,30,76,300,46,35,63,283,,36,63,283,50,5*78
$GBGSV,3,3,12,38,19,317,,39,19,317,42,40,47,168,47,41,03,076,38,5*71
$GNGGA,115748.82,3724.55308,N,12159.39506,W,1,08,1.1,4.8,M,-31.6,M,,*47
$GNRMC,115748.82,A,3724.55308,N,12159.39506,W,0.0,46.9,160726,,,A,U*1E
$GNGLL,3724.55308,N,12159.39506,W,115748.82,A,A*6F
$GNGNS,115748.82,3724.55308,N,12159.39506,W,A,08,1.1,4.8,-31.6,,,U*55
$GNGSA,A,3,,,,,,,,,,,,,1.8,1.1,1.4,1*3D
$GNGSA,A,3,,,,,,,,,,,,,1.8,1.1,1.4,3*3F
$GNGSA,A,3,11,27,29,30,36,39,40,41,,,,,1.8,1.1,1.4,4*3B
$GPGSV,1,1,00,,,,,,,,,,,,,,,,,8*6D
$GAGSV,1,1,00,,,,,,,,,,,,,,,,,1*75
$GAGSV,1,1,00,,,,,,,,,,,,,,,,,2*76
$GAGSV,1,1,00,,,,,,,,,,,,,,,,,3*77
$GBGSV,3,1,12,11,51,253,46,26,36,050,,27,36,050,46,28,28,248,,5*7C
$GBGSV,3,2,12,29,28,248,46,30,76,300,47,35,63,283,,36,63,283,50,5*79
$GBGSV,3,3,12,38,19,317,,39,19,317,42,40,47,168,47,41,03,076,38,5*71
$GNGGA,115749.82,3724.55342,N,12159.39511,W,1,08,1.1,5.6,M,-31.6,M,,*41
$GNRMC,115749.82,A,3724.55342,N,12159.39511,W,0.0,46.9,160726,,,A,U*17
$GNGLL,3724.55342,N,12159.39511,W,115749.82,A,A*66
$GNGNS,115749.82,3724.55342,N,12159.39511,W,A,08,1.1,5.6,-31.6,,,U*53
$GNGSA,A,3,,,,,,,,,,,,,1.8,1.1,1.4,1*3D
$GNGSA,A,3,,,,,,,,,,,,,1.8,1.1,1.4,3*3F
$GNGSA,A,3,11,27,29,30,36,39,40,41,,,,,1.8,1.1,1.4,4*3B
$GPGSV,1,1,00,,,,,,,,,,,,,,,,,8*6D
$GAGSV,1,1,00,,,,,,,,,,,,,,,,,1*75
$GAGSV,1,1,00,,,,,,,,,,,,,,,,,2*76
$GAGSV,1,1,00,,,,,,,,,,,,,,,,,3*77
$GBGSV,3,1,12,11,51,253,46,26,36,050,,27,36,050,46,28,28,248,,5*7C
$GBGSV,3,2,12,29,28,248,46,30,76,300,47,35,63,283,,36,63,283,50,5*79
$GBGSV,3,3,12,38,19,317,,39,19,317,42,40,47,168,47,41,03,076,37,5*7E
$GNGGA,115750.82,3724.55341,N,12159.39509,W,1,08,1.1,5.6,M,-31.6,M,,*43
$GNRMC,115750.82,A,3724.55341,N,12159.39509,W,0.0,46.9,160726,,,A,U*15
$GNGLL,3724.55341,N,12159.39509,W,115750.82,A,A*64
$GNGNS,115750.82,3724.55341,N,12159.39509,W,A,08,1.1,5.6,-31.6,,,U*51
$GNGSA,A,3,,,,,,,,,,,,,1.8,1.1,1.4,1*3D
$GNGSA,A,3,,,,,,,,,,,,,1.8,1.1,1.4,3*3F
$GNGSA,A,3,11,27,29,30,36,39,40,41,,,,,1.8,1.1,1.4,4*3B
$GPGSV,1,1,00,,,,,,,,,,,,,,,,,8*6D
$GAGSV,1,1,00,,,,,,,,,,,,,,,,,1*75
$GAGSV,1,1,00,,,,,,,,,,,,,,,,,2*76
$GAGSV,1,1,00,,,,,,,,,,,,,,,,,3*77
$GBGSV,3,1,12,11,51,253,46,26,36,050,,27,36,050,46,28,28,248,,5*7C
$GBGSV,3,2,12,29,28,248,46,30,76,300,47,35,63,283,,36,63,283,50,5*79
$GBGSV,3,3,12,38,19,317,,39,19,317,42,40,47,168,47,41,03,076,37,5*7E
$GNGGA,115751.82,3724.55342,N,12159.39508,W,1,08,1.1,5.4,M,-31.6,M,,*42
$GNRMC,115751.82,A,3724.55342,N,12159.39508,W,0.0,46.9,160726,,,A,U*16
$GNGLL,3724.55342,N,12159.39508,W,115751.82,A,A*67
$GNGNS,115751.82,3724.55342,N,12159.39508,W,A,08,1.1,5.4,-31.6,,,U*50
$GNGSA,A,3,,,,,,,,,,,,,1.8,1.1,1.4,1*3D
$GNGSA,A,3,,,,,,,,,,,,,1.8,1.1,1.4,3*3F
$GNGSA,A,3,11,27,29,30,36,39,40,41,,,,,1.8,1.1,1.4,4*3B
$GPGSV,1,1,00,,,,,,,,,,,,,,,,,8*6D
$GAGSV,1,1,00,,,,,,,,,,,,,,,,,1*75
$GAGSV,1,1,00,,,,,,,,,,,,,,,,,2*76
$GAGSV,1,1,00,,,,,,,,,,,,,,,,,3*77
$GBGSV,3,1,12,11,51,253,46,26,36,050,,27,36,050,46,28,28,248,,5*7C
$GBGSV,3,2,12,29,28,248,46,30,76,300,47,35,63,283,,36,63,283,50,5*79
$GBGSV,3,3,12,38,19,317,,39,19,317,42,40,47,168,47,41,03,076,38,5*71
$GNGGA,115752.82,3724.55339,N,12159.39505,W,1,08,1.1,5.3,M,-31.6,M,,*47
$GNRMC,115752.82,A,3724.55339,N,12159.39505,W,0.0,46.9,160726,,,A,U*14
$GNGLL,3724.55339,N,12159.39505,W,115752.82,A,A*65
$GNGNS,115752.82,3724.55339,N,12159.39505,W,A,08,1.1,5.3,-31.6,,,U*55
$GNGSA,A,3,,,,,,,,,,,,,1.8,1.1,1.4,1*3D
$GNGSA,A,3,,,,,,,,,,,,,1.8,1.1,1.4,3*3F
$GNGSA,A,3,11,27,29,30,36,39,40,41,,,,,1.8,1.1,1.4,4*3B
$GPGSV,1,1,00,,,,,,,,,,,,,,,,,8*6D
$GAGSV,1,1,00,,,,,,,,,,,,,,,,,1*75
$GAGSV,1,1,00,,,,,,,,,,,,,,,,,2*76
$GAGSV,1,1,00,,,,,,,,,,,,,,,,,3*77
$GBGSV,3,1,12,11,51,253,46,26,36,050,,27,36,050,46,28,28,248,,5*7C
$GBGSV,3,2,12,29,28,248,46,30,76,300,47,35,63,283,,36,63,283,50,5*79
$GBGSV,3,3,12,38,19,317,,39,19,317,42,40,47,168,47,41,03,076,38,5*71
$GNGGA,115753.82,3724.55336,N,12159.39500,W,1,08,1.1,5.2,M,-31.6,M,,*4D
$GNRMC,115753.82,A,3724.55336,N,12159.39500,W,0.1,46.9,160726,,,A,U*1E
$GNGLL,3724.55336,N,12159.39500,W,115753.82,A,A*6E
$GNGNS,115753.82,3724.55336,N,12159.39500,W,A,08,1.1,5.2,-31.6,,,U*5F
$GNGSA,A,3,,,,,,,,,,,,,1.8,1.1,1.4,1*3D
$GNGSA,A,3,,,,,,,,,,,,,1.8,1.1,1.4,3*3F
$GNGSA,A,3,11,27,29,30,36,39,40,41,,,,,1.8,1.1,1.4,4*3B
$GPGSV,1,1,00,,,,,,,,,,,,,,,,,8*6D
$GAGSV,1,1,00,,,,,,,,,,,,,,,,,1*75
$GAGSV,1,1,00,,,,,,,,,,,,,,,,,2*76
$GAGSV,1,1,00,,,,,,,,,,,,,,,,,3*77
$GBGSV,3,1,12,11,51,253,46,26,36,050,,27,36,050,46,28,28,248,,5*7C
$GBGSV,3,2,12,29,28,248,46,30,76,300,47,35,63,283,,36,63,283,49,5*71
$GBGSV,3,3,12,38,19,317,,39,19,317,42,40,47,168,47,41,03,076,37,5*7E
$GNGGA,115754.82,3724.55333,N,12159.39496,W,1,08,1.1,4.8,M,-31.6,M,,*4A
$GNRMC,115754.82,A,3724.55333,N,12159.39496,W,0.1,46.9,160726,,,A,U*12
$GNGLL,3724.55333,N,12159.39496,W,115754.82,A,A*62
$GNGNS,115754.82,3724.55333,N,12159.39496,W,A,08,1.1,4.8,-31.6,,,U*58
$GNGSA,A,3,,,,,,,,,,,,,1.8,1.1,1.4,1*3D
$GNGSA,A,3,,,,,,,,,,,,,1.8,1.1,1.4,3*3F
$GNGSA,A,3,11,27,29,30,36,39,40,41,,,,,1.8,1.1,1.4,4*3B
$GPGSV,1,1,00,,,,,,,,,,,,,,,,,8*6D
$GAGSV,1,1,00,,,,,,,,,,,,,,,,,1*75
$GAGSV,1,1,00,,,,,,,,,,,,,,,,,2*76
$GAGSV,1,1,00,,,,,,,,,,,,,,,,,3*77
$GBGSV,3,1,12,11,51,253,46,26,36,050,,27,36,050,46,28,28,248,,5*7C
$GBGSV,3,2,12,29,28,248,46,30,76,300,47,35,63,283,,36,63,283,49,5*71
$GBGSV,3,3,12,38,19,317,,39,19,317,42,40,47,168,47,41,03,076,38,5*71
$GNGGA,115755.82,3724.55334,N,12159.39493,W,1,08,1.1,4.5,M,-31.6,M,,*44
$GNRMC,115755.82,A,3724.55334,N,12159.39493,W,0.2,53.8,160726,,,A,U*17
$GNGLL,3724.55334,N,12159.39493,W,115755.82,A,A*61
$GNGNS,115755.82,3724.55334,N,12159.39493,W,A,08,1.1,4.5,-31.6,,,U*56
$GNGSA,A,3,,,,,,,,,,,,,1.8,1.1,1.4,1*3D
$GNGSA,A,3,,,,,,,,,,,,,1.8,1.1,1.4,3*3F
$GNGSA,A,3,11,27,29,30,36,39,40,41,,,,,1.8,1.1,1.4,4*3B
$GPGSV,1,1,00,,,,,,,,,,,,,,,,,8*6D
$GAGSV,1,1,00,,,,,,,,,,,,,,,,,1*75
$GAGSV,1,1,00,,,,,,,,,,,,,,,,,2*76
$GAGSV,1,1,00,,,,,,,,,,,,,,,,,3*77
$GBGSV,3,1,12,11,51,253,46,26,36,050,,27,36,050,46,28,28,248,,5*7C
$GBGSV,3,2,12,29,28,248,46,30,76,300,47,35,63,283,,36,63,283,50,5*79
$GBGSV,3,3,12,38,19,317,,39,19,317,42,40,47,168,47,41,03,076,37,5*7E
$GNGGA,115756.82,3724.55331,N,12159.39486,W,1,08,1.1,4.2,M,-31.6,M,,*41
$GNRMC,115756.82,A,3724.55331,N,12159.39486,W,0.3,52.2,160726,,,A,U*1F
$GNGLL,3724.55331,N,12159.39486,W,115756.82,A,A*63
$GNGNS,115756.82,3724.55331,N,12159.39486,W,A,08,1.1,4.2,-31.6,,,U*53
$GNGSA,A,3,,,,,,,,,,,,,1.8,1.1,1.4,1*3D
$GNGSA,A,3,,,,,,,,,,,,,1.8,1.1,1.4,3*3F
$GNGSA,A,3,11,27,29,30,36,39,40,41,,,,,1.8,1.1,1.4,4*3B
$GPGSV,1,1,00,,,,,,,,,,,,,,,,,8*6D
$GAGSV,1,1,00,,,,,,,,,,,,,,,,,1*75
$GAGSV,1,1,00,,,,,,,,,,,,,,,,,2*76
$GAGSV,1,1,00,,,,,,,,,,,,,,,,,3*77
$GBGSV,3,1,12,11,51,253,46,26,36,050,,27,36,050,46,28,28,248,,5*7C
$GBGSV,3,2,12,29,28,248,46,30,76,300,47,35,63,283,,36,63,283,50,5*79
$GBGSV,3,3,12,38,19,317,,39,19,317,42,40,47,168,47,41,03,076,37,5*7E
$GNGGA,115757.82,3724.55327,N,12159.39483,W,1,08,1.1,3.6,M,-31.6,M,,*41
$GNRMC,115757.82,A,3724.55327,N,12159.39483,W,0.4,51.3,160726,,,A,U*19
$GNGLL,3724.55327,N,12159.39483,W,115757.82,A,A*60
$GNGNS,115757.82,3724.55327,N,12159.39483,W,A,08,1.1,3.6,-31.6,,,U*53
$GNGSA,A,3,,,,,,,,,,,,,1.8,1.1,1.4,1*3D
$GNGSA,A,3,,,,,,,,,,,,,1.8,1.1,1.4,3*3F
$GNGSA,A,3,11,27,29,30,36,39,40,41,,,,,1.8,1.1,1.4,4*3B
$GPGSV,1,1,00,,,,,,,,,,,,,,,,,8*6D
$GAGSV,1,1,00,,,,,,,,,,,,,,,,,1*75
$GAGSV,1,1,00,,,,,,,,,,,,,,,,,2*76
$GAGSV,1,1,00,,,,,,,,,,,,,,,,,3*77
$GBGSV,3,1,12,11,51,253,46,26,36,050,,27,36,050,46,28,28,248,,5*7C
$GBGSV,3,2,12,29,28,248,46,30,76,300,47,35,63,283,,36,63,283,50,5*79
$GBGSV,3,3,12,38,19,317,,39,19,317,42,40,47,168,47,41,03,076,37,5*7E
$GNGGA,115758.82,3724.55323,N,12159.39477,W,1,08,1.1,3.1,M,-31.6,M,,*46
$GNRMC,115758.82,A,3724.55323,N,12159.39477,W,0.4,50.6,160726,,,A,U*1D
$GNGLL,3724.55323,N,12159.39477,W,115758.82,A,A*60
$GNGNS,115758.82,3724.55323,N,12159.39477,W,A,08,1.1,3.1,-31.6,,,U*54
$GNGSA,A,3,,,,,,,,,,,,,1.8,1.1,1.4,1*3D
$GNGSA,A,3,,,,,,,,,,,,,1.8,1.1,1.4,3*3F
$GNGSA,A,3,11,27,29,30,36,39,40,41,,,,,1.8,1.1,1.4,4*3B
$GPGSV,1,1,00,,,,,,,,,,,,,,,,,8*6D
$GAGSV,1,1,00,,,,,,,,,,,,,,,,,1*75
$GAGSV,1,1,00,,,,,,,,,,,,,,,,,2*76
$GAGSV,1,1,00,,,,,,,,,,,,,,,,,3*77
$GBGSV,3,1,12,11,51,253,46,26,36,050,,27,36,050,46,28,28,248,,5*7C
$GBGSV,3,2,12,29,28,248,46,30,76,300,47,35,63,283,,36,63,283,50,5*79
$GBGSV,3,3,12,38,19,317,,39,19,317,42,40,47,168,47,41,03,076,37,5*7E
$GNGGA,115759.82,3724.55314,N,12159.39469,W,1,08,1.1,2.4,M,-31.6,M,,*48
$GNRMC,115759.82,A,3724.55314,N,12159.39469,W,0.5,49.9,160726,,,A,U*11
$GNGLL,3724.55314,N,12159.39469,W,115759.82,A,A*6A
$GNGNS,115759.82,3724.55314,N,12159.39469,W,A,08,1.1,2.4,-31.6,,,U*5A
$GNGSA,A,3,,,,,,,,,,,,,1.8,1.1,1.4,1*3D
$GNGSA,A,3,,,,,,,,,,,,,1.8,1.1,1.4,3*3F
$GNGSA,A,3,11,27,29,30,36,39,40,41,,,,,1.8,1.1,1.4,4*3B
$GPGSV,1,1,00,,,,,,,,,,,,,,,,,8*6D
$GAGSV,1,1,00,,,,,,,,,,,,,,,,,1*75
$GAGSV,1,1,00,,,,,,,,,,,,,,,,,2*76
$GAGSV,1,1,00,,,,,,,,,,,,,,,,,3*77
$GBGSV,3,1,12,11,51,253,47,26,36,050,,27,36,050,46,28,28,248,,5*7D
$GBGSV,3,2,12,29,28,248,46,30,76,300,47,35,63,283,,36,63,283,50,5*79
$GBGSV,3,3,12,38,19,317,,39,19,317,42,40,47,168,47,41,03,076,37,5*7E
$GNGGA,115800.82,3724.55310,N,12159.39462,W,1,08,1.1,1.7,M,-31.6,M,,*44
$GNRMC,115800.82,A,3724.55310,N,12159.39462,W,0.6,49.5,160726,,,A,U*12
$GNGLL,3724.55310,N,12159.39462,W,115800.82,A,A*66
$GNGNS,115800.82,3724.55310,N,12159.39462,W,A,08,1.1,1.7,-31.6,,,U*56
$GNGSA,A,3,,,,,,,,,,,,,1.8,1.1,1.4,1*3D
$GNGSA,A,3,,,,,,,,,,,,,1.8,1.1,1.4,3*3F
$GNGSA,A,3,11,27,29,30,36,39,40,41,,,,,1.8,1.1,1.4,4*3B
$GPGSV,1,1,00,,,,,,,,,,,,,,,,,8*6D
$GAGSV,1,1,00,,,,,,,,,,,,,,,,,1*75
$GAGSV,1,1,00,,,,,,,,,,,,,,,,,2*76
$GAGSV,1,1,00,,,,,,,,,,,,,,,,,3*77
$GBGSV,3,1,12,11,51,253,47,26,36,050,,27,36,050,46,28,28,248,,5*7D
$GBGSV,3,2,12,29,28,248,46,30,76,300,47,35,63,283,,36,63,283,50,5*79
$GBGSV,3,3,12,38,19,317,,39,19,317,42,40,47,168,47,41,03,076,38,5*71
$GNGGA,115801.82,3724.55307,N,12159.39453,W,1,08,1.1,1.0,M,-31.6,M,,*46
$GNRMC,115801.82,A,3724.55307,N,12159.39453,W,0.7,49.1,160726,,,A,U*12
$GNGLL,3724.55307,N,12159.39453,W,115801.82,A,A*63
$GNGNS,115801.82,3724.55307,N,12159.39453,W,A,08,1.1,1.0,-31.6,,,U*54
$GNGSA,A,3,,,,,,,,,,,,,1.8,1.1,1.4,1*3D
$GNGSA,A,3,,,,,,,,,,,,,1.8,1.1,1.4,3*3F
$GNGSA,A,3,11,27,29,30,36,39,40,41,,,,,1.8,1.1,1.4,4*3B
$GPGSV,1,1,00,,,,,,,,,,,,,,,,,8*6D
$GAGSV,1,1,00,,,,,,,,,,,,,,,,,1*75
$GAGSV,1,1,00,,,,,,,,,,,,,,,,,2*76
$GAGSV,1,1,00,,,,,,,,,,,,,,,,,3*77
$GBGSV,3,1,12,11,51,253,47,26,36,050,,27,36,050,46,28,28,248,,5*7D
$GBGSV,3,2,12,29,28,248,46,30,76,300,47,35,63,283,,36,63,283,50,5*79
$GBGSV,3,3,12,38,19,317,,39,19,317,43,40,47,168,47,41,03,076,37,5*7F
$GNGGA,115802.82,3724.55300,N,12159.39444,W,1,08,1.1,0.2,M,-31.6,M,,*47
$GNRMC,115802.82,A,3724.55300,N,12159.39444,W,0.7,48.7,160726,,,A,U*17
$GNGLL,3724.55300,N,12159.39444,W,115802.82,A,A*61
$GNGNS,115802.82,3724.55300,N,12159.39444,W,A,08,1.1,0.2,-31.6,,,U*55
$GNGSA,A,3,,,,,,,,,,,,,1.8,1.1,1.4,1*3D
$GNGSA,A,3,,,,,,,,,,,,,1.8,1.1,1.4,3*3F
$GNGSA,A,3,11,27,29,30,36,39,40,41,,,,,1.8,1.1,1.4,4*3B
$GPGSV,1,1,00,,,,,,,,,,,,,,,,,8*6D
$GAGSV,1,1,00,,,,,,,,,,,,,,,,,1*75
$GAGSV,1,1,00,,,,,,,,,,,,,,,,,2*76
$GAGSV,1,1,00,,,,,,,,,,,,,,,,,3*77
$GBGSV,3,1,12,11,51,253,46,26,36,050,,27,36,050,46,28,28,248,,5*7C
$GBGSV,3,2,12,29,28,248,46,30,76,300,47,35,63,283,,36,63,283,50,5*79
$GBGSV,3,3,12,38,19,317,,39,19,317,43,40,47,168,47,41,03,076,38,5*70
$GNGGA,115803.82,3724.55292,N,12159.39433,W,1,08,1.1,-0.6,M,-31.6,M,,*65
$GNRMC,115803.82,A,3724.55292,N,12159.39433,W,0.8,48.5,160726,,,A,U*11
$GNGLL,3724.55292,N,12159.39433,W,115803.82,A,A*6A
$GNGNS,115803.82,3724.55292,N,12159.39433,W,A,08,1.1,-0.6,-31.6,,,U*77
$GNGSA,A,3,,,,,,,,,,,,,1.8,1.1,1.4,1*3D
$GNGSA,A,3,,,,,,,,,,,,,1.8,1.1,1.4,3*3F
$GNGSA,A,3,11,27,29,30,36,39,40,41,,,,,1.8,1.1,1.4,4*3B
$GPGSV,1,1,00,,,,,,,,,,,,,,,,,8*6D
$GAGSV,1,1,00,,,,,,,,,,,,,,,,,1*75
$GAGSV,1,1,00,,,,,,,,,,,,,,,,,2*76
$GAGSV,1,1,00,,,,,,,,,,,,,,,,,3*77
$GBGSV,3,1,12,11,51,253,47,26,36,050,,27,36,050,46,28,28,248,,5*7D
$GBGSV,3,2,12,29,28,248,46,30,76,300,47,35,63,283,,36,63,283,50,5*79
$GBGSV,3,3,12,38,19,317,,39,19,317,42,40,47,168,47,41,03,076,37,5*7E
$GNGGA,115804.82,3724.55287,N,12159.39423,W,1,08,1.1,-1.5,M,-31.6,M,,*65
$GNRMC,115804.82,A,3724.55287,N,12159.39423,W,0.9,48.3,160726,,,A,U*14
$GNGLL,3724.55287,N,12159.39423,W,115804.82,A,A*68
$GNGNS,115804.82,3724.55287,N,12159.39423,W,A,08,1.1,-1.5,-31.6,,,U*77
$GNGSA,A,3,,,,,,,,,,,,,1.8,1.1,1.4,1*3D
$GNGSA,A,3,,,,,,,,,,,,,1.8,1.1,1.4,3*3F
$GNGSA,A,3,11,27,29,30,36,39,40,41,,,,,1.8,1.1,1.4,4*3B
$GPGSV,1,1,00,,,,,,,,,,,,,,,,,8*6D
$GAGSV,1,1,00,,,,,,,,,,,,,,,,,1*75
$GAGSV,1,1,00,,,,,,,,,,,,,,,,,2*76
$GAGSV,1,1,00,,,,,,,,,,,,,,,,,3*77
$GBGSV,3,1,12,11,51,253,47,26,36,050,,27,36,050,46,28,28,248,,5*7D
$GBGSV,3,2,12,29,28,248,46,30,76,300,47,35,63,283,,36,63,283,49,5*71
$GBGSV,3,3,12,38,19,317,,39,19,317,42,40,47,168,47,41,03,076,37,5*7E
$GNGGA,115805.82,3724.55281,N,12159.39413,W,1,08,1.1,-2.4,M,-31.6,M,,*63
$GNRMC,115805.82,A,3724.55281,N,12159.39413,W,0.9,48.1,160726,,,A,U*12
$GNGLL,3724.55281,N,12159.39413,W,115805.82,A,A*6C
$GNGNS,115805.82,3724.55281,N,12159.39413,W,A,08,1.1,-2.4,-31.6,,,U*71
$GNGSA,A,3,,,,,,,,,,,,,1.8,1.1,1.4,1*3D
$GNGSA,A,3,,,,,,,,,,,,,1.8,1.1,1.4,3*3F
$GNGSA,A,3,11,27,29,30,36,39,40,41,,,,,1.8,1.1,1.4,4*3B
$GPGSV,1,1,00,,,,,,,,,,,,,,,,,8*6D
$GAGSV,1,1,00,,,,,,,,,,,,,,,,,1*75
$GAGSV,1,1,00,,,,,,,,,,,,,,,,,2*76
$GAGSV,1,1,00,,,,,,,,,,,,,,,,,3*77
$GBGSV,3,1,12,11,51,253,46,26,36,050,,27,36,050,46,28,28,248,,5*7C
$GBGSV,3,2,12,29,28,248,46,30,76,300,47,35,63,283,,36,63,283,50,5*79
$GBGSV,3,3,12,38,19,317,,39,19,317,43,40,47,168,47,41,03,076,37,5*7F
$GNGGA,115806.82,3724.55275,N,12159.39402,W,1,08,1.1,-3.3,M,-31.6,M,,*6D
$GNRMC,115806.82,A,3724.55275,N,12159.39402,W,1.0,48.0,160726,,,A,U*13
$GNGLL,3724.55275,N,12159.39402,W,115806.82,A,A*64
$GNGNS,115806.82,3724.55275,N,12159.39402,W,A,08,1.1,-3.3,-31.6,,,U*7F
$GNGSA,A,3,,,,,,,,,,,,,1.8,1.1,1.4,1*3D
$GNGSA,A,3,,,,,,,,,,,,,1.8,1.1,1.4,3*3F
$GNGSA,A,3,11,27,29,30,36,39,40,41,,,,,1.8,1.1,1.4,4*3B
$GPGSV,1,1,00,,,,,,,,,,,,,,,,,8*6D
$GAGSV,1,1,00,,,,,,,,,,,,,,,,,1*75
$GAGSV,1,1,00,,,,,,,,,,,,,,,,,2*76
$GAGSV,1,1,00,,,,,,,,,,,,,,,,,3*77
$GBGSV,3,1,12,11,51,253,47,26,36,050,,27,36,050,46,28,28,248,,5*7D
$GBGSV,3,2,12,29,28,248,46,30,76,300,47,35,63,283,,36,63,283,50,5*79
$GBGSV,3,3,12,38,19,317,,39,19,317,43,40,47,168,47,41,03,076,37,5*7F
$GNGGA,115807.82,3724.55268,N,12159.39392,W,1,08,1.1,-4.1,M,-31.6,M,,*6B
$GNRMC,115807.82,A,3724.55268,N,12159.39392,W,1.0,47.9,160726,,,A,U*16
$GNGLL,3724.55268,N,12159.39392,W,115807.82,A,A*67
$GNGNS,115807.82,3724.55268,N,12159.39392,W,A,08,1.1,-4.1,-31.6,,,U*79
$GNGSA,A,3,,,,,,,,,,,,,1.8,1.1,1.4,1*3D
$GNGSA,A,3,,,,,,,,,,,,,1.8,1.1,1.4,3*3F
$GNGSA,A,3,11,27,29,30,36,39,40,41,,,,,1.8,1.1,1.4,4*3B
$GPGSV,1,1,00,,,,,,,,,,,,,,,,,8*6D
$GAGSV,1,1,00,,,,,,,,,,,,,,,,,1*75
$GAGSV,1,1,00,,,,,,,,,,,,,,,,,2*76
$GAGSV,1,1,00,,,,,,,,,,,,,,,,,3*77
$GBGSV,3,1,12,11,51,253,47,26,36,050,,27,36,050,46,28,28,248,,5*7D
$GBGSV,3,2,12,29,28,248,46,30,76,300,47,35,63,283,,36,63,283,50,5*79
$GBGSV,3,3,12,38,19,317,,39,19,317,43,40,47,168,47,41,03,076,37,5*7F
$GNGGA,115808.82,3724.55261,N,12159.39384,W,1,08,1.1,-5.0,M,-31.6,M,,*6A
$GNRMC,115808.82,A,3724.55261,N,12159.39384,W,1.1,47.7,160726,,,A,U*18
$GNGLL,3724.55261,N,12159.39384,W,115808.82,A,A*66
$GNGNS,115808.82,3724.55261,N,12159.39384,W,A,08,1.1,-5.0,-31.6,,,U*78
$GNGSA,A,3,,,,,,,,,,,,,1.8,1.1,1.4,1*3D
$GNGSA,A,3,,,,,,,,,,,,,1.8,1.1,1.4,3*3F
$GNGSA,A,3,11,27,29,30,36,39,40,41,,,,,1.8,1.1,1.4,4*3B
$GPGSV,1,1,00,,,,,,,,,,,,,,,,,8*6D
$GAGSV,1,1,00,,,,,,,,,,,,,,,,,1*75
$GAGSV,1,1,00,,,,,,,,,,,,,,,,,2*76
$GAGSV,1,1,00,,,,,,,,,,,,,,,,,3*77
$GBGSV,3,1,12,11,51,253,47,26,36,050,,27,36,050,46,28,28,248,,5*7D
$GBGSV,3,2,12,29,28,248,46,30,76,300,47,35,63,283,,36,63,283,50,5*79
$GBGSV,3,3,12,38,19,317,,39,19,317,43,40,47,168,47,41,03,075,37,5*7C
$GNGGA,115809.82,3724.55255,N,12159.39376,W,1,08,1.1,-5.8,M,-31.6,M,,*69
$GNRMC,115809.82,A,3724.55255,N,12159.39376,W,1.1,47.5,160726,,,A,U*11
$GNGLL,3724.55255,N,12159.39376,W,115809.82,A,A*6D
$GNGNS,115809.82,3724.55255,N,12159.39376,W,A,08,1.1,-5.8,-31.6,,,U*7B
$GNGSA,A,3,,,,,,,,,,,,,1.8,1.1,1.4,1*3D
$GNGSA,A,3,,,,,,,,,,,,,1.8,1.1,1.4,3*3F
$GNGSA,A,3,11,27,29,30,36,39,40,41,,,,,1.8,1.1,1.4,4*3B
$GPGSV,1,1,00,,,,,,,,,,,,,,,,,8*6D
$GAGSV,1,1,00,,,,,,,,,,,,,,,,,1*75
$GAGSV,1,1,00,,,,,,,,,,,,,,,,,2*76
$GAGSV,1,1,00,,,,,,,,,,,,,,,,,3*77
$GBGSV,3,1,12,11,51,253,47,26,36,050,,27,36,050,46,28,28,248,,5*7D
$GBGSV,3,2,12,29,28,248,46,30,76,300,47,35,63,283,,36,63,283,49,5*71
$GBGSV,3,3,12,38,19,317,,39,19,317,43,40,47,168,47,41,04,075,37,5*7B
$GNGGA,115810.82,3724.55244,N,12159.39370,W,1,08,1.1,-6.8,M,-31.6,M,,*64
$GNRMC,115810.82,A,3724.55244,N,12159.39370,W,1.2,47.4,160726,,,A,U*1D
$GNGLL,3724.55244,N,12159.39370,W,115810.82,A,A*63
$GNGNS,115810.82,3724.55244,N,12159.39370,W,A,08,1.1,-6.8,-31.6,,,U*76
$GNGSA,A,3,,,,,,,,,,,,,1.8,1.1,1.4,1*3D
$GNGSA,A,3,,,,,,,,,,,,,1.8,1.1,1.4,3*3F
$GNGSA,A,3,11,27,29,30,36,39,40,41,,,,,1.8,1.1,1.4,4*3B
$GPGSV,1,1,00,,,,,,,,,,,,,,,,,8*6D
$GAGSV,1,1,00,,,,,,,,,,,,,,,,,1*75
$GAGSV,1,1,00,,,,,,,,,,,,,,,,,2*76
$GAGSV,1,1,00,,,,,,,,,,,,,,,,,3*77
$GBGSV,3,1,12,11,51,253,47,26,36,050,,27,36,050,46,28,28,248,,5*7D
$GBGSV,3,2,12,29,28,248,46,30,76,300,47,35,63,283,,36,63,283,50,5*79
$GBGSV,3,3,12,38,19,317,,39,19,317,43,40,47,168,47,41,04,075,37,5*7B
$GNGGA,115811.82,3724.55235,N,12159.39362,W,1,08,1.1,-7.6,M,-31.6,M,,*6F
$GNRMC,115811.82,A,3724.55235,N,12159.39362,W,1.2,47.3,160726,,,A,U*1E
$GNGLL,3724.55235,N,12159.39362,W,115811.82,A,A*67
$GNGNS,115811.82,3724.55235,N,12159.39362,W,A,08,1.1,-7.6,-31.6,,,U*7D
$GNGSA,A,3,,,,,,,,,,,,,1.8,1.1,1.4,1*3D
$GNGSA,A,3,,,,,,,,,,,,,1.8,1.1,1.4,3*3F
$GNGSA,A,3,11,27,29,30,36,39,40,41,,,,,1.8,1.1,1.4,4*3B
$GPGSV,1,1,00,,,,,,,,,,,,,,,,,8*6D
$GAGSV,1,1,00,,,,,,,,,,,,,,,,,1*75
$GAGSV,1,1,00,,,,,,,,,,,,,,,,,2*76
$GAGSV,1,1,00,,,,,,,,,,,,,,,,,3*77
$GBGSV,3,1,12,11,51,253,47,26,36,050,,27,36,050,46,28,28,248,,5*7D
$GBGSV,3,2,12,29,28,248,46,30,76,300,47,35,63,283,,36,63,282,50,5*78
$GBGSV,3,3,12,38,19,317,,39,19,317,43,40,47,168,47,41,04,075,37,5*7B
$GNGGA,115812.82,3724.55230,N,12159.39354,W,1,08,1.1,-8.4,M,-31.6,M,,*61
$GNRMC,115812.82,A,3724.55230,N,12159.39354,W,1.3,47.3,160726,,,A,U*1C
$GNGLL,3724.55230,N,12159.39354,W,115812.82,A,A*64
$GNGNS,115812.82,3724.55230,N,12159.39354,W,A,08,1.1,-8.4,-31.6,,,U*73
$GNGSA,A,3,,,,,,,,,,,,,1.8,1.1,1.4,1*3D
$GNGSA,A,3,,,,,,,,,,,,,1.8,1.1,1.4,3*3F
$GNGSA,A,3,11,27,29,30,36,39,40,41,,,,,1.8,1.1,1.4,4*3B
$GPGSV,1,1,00,,,,,,,,,,,,,,,,,8*6D
$GAGSV,1,1,00,,,,,,,,,,,,,,,,,1*75
$GAGSV,1,1,00,,,,,,,,,,,,,,,,,2*76
$GAGSV,1,1,00,,,,,,,,,,,,,,,,,3*77
$GBGSV,3,1,12,11,51,253,47,26,36,050,,27,36,050,46,28,28,248,,5*7D
$GBGSV,3,2,12,29,28,248,46,30,76,300,47,35,63,283,,36,63,282,50,5*78
$GBGSV,3,3,12,38,19,317,,39,19,317,43,40,47,168,47,41,04,075,37,5*7B
$GNGGA,115813.82,3724.55223,N,12159.39349,W,1,08,1.1,-9.2,M,-31.6,M,,*69
$GNRMC,115813.82,A,3724.55223,N,12159.39349,W,1.3,47.4,160726,,,A,U*14
$GNGLL,3724.55223,N,12159.39349,W,115813.82,A,A*6B
$GNGNS,115813.82,3724.55223,N,12159.39349,W,A,08,1.1,-9.2,-31.6,,,U*7B
$GNGSA,A,3,,,,,,,,,,,,,1.8,1.1,1.4,1*3D
$GNGSA,A,3,,,,,,,,,,,,,1.8,1.1,1.4,3*3F
$GNGSA,A,3,11,27,29,30,36,39,40,41,,,,,1.8,1.1,1.4,4*3B
$GPGSV,1,1,00,,,,,,,,,,,,,,,,,8*6D
$GAGSV,1,1,00,,,,,,,,,,,,,,,,,1*75
$GAGSV,1,1,00,,,,,,,,,,,,,,,,,2*76
$GAGSV,1,1,00,,,,,,,,,,,,,,,,,3*77
$GBGSV,3,1,12,11,51,253,47,26,36,050,,27,36,050,46,28,28,248,,5*7D
$GBGSV,3,2,12,29,28,248,46,30,76,300,47,35,63,283,,36,63,282,50,5*78
$GBGSV,3,3,12,38,19,317,,39,19,317,43,40,47,168,47,41,04,075,37,5*7B
$GNGGA,115814.82,3724.55212,N,12159.39344,W,1,08,1.1,-9.9,M,-31.6,M,,*6A
$GNRMC,115814.82,A,3724.55212,N,12159.39344,W,1.3,47.4,160726,,,A,U*1C
$GNGLL,3724.55212,N,12159.39344,W,115814.82,A,A*63
$GNGNS,115814.82,3724.55212,N,12159.39344,W,A,08,1.1,-9.9,-31.6,,,U*78
$GNGSA,A,3,,,,,,,,,,,,,1.8,1.1,1.4,1*3D
$GNGSA,A,3,,,,,,,,,,,,,1.8,1.1,1.4,3*3F
$GNGSA,A,3,11,27,29,30,36,39,40,41,,,,,1.8,1.1,1.4,4*3B
$GPGSV,1,1,00,,,,,,,,,,,,,,,,,8*6D
$GAGSV,1,1,00,,,,,,,,,,,,,,,,,1*75
$GAGSV,1,1,00,,,,,,,,,,,,,,,,,2*76
$GAGSV,1,1,00,,,,,,,,,,,,,,,,,3*77
$GBGSV,3,1,12,11,51,253,47,26,36,050,,27,36,050,46,28,28,248,,5*7D
$GBGSV,3,2,12,29,28,248,46,30,76,300,47,35,63,283,,36,63,282,50,5*78
$GBGSV,3,3,12,38,19,317,,39,19,317,43,40,47,168,47,41,04,075,37,5*7B
$GNGGA,115815.82,3724.55207,N,12159.39339,W,1,08,1.1,-10.6,M,-31.6,M,,*52
$GNRMC,115815.82,A,3724.55207,N,12159.39339,W,1.4,47.3,160726,,,A,U*13
$GNGLL,3724.55207,N,12159.39339,W,115815.82,A,A*6C
$GNGNS,115815.82,3724.55207,N,12159.39339,W,A,08,1.1,-10.6,-31.6,,,U*40
$GNGSA,A,3,,,,,,,,,,,,,1.8,1.1,1.4,1*3D
$GNGSA,A,3,,,,,,,,,,,,,1.8,1.1,1.4,3*3F
$GNGSA,A,3,11,27,29,30,36,39,40,41,,,,,1.8,1.1,1.4,4*3B
$GPGSV,1,1,00,,,,,,,,,,,,,,,,,8*6D
$GAGSV,1,1,00,,,,,,,,,,,,,,,,,1*75
$GAGSV,1,1,00,,,,,,,,,,,,,,,,,2*76
$GAGSV,1,1,00,,,,,,,,,,,,,,,,,3*77
$GBGSV,3,1,12,11,51,253,47,26,36,050,,27,36,050,46,28,28,248,,5*7D
$GBGSV,3,2,12,29,28,248,46,30,76,300,47,35,63,283,,36,63,282,50,5*78
$GBGSV,3,3,12,38,19,317,,39,19,317,43,40,47,168,47,41,04,075,37,5*7B
$GNGGA,115816.82,3724.55200,N,12159.39334,W,1,08,1.1,-11.3,M,-31.6,M,,*5F
$GNRMC,115816.82,A,3724.55200,N,12159.39334,W,1.4,47.2,160726,,,A,U*1B
$GNGLL,3724.55200,N,12159.39334,W,115816.82,A,A*65
$GNGNS,115816.82,3724.55200,N,12159.39334,W,A,08,1.1,-11.3,-31.6,,,U*4D
$GNGSA,A,3,,,,,,,,,,,,,1.8,1.1,1.4,1*3D
$GNGSA,A,3,,,,,,,,,,,,,1.8,1.1,1.4,3*3F
$GNGSA,A,3,11,27,29,30,36,39,40,41,,,,,1.8,1.1,1.4,4*3B
$GPGSV,1,1,00,,,,,,,,,,,,,,,,,8*6D
$GAGSV,1,1,00,,,,,,,,,,,,,,,,,1*75
$GAGSV,1,1,00,,,,,,,,,,,,,,,,,2*76
$GAGSV,1,1,00,,,,,,,,,,,,,,,,,3*77
$GBGSV,3,1,12,11,51,253,47,26,36,050,,27,36,050,46,28,28,248,,5*7D
$GBGSV,3,2,12,29,28,248,46,30,76,300,47,35,63,282,,36,63,282,50,5*79
$GBGSV,3,3,12,38,19,317,,39,19,317,43,40,47,168,47,41,04,075,37,5*7B
$GNGGA,115817.82,3724.55194,N,12159.39331,W,1,08,1.1,-11.9,M,-31.6,M,,*5F
$GNRMC,115817.82,A,3724.55194,N,12159.39331,W,1.4,47.3,160726,,,A,U*10
$GNGLL,3724.55194,N,12159.39331,W,115817.82,A,A*6F
$GNGNS,115817.82,3724.55194,N,12159.39331,W,A,08,1.1,-11.9,-31.6,,,U*4D
$GNGSA,A,3,,,,,,,,,,,,,1.8,1.1,1.4,1*3D
$GNGSA,A,3,,,,,,,,,,,,,1.8,1.1,1.4,3*3F
$GNGSA,A,3,11,27,29,30,36,39,40,41,,,,,1.8,1.1,1.4,4*3B
$GPGSV,1,1,00,,,,,,,,,,,,,,,,,8*6D
$GAGSV,1,1,00,,,,,,,,,,,,,,,,,1*75
$GAGSV,1,1,00,,,,,,,,,,,,,,,,,2*76
$GAGSV,1,1,00,,,,,,,,,,,,,,,,,3*77
$GBGSV,3,1,12,11,51,253,47,26,36,050,,27,36,050,46,28,28,248,,5*7D
$GBGSV,3,2,12,29,28,248,46,30,76,300,47,35,63,282,,36,63,282,50,5*79
$GBGSV,3,3,12,38,19,317,,39,19,317,43,40,47,168,47,41,04,075,37,5*7B
$GNGGA,115818.82,3724.55189,N,12159.39324,W,1,08,1.1,-12.6,M,-31.6,M,,*54
$GNRMC,115818.82,A,3724.55189,N,12159.39324,W,1.4,47.4,160726,,,A,U*10
$GNGLL,3724.55189,N,12159.39324,W,115818.82,A,A*68
$GNGNS,115818.82,3724.55189,N,12159.39324,W,A,08,1.1,-12.6,-31.6,,,U*46
$GNGSA,A,3,,,,,,,,,,,,,1.8,1.1,1.4,1*3D
$GNGSA,A,3,,,,,,,,,,,,,1.8,1.1,1.4,3*3F
$GNGSA,A,3,11,27,29,30,36,39,40,41,,,,,1.8,1.1,1.4,4*3B
$GPGSV,1,1,00,,,,,,,,,,,,,,,,,8*6D
$GAGSV,1,1,00,,,,,,,,,,,,,,,,,1*75
$GAGSV,1,1,00,,,,,,,,,,,,,,,,,2*76
$GAGSV,1,1,00,,,,,,,,,,,,,,,,,3*77
$GBGSV,3,1,12,11,51,253,47,26,36,050,,27,36,050,46,28,28,248,,5*7D
$GBGSV,3,2,12,29,28,248,46,30,76,301,47,35,63,282,,36,63,282,50,5*78
$GBGSV,3,3,12,38,19,317,,39,19,317,43,40,47,168,47,41,04,075,37,5*7B
$GNGGA,115819.82,3724.55180,N,12159.39318,W,1,08,1.1,-13.2,M,-31.6,M,,*56
$GNRMC,115819.82,A,3724.55180,N,12159.39318,W,1.5,47.3,160726,,,A,U*11
$GNGLL,3724.55180,N,12159.39318,W,115819.82,A,A*6F
$GNGNS,115819.82,3724.55180,N,12159.39318,W,A,08,1.1,-13.2,-31.6,,,U*44
$GNGSA,A,3,,,,,,,,,,,,,1.8,1.1,1.4,1*3D
$GNGSA,A,3,,,,,,,,,,,,,1.8,1.1,1.4,3*3F
$GNGSA,A,3,11,27,29,30,36,39,40,41,,,,,1.8,1.1,1.4,4*3B
$GPGSV,1,1,00,,,,,,,,,,,,,,,,,8*6D
$GAGSV,1,1,00,,,,,,,,,,,,,,,,,1*75
$GAGSV,1,1,00,,,,,,,,,,,,,,,,,2*76
$GAGSV,1,1,00,,,,,,,,,,,,,,,,,3*77
$GBGSV,3,1,12,11,51,253,47,26,36,050,,27,36,050,46,28,28,248,,5*7D
$GBGSV,3,2,12,29,28,248,46,30,76,301,47,35,63,282,,36,63,282,50,5*78
$GBGSV,3,3,12,38,19,317,,39,19,317,43,40,47,168,47,41,04,075,37,5*7B
$GNGGA,115820.82,3724.55177,N,12159.39314,W,1,08,1.1,-13.7,M,-31.6,M,,*5D
$GNRMC,115820.82,A,3724.55177,N,12159.39314,W,1.5,47.3,160726,,,A,U*1F
$GNGLL,3724.55177,N,12159.39314,W,115820.82,A,A*61
$GNGNS,115820.82,3724.55177,N,12159.39314,W,A,08,1.1,-13.7,-31.6,,,U*4F
$GNGSA,A,3,,,,,,,,,,,,,1.8,1.1,1.4,1*3D
$GNGSA,A,3,,,,,,,,,,,,,1.8,1.1,1.4,3*3F
$GNGSA,A,3,11,27,29,30,36,39,40,41,,,,,1.8,1.1,1.4,4*3B
$GPGSV,1,1,00,,,,,,,,,,,,,,,,,8*6D
$GAGSV,1,1,00,,,,,,,,,,,,,,,,,1*75
$GAGSV,1,1,00,,,,,,,,,,,,,,,,,2*76
$GAGSV,1,1,00,,,,,,,,,,,,,,,,,3*77
$GBGSV,3,1,12,11,51,253,47,26,36,050,,27,36,050,46,28,28,248,,5*7D
$GBGSV,3,2,12,29,28,248,46,30,76,301,47,35,63,282,,36,63,282,49,5*70
$GBGSV,3,3,12,38,19,317,,39,19,317,43,40,47,168,47,41,04,075,37,5*7B
$GNGGA,115821.82,3724.55318,N,12159.39455,W,1,08,1.1,5.9,M,-31.6,M,,*41
$GNRMC,115821.82,A,3724.55318,N,12159.39455,W,0.0,47.3,160726,,,A,U*13
$GNGLL,3724.55318,N,12159.39455,W,115821.82,A,A*69
$GNGNS,115821.82,3724.55318,N,12159.39455,W,A,08,1.1,5.9,-31.6,,,U*53
$GNGSA,A,3,,,,,,,,,,,,,1.8,1.1,1.4,1*3D
$GNGSA,A,3,,,,,,,,,,,,,1.8,1.1,1.4,3*3F
$GNGSA,A,3,11,27,29,30,36,39,40,41,,,,,1.8,1.1,1.4,4*3B
$GPGSV,1,1,00,,,,,,,,,,,,,,,,,8*6D
$GAGSV,1,1,00,,,,,,,,,,,,,,,,,1*75
$GAGSV,1,1,00,,,,,,,,,,,,,,,,,2*76
$GAGSV,1,1,00,,,,,,,,,,,,,,,,,3*77
$GBGSV,3,1,12,11,51,253,47,26,36,050,,27,36,050,46,28,28,248,,5*7D
$GBGSV,3,2,12,29,28,248,46,30,76,301,47,35,63,282,,36,63,282,49,5*70
$GBGSV,3,3,12,38,19,317,,39,19,317,43,40,47,168,47,41,04,075,37,5*7B
$GNGGA,115822.82,3724.55295,N,12159.39462,W,1,08,1.1,5.5,M,-31.6,M,,*4E
$GNRMC,115822.82,A,3724.55295,N,12159.39462,W,0.0,47.3,160726,,,A,U*10
$GNGLL,3724.55295,N,12159.39462,W,115822.82,A,A*6A
$GNGNS,115822.82,3724.55295,N,12159.39462,W,A,08,1.1,5.5,-31.6,,,U*5C
$GNGSA,A,3,,,,,,,,,,,,,1.8,1.1,1.4,1*3D
$GNGSA,A,3,,,,,,,,,,,,,1.8,1.1,1.4,3*3F
$GNGSA,A,3,11,27,29,30,36,39,40,41,,,,,1.8,1.1,1.4,4*3B
$GPGSV,1,1,00,,,,,,,,,,,,,,,,,8*6D
$GAGSV,1,1,00,,,,,,,,,,,,,,,,,1*75
$GAGSV,1,1,00,,,,,,,,,,,,,,,,,2*76
$GAGSV,1,1,00,,,,,,,,,,,,,,,,,3*77
$GBGSV,3,1,12,11,51,253,47,26,36,050,,27,36,050,46,28,28,248,,5*7D
$GBGSV,3,2,12,29,28,248,46,30,76,301,47,35,63,282,,36,63,282,50,5*78
$GBGSV,3,3,12,38,19,317,,39,19,317,43,40,47,168,47,41,04,075,37,5*7B
$GNGGA,115823.82,3724.55279,N,12159.39457,W,1,08,1.1,5.0,M,-31.6,M,,*4E
$GNRMC,115823.82,A,3724.55279,N,12159.39457,W,0.1,47.3,160726,,,A,U*14
$GNGLL,3724.55279,N,12159.39457,W,115823.82,A,A*6F
$GNGNS,115823.82,3724.55279,N,12159.39457,W,A,08,1.1,5.0,-31.6,,,U*5C
$GNGSA,A,3,,,,,,,,,,,,,1.8,1.1,1.4,1*3D
$GNGSA,A,3,,,,,,,,,,,,,1.8,1.1,1.4,3*3F
$GNGSA,A,3,11,27,29,30,36,39,40,41,,,,,1.8,1.1,1.4,4*3B
$GPGSV,1,1,00,,,,,,,,,,,,,,,,,8*6D
$GAGSV,1,1,00,,,,,,,,,,,,,,,,,1*75
$GAGSV,1,1,00,,,,,,,,,,,,,,,,,2*76
$GAGSV,1,1,00,,,,,,,,,,,,,,,,,3*77
$GBGSV,3,1,12,11,51,253,47,26,36,050,,27,36,050,46,28,28,248,,5*7D
$GBGSV,3,2,12,29,28,248,46,30,76,301,47,35,63,282,,36,63,282,49,5*70
$GBGSV,3,3,12,38,19,317,,39,19,317,43,40,47,168,47,41,04,075,37,5*7B
$GNGGA,115824.82,3724.55330,N,12159.39477,W,1,08,1.1,5.4,M,-31.6,M,,*43
$GNRMC,115824.82,A,3724.55330,N,12159.39477,W,0.1,47.3,160726,,,A,U*1D
$GNGLL,3724.55330,N,12159.39477,W,115824.82,A,A*66
$GNGNS,115824.82,3724.55330,N,12159.39477,W,A,08,1.1,5.4,-31.6,,,U*51
$GNGSA,A,3,,,,,,,,,,,,,1.8,1.1,1.4,1*3D
$GNGSA,A,3,,,,,,,,,,,,,1.8,1.1,1.4,3*3F
$GNGSA,A,3,11,27,29,30,36,39,40,41,,,,,1.8,1.1,1.4,4*3B
$GPGSV,1,1,00,,,,,,,,,,,,,,,,,8*6D
$GAGSV,1,1,00,,,,,,,,,,,,,,,,,1*75
$GAGSV,1,1,00,,,,,,,,,,,,,,,,,2*76
$GAGSV,1,1,00,,,,,,,,,,,,,,,,,3*77
$GBGSV,3,1,12,11,51,253,47,26,36,050,,27,36,050,46,28,28,248,,5*7D
$GBGSV,3,2,12,29,28,248,46,30,76,301,47,35,63,282,,36,63,282,50,5*78
$GBGSV,3,3,12,38,19,317,,39,19,317,43,40,47,168,47,41,04,075,37,5*7B
$GNGGA,115825.82,3724.55329,N,12159.39474,W,1,08,1.1,5.4,M,-31.6,M,,*49
$GNRMC,115825.82,A,3724.55329,N,12159.39474,W,0.1,47.3,160726,,,A,U*17
$GNGLL,3724.55329,N,12159.39474,W,115825.82,A,A*6C
$GNGNS,115825.82,3724.55329,N,12159.39474,W,A,08,1.1,5.4,-31.6,,,U*5B
$GNGSA,A,3,,,,,,,,,,,,,1.8,1.1,1.4,1*3D
$GNGSA,A,3,,,,,,,,,,,,,1.8,1.1,1.4,3*3F
$GNGSA,A,3,11,27,29,30,36,39,40,41,,,,,1.8,1.1,1.4,4*3B
$GPGSV,1,1,00,,,,,,,,,,,,,,,,,8*6D
$GAGSV,1,1,00,,,,,,,,,,,,,,,,,1*75
$GAGSV,1,1,00,,,,,,,,,,,,,,,,,2*76
$GAGSV,1,1,00,,,,,,,,,,,,,,,,,3*77
$GBGSV,3,1,12,11,51,253,47,26,36,050,,27,36,050,46,28,28,248,,5*7D
$GBGSV,3,2,12,29,28,248,46,30,76,301,47,35,63,282,,36,63,282,50,5*78
$GBGSV,3,3,12,38,19,317,,39,19,317,43,40,47,168,47,41,04,075,37,5*7B
$GNGGA,115826.82,3724.55325,N,12159.39471,W,1,08,1.1,5.3,M,-31.6,M,,*44
$GNRMC,115826.82,A,3724.55325,N,12159.39471,W,0.1,47.3,160726,,,A,U*1D
$GNGLL,3724.55325,N,12159.39471,W,115826.82,A,A*66
$GNGNS,115826.82,3724.55325,N,12159.39471,W,A,08,1.1,5.3,-31.6,,,U*56
$GNGSA,A,3,,,,,,,,,,,,,1.8,1.1,1.4,1*3D
$GNGSA,A,3,,,,,,,,,,,,,1.8,1.1,1.4,3*3F
$GNGSA,A,3,11,27,29,30,36,39,40,41,,,,,1.8,1.1,1.4,4*3B
$GPGSV,1,1,00,,,,,,,,,,,,,,,,,8*6D
$GAGSV,1,1,00,,,,,,,,,,,,,,,,,1*75
$GAGSV,1,1,00,,,,,,,,,,,,,,,,,2*76
$GAGSV,1,1,00,,,,,,,,,,,,,,,,,3*77
$GBGSV,3,1,12,11,51,253,47,26,36,050,,27,36,050,46,28,28,248,,5*7D
$GBGSV,3,2,12,29,28,248,46,30,76,301,47,35,63,282,,36,64,282,50,5*7F
$GBGSV,3,3,12,38,19,317,,39,19,317,43,40,47,168,47,41,04,075,37,5*7B
$GNGGA,115827.82,3724.55322,N,12159.39466,W,1,08,1.1,5.2,M,-31.6,M,,*45
$GNRMC,115827.82,A,3724.55322,N,12159.39466,W,0.1,47.3,160726,,,A,U*1D
$GNGLL,3724.55322,N,12159.39466,W,115827.82,A,A*66
$GNGNS,115827.82,3724.55322,N,12159.39466,W,A,08,1.1,5.2,-31.6,,,U*57
$GNGSA,A,3,,,,,,,,,,,,,1.8,1.1,1.4,1*3D
$GNGSA,A,3,,,,,,,,,,,,,1.8,1.1,1.4,3*3F
$GNGSA,A,3,11,27,29,30,36,39,40,41,,,,,1.8,1.1,1.4,4*3B
$GPGSV,1,1,00,,,,,,,,,,,,,,,,,8*6D
$GAGSV,1,1,00,,,,,,,,,,,,,,,,,1*75
$GAGSV,1,1,00,,,,,,,,,,,,,,,,,2*76
$GAGSV,1,1,00,,,,,,,,,,,,,,,,,3*77
$GBGSV,3,1,12,11,51,253,47,26,36,050,,27,36,050,46,28,28,248,,5*7D
$GBGSV,3,2,12,29,28,248,46,30,76,301,47,35,63,282,,36,64,282,50,5*7F
$GBGSV,3,3,12,38,19,317,,39,19,317,43,40,47,168,47,41,04,075,37,5*7B
$GNGGA,115828.82,3724.55322,N,12159.39464,W,1,08,1.1,5.2,M,-31.6,M,,*48
$GNRMC,115828.82,A,3724.55322,N,12159.39464,W,0.1,47.3,160726,,,A,U*10
$GNGLL,3724.55322,N,12159.39464,W,115828.82,A,A*6B
$GNGNS,115828.82,3724.55322,N,12159.39464,W,A,08,1.1,5.2,-31.6,,,U*5A
$GNGSA,A,3,,,,,,,,,,,,,1.8,1.1,1.4,1*3D
$GNGSA,A,3,,,,,,,,,,,,,1.8,1.1,1.4,3*3F
$GNGSA,A,3,11,27,29,30,36,39,40,41,,,,,1.8,1.1,1.4,4*3B
$GPGSV,1,1,00,,,,,,,,,,,,,,,,,8*6D
$GAGSV,1,1,00,,,,,,,,,,,,,,,,,1*75
$GAGSV,1,1,00,,,,,,,,,,,,,,,,,2*76
$GAGSV,1,1,00,,,,,,,,,,,,,,,,,3*77
$GBGSV,3,1,12,11,51,253,47,26,36,050,,27,36,050,46,28,28,248,,5*7D
$GBGSV,3,2,12,29,28,248,46,30,76,301,47,35,63,282,,36,64,282,49,5*77
$GBGSV,3,3,12,38,19,317,,39,19,317,43,40,47,168,47,41,04,075,37,5*7B
$GNGGA,115829.82,3724.55319,N,12159.39459,W,1,08,1.1,5.0,M,-31.6,M,,*4D
$GNRMC,115829.82,A,3724.55319,N,12159.39459,W,0.1,47.3,160726,,,A,U*17
$GNGLL,3724.55319,N,12159.39459,W,115829.82,A,A*6C
$GNGNS,115829.82,3724.55319,N,12159.39459,W,A,08,1.1,5.0,-31.6,,,U*5F
$GNGSA,A,3,,,,,,,,,,,,,1.8,1.1,1.4,1*3D
$GNGSA,A,3,,,,,,,,,,,,,1.8,1.1,1.4,3*3F
$GNGSA,A,3,11,27,29,30,36,39,40,41,,,,,1.8,1.1,1.4,4*3B
$GPGSV,1,1,00,,,,,,,,,,,,,,,,,8*6D
$GAGSV,1,1,00,,,,,,,,,,,,,,,,,1*75
$GAGSV,1,1,00,,,,,,,,,,,,,,,,,2*76
$GAGSV,1,1,00,,,,,,,,,,,,,,,,,3*77
$GBGSV,3,1,12,11,51,253,47,26,36,050,,27,36,050,46,28,28,248,,5*7D
$GBGSV,3,2,12,29,28,248,46,30,76,301,47,35,63,282,,36,64,282,49,5*77
$GBGSV,3,3,12,38,19,317,,39,19,317,43,40,47,168,47,41,04,075,37,5*7B
$GNGGA,115830.82,3724.55313,N,12159.39452,W,1,08,1.1,4.7,M,-31.6,M,,*42
$GNRMC,115830.82,A,3724.55313,N,12159.39452,W,0.2,47.3,160726,,,A,U*1D
$GNGLL,3724.55313,N,12159.39452,W,115830.82,A,A*65
$GNGNS,115830.82,3724.55313,N,12159.39452,W,A,08,1.1,4.7,-31.6,,,U*50
$GNGSA,A,3,,,,,,,,,,,,,1.8,1.1,1.4,1*3D
$GNGSA,A,3,,,,,,,,,,,,,1.8,1.1,1.4,3*3F
$GNGSA,A,3,11,27,29,30,36,39,40,41,,,,,1.8,1.1,1.4,4*3B
$GPGSV,1,1,00,,,,,,,,,,,,,,,,,8*6D
$GAGSV,1,1,00,,,,,,,,,,,,,,,,,1*75
$GAGSV,1,1,00,,,,,,,,,,,,,,,,,2*76
$GAGSV,1,1,00,,,,,,,,,,,,,,,,,3*77
$GBGSV,3,1,12,11,51,253,47,26,36,050,,27,36,050,46,28,28,248,,5*7D
$GBGSV,3,2,12,29,28,248,46,30,76,301,47,35,63,282,,36,64,282,50,5*7F
$GBGSV,3,3,12,38,19,317,,39,19,317,43,40,47,168,47,41,04,075,37,5*7B
$GNGGA,115831.82,3724.55311,N,12159.39452,W,1,08,1.1,4.4,M,-31.6,M,,*42
$GNRMC,115831.82,A,3724.55311,N,12159.39452,W,0.2,53.7,160726,,,A,U*1F
$GNGLL,3724.55311,N,12159.39452,W,115831.82,A,A*66
$GNGNS,115831.82,3724.55311,N,12159.39452,W,A,08,1.1,4.4,-31.6,,,U*50
$GNGSA,A,3,,,,,,,,,,,,,1.8,1.1,1.4,1*3D
$GNGSA,A,3,,,,,,,,,,,,,1.8,1.1,1.4,3*3F
$GNGSA,A,3,11,27,29,30,36,39,40,41,,,,,1.8,1.1,1.4,4*3B
$GPGSV,1,1,00,,,,,,,,,,,,,,,,,8*6D
$GAGSV,1,1,00,,,,,,,,,,,,,,,,,1*75
$GAGSV,1,1,00,,,,,,,,,,,,,,,,,2*76
$GAGSV,1,1,00,,,,,,,,,,,,,,,,,3*77
$GBGSV,4,1,13,06,01,332,,11,51,253,47,26,36,050,,27,36,050,46,5*70
$GBGSV,4,2,13,28,28,248,,29,28,248,46,30,76,301,47,35,63,282,,5*7D
$GBGSV,4,3,13,36,64,282,49,38,19,317,,39,19,317,43,40,47,168,47,5*78
$GBGSV,4,4,13,41,04,075,37,,,,,,,,,,,,,5*47
$GNGGA,115832.82,3724.55304,N,12159.39450,W,1,08,1.1,3.9,M,-31.6,M,,*4D
$GNRMC,115832.82,A,3724.55304,N,12159.39450,W,0.3,51.9,160726,,,A,U*17
$GNGLL,3724.55304,N,12159.39450,W,115832.82,A,A*63
$GNGNS,115832.82,3724.55304,N,12159.39450,W,A,08,1.1,3.9,-31.6,,,U*5F
$GNGSA,A,3,,,,,,,,,,,,,1.8,1.1,1.4,1*3D
$GNGSA,A,3,,,,,,,,,,,,,1.8,1.1,1.4,3*3F
$GNGSA,A,3,11,27,29,30,36,39,40,41,,,,,1.8,1.1,1.4,4*3B
$GPGSV,1,1,00,,,,,,,,,,,,,,,,,8*6D
$GAGSV,1,1,00,,,,,,,,,,,,,,,,,1*75
$GAGSV,1,1,00,,,,,,,,,,,,,,,,,2*76
$GAGSV,1,1,00,,,,,,,,,,,,,,,,,3*77
$GBGSV,4,1,13,06,01,332,,11,51,253,47,26,36,050,,27,36,050,46,5*70
$GBGSV,4,2,13,28,28,248,,29,28,248,46,30,76,301,47,35,63,282,,5*7D
$GBGSV,4,3,13,36,64,282,50,38,19,317,,39,19,317,43,40,47,168,47,5*70
$GBGSV,4,4,13,41,04,075,38,,,,,,,,,,,,,5*48
$GNGGA,115833.82,3724.55296,N,12159.39448,W,1,08,1.1,3.5,M,-31.6,M,,*43
$GNRMC,115833.82,A,3724.55296,N,12159.39448,W,0.3,50.8,160726,,,A,U*15
$GNGLL,3724.55296,N,12159.39448,W,115833.82,A,A*61
$GNGNS,115833.82,3724.55296,N,12159.39448,W,A,08,1.1,3.5,-31.6,,,U*51
$GNGSA,A,3,,,,,,,,,,,,,1.8,1.1,1.4,1*3D
$GNGSA,A,3,,,,,,,,,,,,,1.8,1.1,1.4,3*3F
$GNGSA,A,3,11,27,29,30,36,39,40,41,,,,,1.8,1.1,1.4,4*3B
$GPGSV,1,1,00,,,,,,,,,,,,,,,,,8*6D
$GAGSV,1,1,00,,,,,,,,,,,,,,,,,1*75
$GAGSV,1,1,00,,,,,,,,,,,,,,,,,2*76
$GAGSV,1,1,00,,,,,,,,,,,,,,,,,3*77
$GBGSV,4,1,13,06,01,332,,11,51,253,47,26,36,050,,27,36,050,46,5*70
$GBGSV,4,2,13,28,28,248,,29,28,248,46,30,76,301,47,35,63,282,,5*7D
$GBGSV,4,3,13,36,64,282,50,38,19,317,,39,19,317,43,40,47,168,47,5*70
$GBGSV,4,4,13,41,04,075,38,,,,,,,,,,,,,5*48
$GNGGA,115834.82,3724.55293,N,12159.39446,W,1,08,1.1,3.0,M,-31.6,M,,*4A
$GNRMC,115834.82,A,3724.55293,N,12159.39446,W,0.4,50.0,160726,,,A,U*16
$GNGLL,3724.55293,N,12159.39446,W,115834.82,A,A*6D
$GNGNS,115834.82,3724.55293,N,12159.39446,W,A,08,1.1,3.0,-31.6,,,U*58
$GNGSA,A,3,,,,,,,,,,,,,1.8,1.1,1.4,1*3D
$GNGSA,A,3,,,,,,,,,,,,,1.8,1.1,1.4,3*3F
$GNGSA,A,3,11,27,29,30,36,39,40,41,,,,,1.8,1.1,1.4,4*3B
$GPGSV,1,1,00,,,,,,,,,,,,,,,,,8*6D
$GAGSV,1,1,00,,,,,,,,,,,,,,,,,1*75
$GAGSV,1,1,00,,,,,,,,,,,,,,,,,2*76
$GAGSV,1,1,00,,,,,,,,,,,,,,,,,3*77
$GBGSV,4,1,13,06,01,332,,11,51,253,46,26,36,050,,27,36,050,46,5*71
$GBGSV,4,2,13,28,28,248,,29,28,248,46,30,76,301,47,35,63,282,,5*7D
$GBGSV,4,3,13,36,64,282,50,38,19,317,,39,19,317,43,40,47,168,47,5*70
$GBGSV,4,4,13,41,04,075,38,,,,,,,,,,,,,5*48
$GNGGA,115835.82,3724.55290,N,12159.39444,W,1,08,1.1,2.6,M,-31.6,M,,*4D
$GNRMC,115835.82,A,3724.55290,N,12159.39444,W,0.4,49.4,160726,,,A,U*1A
$GNGLL,3724.55290,N,12159.39444,W,115835.82,A,A*6D
$GNGNS,115835.82,3724.55290,N,12159.39444,W,A,08,1.1,2.6,-31.6,,,U*5F
$GNGSA,A,3,,,,,,,,,,,,,1.8,1.1,1.4,1*3D
$GNGSA,A,3,,,,,,,,,,,,,1.8,1.1,1.4,3*3F
$GNGSA,A,3,11,27,29,30,36,39,40,41,,,,,1.8,1.1,1.4,4*3B
$GPGSV,1,1,00,,,,,,,,,,,,,,,,,8*6D
$GAGSV,1,1,00,,,,,,,,,,,,,,,,,1*75
$GAGSV,1,1,00,,,,,,,,,,,,,,,,,2*76
$GAGSV,1,1,00,,,,,,,,,,,,,,,,,3*77
$GBGSV,4,1,13,06,01,332,,11,51,253,47,26,36,050,,27,36,050,46,5*70
$GBGSV,4,2,13,28,28,248,,29,28,248,46,30,76,301,47,35,63,282,,5*7D
$GBGSV,4,3,13,36,64,282,50,38,19,317,,39,19,317,43,40,47,168,47,5*70
$GBGSV,4,4,13,41,04,075,38,,,,,,,,,,,,,5*48
$GNGGA,115836.82,3724.55286,N,12159.39440,W,1,08,1.1,2.0,M,-31.6,M,,*4B
$GNRMC,115836.82,A,3724.55286,N,12159.39440,W,0.5,48.9,160726,,,A,U*17
$GNGLL,3724.55286,N,12159.39440,W,115836.82,A,A*6D
$GNGNS,115836.82,3724.55286,N,12159.39440,W,A,08,1.1,2.0,-31.6,,,U*59
$GNGSA,A,3,,,,,,,,,,,,,1.8,1.1,1.4,1*3D
$GNGSA,A,3,,,,,,,,,,,,,1.8,1.1,1.4,3*3F
$GNGSA,A,3,11,27,29,30,36,39,40,41,,,,,1.8,1.1,1.4,4*3B
$GPGSV,1,1,00,,,,,,,,,,,,,,,,,8*6D
$GAGSV,1,1,00,,,,,,,,,,,,,,,,,1*75
$GAGSV,1,1,00,,,,,,,,,,,,,,,,,2*76
$GAGSV,1,1,00,,,,,,,,,,,,,,,,,3*77
$GBGSV,4,1,13,06,01,332,,11,51,253,47,26,36,050,,27,36,050,46,5*70
$GBGSV,4,2,13,28,28,248,,29,28,248,46,30,76,301,47,35,63,282,,5*7D
$GBGSV,4,3,13,36,64,282,50,38,19,317,,39,19,317,43,40,47,168,47,5*70
$GBGSV,4,4,13,41,04,075,38,,,,,,,,,,,,,5*48
$GNGGA,115837.82,3724.55278,N,12159.39436,W,1,08,1.1,1.4,M,-31.6,M,,*4D
$GNRMC,115837.82,A,3724.55278,N,12159.39436,W,0.5,48.6,160726,,,A,U*19
$GNGLL,3724.55278,N,12159.39436,W,115837.82,A,A*6C
$GNGNS,115837.82,3724.55278,N,12159.39436,W,A,08,1.1,1.4,-31.6,,,U*5F
$GNGSA,A,3,,,,,,,,,,,,,1.8,1.1,1.4,1*3D
$GNGSA,A,3,,,,,,,,,,,,,1.8,1.1,1.4,3*3F
$GNGSA,A,3,11,27,29,30,36,39,40,41,,,,,1.8,1.1,1.4,4*3B
$GPGSV,1,1,00,,,,,,,,,,,,,,,,,8*6D
$GAGSV,1,1,00,,,,,,,,,,,,,,,,,1*75
$GAGSV,1,1,00,,,,,,,,,,,,,,,,,2*76
$GAGSV,1,1,00,,,,,,,,,,,,,,,,,3*77
$GBGSV,4,1,13,06,01,332,,11,51,253,47,26,36,050,,27,36,050,46,5*70
$GBGSV,4,2,13,28,28,248,,29,28,248,46,30,76,301,47,35,63,282,,5*7D
$GBGSV,4,3,13,36,64,282,49,38,19,317,,39,19,317,43,40,47,168,47,5*78
$GBGSV,4,4,13,41,04,075,38,,,,,,,,,,,,,5*48
$GNGGA,115838.82,3724.55271,N,12159.39433,W,1,08,1.1,0.9,M,-31.6,M,,*42
$GNRMC,115838.82,A,3724.55271,N,12159.39433,W,0.6,48.4,160726,,,A,U*1B
$GNGLL,3724.55271,N,12159.39433,W,115838.82,A,A*6F
$GNGNS,115838.82,3724.55271,N,12159.39433,W,A,08,1.1,0.9,-31.6,,,U*50
$GNGSA,A,3,,,,,,,,,,,,,1.8,1.1,1.4,1*3D
$GNGSA,A,3,,,,,,,,,,,,,1.8,1.1,1.4,3*3F
$GNGSA,A,3,11,27,29,30,36,39,40,41,,,,,1.8,1.1,1.4,4*3B
$GPGSV,1,1,00,,,,,,,,,,,,,,,,,8*6D
$GAGSV,1,1,00,,,,,,,,,,,,,,,,,1*75
$GAGSV,1,1,00,,,,,,,,,,,,,,,,,2*76
$GAGSV,1,1,00,,,,,,,,,,,,,,,,,3*77
$GBGSV,4,1,13,06,01,332,,11,51,253,47,26,36,050,,27,36,050,46,5*70
$GBGSV,4,2,13,28,28,248,,29,28,248,46,30,76,301,47,35,63,282,,5*7D
$GBGSV,4,3,13,36,64,282,49,38,19,317,,39,19,317,43,40,47,168,47,5*78
$GBGSV,4,4,13,41,04,075,38,,,,,,,,,,,,,5*48
$GNGGA,115839.82,3724.55263,N,12159.39431,W,1,08,1.1,0.3,M,-31.6,M,,*48
$GNRMC,115839.82,A,3724.55263,N,12159.39431,W,0.6,48.2,160726,,,A,U*1D
$GNGLL,3724.55263,N,12159.39431,W,115839.82,A,A*6F
$GNGNS,115839.82,3724.55263,N,12159.39431,W,A,08,1.1,0.3,-31.6,,,U*5A
$GNGSA,A,3,,,,,,,,,,,,,1.8,1.1,1.4,1*3D
$GNGSA,A,3,,,,,,,,,,,,,1.8,1.1,1.4,3*3F
$GNGSA,A,3,11,27,29,30,36,39,40,41,,,,,1.8,1.1,1.4,4*3B
$GPGSV,1,1,00,,,,,,,,,,,,,,,,,8*6D
$GAGSV,1,1,00,,,,,,,,,,,,,,,,,1*75
$GAGSV,1,1,00,,,,,,,,,,,,,,,,,2*76
$GAGSV,1,1,00,,,,,,,,,,,,,,,,,3*77
$GBGSV,4,1,13,06,01,332,,11,51,253,46,26,36,050,,27,36,050,46,5*71
$GBGSV,4,2,13,28,28,248,,29,28,248,46,30,76,301,47,35,63,282,,5*7D
$GBGSV,4,3,13,36,64,282,49,38,19,317,,39,19,317,43,40,47,168,47,5*78
$GBGSV,4,4,13,41,04,075,38,,,,,,,,,,,,,5*48
$GNGGA,115840.82,3724.55256,N,12159.39427,W,1,08,1.1,-0.2,M,-31.6,M,,*6B
$GNRMC,115840.82,A,3724.55256,N,12159.39427,W,0.6,47.9,160726,,,A,U*16
$GNGLL,3724.55256,N,12159.39427,W,115840.82,A,A*60
$GNGNS,115840.82,3724.55256,N,12159.39427,W,A,08,1.1,-0.2,-31.6,,,U*79
$GNGSA,A,3,,,,,,,,,,,,,1.8,1.1,1.4,1*3D
$GNGSA,A,3,,,,,,,,,,,,,1.8,1.1,1.4,3*3F
$GNGSA,A,3,11,27,29,30,36,39,40,41,,,,,1.8,1.1,1.4,4*3B
$GPGSV,1,1,00,,,,,,,,,,,,,,,,,8*6D
$GAGSV,1,1,00,,,,,,,,,,,,,,,,,1*75
$GAGSV,1,1,00,,,,,,,,,,,,,,,,,2*76
$GAGSV,1,1,00,,,,,,,,,,,,,,,,,3*77
$GBGSV,4,1,13,06,01,332,,11,51,253,47,26,36,050,,27,36,050,46,5*70
$GBGSV,4,2,13,28,28,248,,29,28,248,46,30,76,301,47,35,64,282,,5*7A
$GBGSV,4,3,13,36,64,282,49,38,19,317,,39,19,317,43,40,47,168,47,5*78
$GBGSV,4,4,13,41,04,075,39,,,,,,,,,,,,,5*49
$GNGGA,115841.82,3724.55248,N,12159.39427,W,1,08,1.1,-0.8,M,-31.6,M,,*6F
$GNRMC,115841.82,A,3724.55248,N,12159.39427,W,0.7,47.6,160726,,,A,U*16
$GNGLL,3724.55248,N,12159.39427,W,115841.82,A,A*6E
$GNGNS,115841.82,3724.55248,N,12159.39427,W,A,08,1.1,-0.8,-31.6,,,U*7D
$GNGSA,A,3,,,,,,,,,,,,,1.8,1.1,1.4,1*3D
$GNGSA,A,3,,,,,,,,,,,,,1.8,1.1,1.4,3*3F
$GNGSA,A,3,11,27,29,30,36,39,40,41,,,,,1.8,1.1,1.4,4*3B
$GPGSV,1,1,00,,,,,,,,,,,,,,,,,8*6D
$GAGSV,1,1,00,,,,,,,,,,,,,,,,,1*75
$GAGSV,1,1,00,,,,,,,,,,,,,,,,,2*76
$GAGSV,1,1,00,,,,,,,,,,,,,,,,,3*77
$GBGSV,4,1,13,06,01,332,,11,51,253,47,26,36,050,,27,36,050,46,5*70
$GBGSV,4,2,13,28,28,248,,29,28,248,46,30,76,301,47,35,64,282,,5*7A
$GBGSV,4,3,13,36,64,282,49,38,19,317,,39,19,317,43,40,47,168,47,5*78
$GBGSV,4,4,13,41,04,075,38,,,,,,,,,,,,,5*48
$GNGGA,115842.82,3724.55243,N,12159.39425,W,1,08,1.1,-1.3,M,-31.6,M,,*6F
$GNRMC,115842.82,A,3724.55243,N,12159.39425,W,0.7,47.5,160726,,,A,U*1F
$GNGLL,3724.55243,N,12159.39425,W,115842.82,A,A*64
$GNGNS,115842.82,3724.55243,N,12159.39425,W,A,08,1.1,-1.3,-31.6,,,U*7D
$GNGSA,A,3,,,,,,,,,,,,,1.8,1.1,1.4,1*3D
$GNGSA,A,3,,,,,,,,,,,,,1.8,1.1,1.4,3*3F
$GNGSA,A,3,11,27,29,30,36,39,40,41,,,,,1.8,1.1,1.4,4*3B
$GPGSV,1,1,00,,,,,,,,,,,,,,,,,8*6D
$GAGSV,1,1,00,,,,,,,,,,,,,,,,,1*75
$GAGSV,1,1,00,,,,,,,,,,,,,,,,,2*76
$GAGSV,1,1,00,,,,,,,,,,,,,,,,,3*77
$GBGSV,4,1,13,06,01,332,,11,51,253,47,26,36,050,,27,36,050,46,5*70
$GBGSV,4,2,13,28,28,248,,29,28,248,46,30,76,301,47,35,64,282,,5*7A
$GBGSV,4,3,13,36,64,282,49,38,19,317,,39,19,317,43,40,47,168,47,5*78
$GBGSV,4,4,13,41,04,075,39,,,,,,,,,,,,,5*49
$GNGGA,115843.82,3724.55242,N,12159.39426,W,1,08,1.1,-1.9,M,-31.6,M,,*66
$GNRMC,115843.82,A,3724.55242,N,12159.39426,W,0.7,47.4,160726,,,A,U*1D
$GNGLL,3724.55242,N,12159.39426,W,115843.82,A,A*67
$GNGNS,115843.82,3724.55242,N,12159.39426,W,A,08,1.1,-1.9,-31.6,,,U*74
$GNGSA,A,3,,,,,,,,,,,,,1.8,1.1,1.4,1*3D
$GNGSA,A,3,,,,,,,,,,,,,1.8,1.1,1.4,3*3F
$GNGSA,A,3,11,27,29,30,36,39,40,41,,,,,1.8,1.1,1.4,4*3B
$GPGSV,1,1,00,,,,,,,,,,,,,,,,,8*6D
$GAGSV,1,1,00,,,,,,,,,,,,,,,,,1*75
$GAGSV,1,1,00,,,,,,,,,,,,,,,,,2*76
$GAGSV,1,1,00,,,,,,,,,,,,,,,,,3*77
$GBGSV,4,1,13,06,01,332,,11,51,253,47,26,36,050,,27,36,050,46,5*70
$GBGSV,4,2,13,28,28,248,,29,29,248,46,30,76,301,47,35,64,282,,5*7B
$GBGSV,4,3,13,36,64,282,49,38,19,317,,39,19,317,43,40,47,168,47,5*78
$GBGSV,4,4,13,41,04,075,39,,,,,,,,,,,,,5*49
